VERTICES 2805
59.190 -20.986 2.943
64.255 34.660 11.358
33.929 -13.518 2.525
36.164 -24.397 -15.902
-9.913 24.514 6.602
45.514 15.147 -2.970
-46.534 7.318 -8.815
-38.602 46.342 -14.061
-39.525 53.914 18.668
82.841 0.355 -4.063
67.698 -49.619 15.622
-51.936 -28.529 22.897
-41.879 32.687 -13.433
-75.268 36.452 -8.914
-55.430 24.480 -5.105
-78.059 56.406 -4.532
46.355 -35.776 -30.717
-3.884 3.827 15.608
-23.023 -22.918 13.618
-11.171 43.803 7.598
23.377 -38.988 11.453
46.179 -50.386 16.227
-1.364 -49.660 8.822
-5.059 -42.577 23.945
-35.549 -33.171 -30.507
-26.690 -16.629 -0.829
-30.156 -13.178 7.171
-27.965 42.782 -7.918
-24.974 -35.150 -31.338
84.838 -3.733 2.609
78.168 22.582 1.945
-35.647 26.427 3.601
-27.673 -40.643 -35.033
-33.470 -48.641 -20.026
37.346 -44.633 -25.739
-51.438 22.838 11.467
-34.776 58.485 -6.390
-42.150 58.364 -7.023
35.467 -40.565 30.815
36.975 -25.304 -10.658
-62.600 -40.369 6.659
-38.171 -22.337 16.230
82.232 23.650 0.392
94.370 23.796 2.565
83.271 10.648 9.558
-10.748 35.668 -4.077
85.277 -18.520 -19.358
53.260 -24.875 16.616
78.207 26.213 8.726
72.725 8.569 10.830
-4.016 3.845 1.165
-45.172 -51.008 -16.817
34.782 -48.287 -25.362
24.839 -44.758 -19.278
-17.338 48.568 19.976
-17.692 64.509 15.635
2.303 -38.633 -21.263
81.545 -41.884 -7.148
-65.110 54.978 0.279
1.903 -51.667 -26.570
35.019 21.507 26.004
38.174 16.365 23.785
-52.540 -49.680 11.534
-60.769 -50.713 13.044
-64.313 -42.001 -3.721
1.341 43.090 0.897
33.308 -8.567 9.998
-0.961 -55.567 -18.805
-9.497 -51.922 -12.153
-2.764 -50.190 -13.464
56.611 31.901 3.879
64.762 9.736 -0.442
78.055 2.035 10.154
50.375 -41.562 -22.965
73.894 19.985 9.974
-4.810 49.654 4.432
53.916 -10.185 -20.322
-32.587 -1.379 -10.673
-14.405 63.040 10.392
2.483 65.857 18.220
-49.047 -41.832 -31.681
-7.600 -21.220 26.260
-75.955 30.791 -24.319
-5.250 -49.990 14.089
-2.946 -37.023 -23.631
60.786 0.378 23.304
60.107 8.318 24.164
40.946 42.370 12.400
52.647 40.557 14.203
61.095 -53.919 11.216
69.577 -31.105 -9.050
41.576 -37.151 -29.778
52.663 -37.927 27.531
34.772 -45.476 -20.584
-71.139 52.507 -12.181
-15.805 65.333 -2.511
-10.689 55.368 -3.036
-48.612 -43.260 -20.713
40.035 4.278 11.282
-16.323 -53.209 32.001
-23.739 59.515 25.876
-54.026 30.718 9.539
-13.942 36.004 23.814
-10.691 31.330 32.133
-39.828 39.963 9.177
-76.143 33.589 -4.495
23.440 -32.128 11.825
-4.069 -52.680 -5.846
41.557 -21.040 -18.781
-39.153 17.201 13.261
-27.080 -37.816 -32.758
-22.881 -53.509 -6.481
-56.044 -52.048 0.090
55.514 -27.992 0.794
-53.274 56.541 3.097
-17.266 54.622 26.635
-10.585 -55.341 -5.118
1.395 -22.179 -10.984
83.435 -8.739 2.860
1.114 -16.847 -11.222
-18.283 55.955 10.000
3.490 54.193 4.569
-36.549 -55.249 -10.154
-42.227 -32.434 -22.930
73.167 -23.631 -24.300
-49.673 57.767 -4.267
-52.699 58.898 1.036
-15.965 -55.594 21.508
49.043 -33.076 -16.502
29.124 -15.174 8.700
66.624 -55.233 -19.166
45.084 -23.765 -32.201
53.174 -19.620 -32.547
48.897 -14.355 -33.106
-50.730 32.384 -15.045
91.735 22.634 0.735
-26.085 69.875 12.508
-59.227 -46.235 9.608
-64.066 -49.997 12.128
18.773 -51.288 -19.342
-49.450 -37.849 15.532
-66.881 60.553 -3.002
-42.195 -18.216 15.196
-3.131 -30.881 22.877
-23.222 -55.534 -11.693
-32.231 14.954 18.479
-28.997 -45.586 -19.836
-28.247 -43.487 -21.743
-30.021 -45.019 -21.948
-35.353 42.043 -2.012
-35.144 49.084 -11.120
74.601 -37.494 -5.574
58.070 -34.160 -0.597
-44.745 56.905 -9.927
47.233 -48.336 39.341
-6.353 -39.286 -21.305
-16.725 52.681 25.144
78.209 3.955 -3.075
-16.196 -55.589 13.360
13.839 -9.390 23.540
22.429 6.409 23.948
-39.071 50.061 19.920
-5.936 40.305 -2.197
-20.915 -18.166 0.878
-11.683 -11.931 -0.625
-19.541 63.022 -0.805
55.549 -13.331 -28.143
56.160 -22.829 -29.681
-13.534 64.796 -1.153
-64.985 -48.933 16.653
77.922 6.737 11.888
92.989 26.317 5.968
-14.326 52.885 4.497
70.894 -45.877 -28.542
-35.509 -47.783 -39.653
-66.820 -29.950 -4.660
-64.217 -35.002 -12.137
-66.884 -30.294 -0.322
-38.647 -54.685 4.010
97.750 31.411 -1.874
19.175 -51.134 -29.090
18.499 -48.714 -20.951
-16.583 50.923 30.915
51.790 -7.825 25.263
-41.593 17.425 8.249
-38.220 21.962 9.039
-71.335 46.098 0.891
-29.912 -5.766 -5.562
-61.032 50.795 -20.463
-45.454 44.773 -16.174
67.894 -7.450 3.698
-36.895 -50.341 -18.940
-46.446 -15.442 15.405
-33.747 -34.347 -35.232
-67.125 35.212 -13.395
-70.284 33.767 -21.651
-76.128 21.399 -0.255
2.783 14.552 18.250
-20.452 -25.232 -15.867
-69.167 61.275 -5.854
-42.257 -25.244 -22.980
-61.791 -50.456 23.965
-63.780 -45.370 25.827
-20.685 24.782 -7.652
-39.264 -31.739 -25.483
-49.441 -34.304 -24.035
-25.869 37.332 26.994
-38.281 39.468 19.562
-10.406 -22.460 22.585
70.166 -9.434 0.123
-31.341 29.105 -5.530
76.484 22.960 4.371
50.442 -45.726 31.666
38.659 -43.157 -17.337
73.721 15.795 7.876
74.891 16.366 5.463
37.762 -52.664 -15.861
-63.484 -21.905 -13.231
21.688 37.409 14.980
-26.973 -53.025 5.333
-44.973 28.416 -11.223
27.304 -26.108 20.049
-70.709 59.279 -6.178
95.723 18.062 3.478
-30.851 -13.337 -7.742
24.884 18.566 -3.795
-57.413 28.932 -18.846
27.137 -49.284 -10.880
-57.675 -42.675 26.586
-6.581 20.076 15.540
53.048 -13.660 -18.128
43.485 -24.101 -15.072
45.137 -19.962 -17.065
67.278 21.186 7.324
-39.961 28.943 -4.598
-74.946 35.972 -17.741
71.903 -54.998 -14.464
36.333 -27.300 -4.930
-22.844 -46.544 -24.868
52.205 -46.288 23.723
-75.742 27.606 -24.032
44.582 -21.846 -17.068
43.828 -22.941 -16.428
79.123 -46.674 -6.690
79.967 -43.958 -3.764
-70.760 31.776 -6.042
81.639 7.849 3.675
-40.602 38.937 12.636
-10.615 -41.222 30.573
-44.849 52.027 17.362
-35.478 49.895 22.907
20.021 -45.646 -13.079
-2.726 63.462 20.931
16.881 -52.547 -25.885
80.809 -26.019 -4.293
-62.309 -14.926 -12.532
50.524 -30.190 -16.420
45.363 -7.843 -19.974
-27.844 55.461 20.643
-68.336 24.355 -26.313
-63.769 53.673 -18.646
48.401 -20.525 -2.026
-15.518 4.315 8.902
-13.277 -36.492 22.767
-65.608 34.018 -0.898
-62.977 30.607 0.429
-69.009 59.470 -9.660
-19.700 75.368 12.513
-50.151 -37.822 -21.810
81.602 28.743 6.354
-55.113 51.626 2.159
44.890 -1.718 -11.703
44.138 4.067 -11.701
70.089 -10.907 -1.445
26.016 -23.235 6.297
79.343 -31.216 -26.900
-36.537 -55.255 9.622
-43.573 -48.652 -39.433
-29.971 -45.861 -35.480
-13.097 38.725 -4.221
-12.342 40.038 -4.226
44.183 -17.743 -19.056
88.421 20.356 9.957
83.510 15.791 12.557
-18.875 65.306 10.393
17.338 -45.354 -18.738
41.730 -41.267 35.889
26.672 -40.418 -3.125
-6.879 42.523 -0.587
-16.639 49.239 -5.284
-35.207 25.005 16.126
31.482 -44.496 20.470
20.958 -48.788 -12.766
49.803 -34.896 -29.041
33.116 -31.035 24.913
-17.915 -16.984 2.351
73.000 -18.897 -20.161
69.298 -24.611 -20.475
30.758 39.341 10.414
53.489 -46.087 25.000
31.412 -46.707 -7.658
-56.343 31.124 5.211
-46.744 42.347 -12.137
-44.110 43.771 3.645
-21.550 -21.496 -12.821
-21.709 -41.801 26.569
60.640 -15.070 8.958
-49.965 -54.318 -8.347
59.269 32.047 8.253
-57.152 -24.150 14.647
-67.543 -51.536 27.695
-48.645 -51.508 -33.051
2.927 -46.775 2.059
53.016 30.909 22.349
-59.582 47.987 -11.379
-81.352 26.253 -2.674
-79.259 23.387 -1.710
74.678 -54.966 -3.298
88.480 14.038 3.884
-25.545 39.530 -7.774
40.647 -25.485 -24.513
-57.537 47.395 9.261
50.341 -0.560 -16.079
25.278 -33.890 -4.553
-58.595 31.797 -12.363
52.244 -22.898 20.555
-28.392 55.728 -6.645
-23.746 -36.801 20.266
-20.497 -31.506 20.790
41.035 -47.748 35.601
95.232 12.870 2.869
-17.266 28.783 -2.974
-20.656 26.229 -5.203
-25.708 26.591 -4.850
68.471 19.958 13.979
47.518 -38.922 -20.106
43.312 -46.378 -24.042
50.817 -33.996 -23.798
44.376 -44.067 -19.903
-41.836 -38.365 -43.115
-44.718 -39.659 -43.450
-71.191 35.971 -16.511
62.528 -39.180 14.554
20.395 -46.196 -21.705
-49.730 33.830 10.887
-28.830 47.796 26.702
-4.957 -44.047 -23.208
82.280 5.926 4.362
-14.923 47.552 -2.879
-16.917 47.296 -4.286
-5.383 29.605 15.943
-7.921 33.109 12.015
19.967 5.699 -3.358
-66.867 57.666 -13.298
51.906 -20.014 -20.200
-10.965 2.413 7.192
48.495 -48.733 33.271
-38.697 -54.846 -12.697
-16.769 55.632 -2.556
24.501 -45.624 -7.728
97.945 30.124 1.079
-78.744 55.509 -1.491
-0.442 69.236 19.041
-52.523 51.182 10.671
-64.344 -45.069 27.551
-39.747 42.958 5.269
-74.086 59.216 -9.631
-51.549 22.657 10.438
-65.505 25.239 4.100
-57.481 23.956 4.893
-24.382 71.592 14.014
36.715 12.514 2.833
33.443 8.734 11.201
91.427 13.071 5.101
-17.888 61.963 -3.435
29.324 7.665 18.529
-12.245 28.532 -3.412
10.375 30.011 10.569
10.692 34.707 13.561
-30.852 -48.684 -36.567
-4.433 -33.136 -17.935
28.249 -38.631 27.152
74.901 -48.493 6.231
71.510 -43.761 4.354
-18.820 50.401 21.567
-14.902 41.882 21.829
74.512 22.120 9.982
77.120 23.255 9.693
76.874 24.567 6.590
-7.942 30.915 -1.437
-14.208 -11.811 9.812
-72.622 50.991 2.712
-67.987 40.911 0.186
5.613 -41.245 9.490
52.793 -40.408 29.158
-34.286 -13.731 -14.427
-27.953 -20.154 6.931
-20.990 51.908 -4.443
-14.725 -51.840 -16.070
25.761 -49.165 -7.030
13.466 38.203 14.158
-40.366 38.549 0.867
46.304 -15.695 -30.115
-59.240 -41.298 18.760
-13.815 9.729 12.319
-60.696 36.269 -16.406
-44.452 36.572 5.292
-47.828 -46.890 18.324
-43.607 22.727 14.452
42.734 -14.003 -21.017
-38.393 37.716 -7.568
22.912 -50.067 -8.966
47.665 -7.683 -27.159
95.664 16.881 3.284
-55.661 53.009 -8.421
-52.877 32.060 -13.377
-8.869 46.142 15.425
-6.599 42.317 17.176
-33.204 40.805 20.434
34.679 -42.618 31.887
67.264 -39.425 -2.897
4.683 -41.332 -16.039
-24.478 -55.333 19.247
46.905 -44.129 21.279
-57.287 46.460 -2.136
-25.841 54.623 26.162
-30.772 52.083 23.925
-23.422 54.750 28.503
-18.983 -27.390 -19.655
76.206 -42.744 0.601
48.449 -24.777 26.238
40.856 -52.287 40.076
-63.118 -43.408 16.114
100.000 19.768 1.541
47.530 4.337 -16.106
74.546 -52.522 -6.126
56.049 -55.318 -21.540
-8.900 -49.087 26.642
74.183 21.997 5.914
-18.588 31.416 26.769
55.885 -26.720 4.266
52.987 -23.212 1.890
-64.940 -15.683 -5.251
-70.092 -49.630 18.820
78.980 9.433 1.850
-48.224 -38.328 19.502
-50.516 -40.218 15.479
63.199 -1.159 -0.799
-9.465 -4.949 4.859
-25.143 -12.738 2.997
-14.665 14.010 15.214
-29.399 -40.379 27.110
40.785 -53.728 39.528
-41.795 28.188 8.207
-44.991 28.226 10.192
-24.313 66.668 8.121
8.358 24.167 2.729
4.132 22.640 8.420
41.155 -34.782 25.676
-25.835 -52.420 30.573
-55.588 -45.551 -16.197
-59.328 -41.466 -15.335
38.807 39.466 16.313
-83.379 29.300 -7.209
-23.434 57.704 1.780
-33.924 59.305 -0.721
63.535 -11.673 8.830
0.233 33.299 0.874
-5.740 38.280 -0.463
9.438 73.415 22.979
-12.130 -8.608 9.905
61.065 -34.692 -4.608
-60.644 -36.759 -15.716
-48.411 35.844 -4.529
57.863 38.423 10.625
-32.700 25.757 -11.668
34.764 42.297 14.283
-47.293 50.322 -11.042
-20.491 66.878 11.080
43.421 -47.743 -21.577
-39.503 34.793 19.033
-34.470 -12.207 11.926
26.827 11.558 24.131
-12.779 65.610 12.782
-13.381 36.889 28.212
23.776 -2.803 11.855
33.117 44.263 12.819
34.187 42.568 12.978
-43.722 -36.494 -42.598
-6.508 10.137 9.787
-2.791 -21.796 -14.048
-23.451 -6.556 6.120
-35.060 33.215 -11.542
-10.556 59.634 14.910
-13.183 58.145 14.202
-43.585 15.129 0.606
-39.416 18.793 0.962
-44.422 53.645 -9.946
-54.996 48.587 4.535
39.190 30.517 26.028
45.974 -53.862 -30.366
-28.587 -32.691 -33.157
46.172 -35.134 -15.244
-51.666 52.311 14.916
48.277 7.361 -13.780
50.084 -34.076 -20.221
-55.282 25.738 -19.154
-61.136 53.848 -18.480
-57.648 51.682 -20.400
24.337 0.533 18.069
52.310 -55.559 -17.188
27.735 15.959 25.476
-55.230 -25.312 19.528
-36.807 26.482 19.740
-21.454 -4.152 7.945
82.151 -42.093 -22.808
76.154 -48.041 -24.716
-56.069 -2.155 -10.719
-64.927 34.112 -18.706
-4.705 -54.314 0.305
-42.952 23.729 13.788
-64.975 29.581 2.317
-55.602 46.342 -5.848
53.073 -21.966 -22.294
45.475 -12.071 -17.773
72.855 16.117 11.705
51.704 -8.181 -25.122
20.792 41.419 13.128
71.558 -5.093 0.135
52.852 -28.086 -21.926
51.567 -28.345 -20.648
-54.479 50.529 -14.325
-48.857 50.826 -14.279
20.373 -44.399 -27.760
25.625 -45.843 -27.566
-11.626 -37.532 26.068
54.929 35.213 15.452
31.770 -37.720 26.128
29.707 -47.280 -11.671
92.600 24.051 6.443
16.971 18.049 -4.080
-45.474 31.366 14.229
-45.460 24.448 15.960
78.255 13.335 3.569
83.076 11.039 4.334
-85.893 40.407 -17.793
-72.149 47.974 -4.156
70.076 23.628 9.989
64.513 26.779 7.963
69.409 26.253 11.471
-46.906 -38.540 21.966
-14.060 -26.475 -14.959
-24.044 63.700 27.262
41.819 -47.445 -21.081
-17.064 56.717 14.496
-67.219 52.730 -8.228
-71.498 53.787 -10.130
43.001 15.760 23.957
64.235 -54.507 3.189
-66.835 24.868 -10.797
-29.297 -54.114 -35.315
-13.095 32.967 -3.464
-7.917 53.809 3.712
35.699 9.165 9.206
36.467 9.080 13.118
-41.329 -15.752 -18.479
-36.030 -49.732 16.905
56.944 -24.240 1.883
97.074 19.328 5.134
91.809 17.906 2.054
-55.252 -46.278 28.321
-9.814 -17.128 20.855
1.713 -8.178 24.842
-40.992 -42.529 -40.133
-48.845 -44.840 -23.867
-53.479 -8.241 -15.139
-52.808 1.133 -10.454
39.888 -55.628 13.125
31.641 -55.006 3.310
-14.175 4.760 8.935
96.786 13.973 4.373
-47.998 44.266 -0.585
4.165 43.068 3.215
-55.858 40.204 12.144
75.500 -36.771 -6.298
76.626 -34.448 -5.933
-18.224 27.468 -5.664
52.703 -24.585 -22.854
-79.414 29.108 -3.857
-39.001 60.046 -1.120
-61.439 47.159 -18.181
-62.825 45.937 -15.160
-60.771 33.748 -13.570
15.717 -23.898 9.743
49.109 41.601 12.547
-66.978 -23.466 -4.264
-85.726 39.346 -17.004
27.438 -33.019 -0.319
26.283 -33.088 -2.583
-71.634 45.803 -1.948
13.772 38.494 12.521
-13.587 48.415 31.091
41.037 1.292 17.531
-66.953 42.424 5.061
74.497 -22.298 -6.092
-31.651 44.833 -9.789
-17.546 -53.809 7.728
-63.076 22.975 3.506
-48.396 26.035 0.058
-25.942 -39.407 26.151
-4.683 35.575 16.823
44.030 -48.795 -19.569
43.080 -48.818 -20.631
-24.493 -9.858 4.641
-12.444 39.284 26.156
-0.598 -2.905 23.045
11.051 3.862 25.713
42.301 -51.363 35.214
87.985 29.075 5.603
-19.571 -40.062 28.420
-69.772 53.082 -0.650
-29.607 -50.256 -29.913
-29.268 -44.927 -25.729
28.627 42.429 13.858
-21.415 36.544 -5.938
-40.972 28.934 -10.512
8.674 -23.473 -7.720
47.616 -20.260 -17.204
41.787 -55.468 8.645
-59.614 -40.827 20.501
4.964 28.393 12.345
0.013 22.578 11.777
64.149 23.519 3.366
44.167 -42.271 -21.223
45.967 -40.811 -23.121
31.813 37.171 3.598
-52.951 48.870 -19.819
-62.281 -6.065 -5.661
-63.710 -9.124 -0.716
51.498 -53.364 11.150
35.339 -55.622 1.098
-34.617 33.468 19.941
-30.210 43.391 24.450
53.270 -37.579 22.507
-3.237 17.259 11.497
-47.550 36.060 -0.958
-8.753 36.428 5.339
-7.373 29.185 1.553
-5.524 32.309 0.232
51.093 -24.116 -21.296
-51.558 59.025 -2.930
-47.594 59.644 -1.134
16.052 -53.644 -16.878
26.504 -35.358 0.131
25.221 -38.631 1.642
53.394 -21.078 -21.331
52.270 -17.137 -19.315
55.030 -17.631 -21.314
54.040 -18.043 -20.641
-47.593 -44.532 24.973
-47.313 -46.631 22.832
-54.387 -42.920 27.222
-57.799 -42.718 23.283
3.012 27.845 13.099
-29.237 -48.385 -37.362
-25.091 -48.889 -36.912
40.593 -47.733 -26.908
66.643 24.315 14.008
48.423 -18.429 -17.954
88.352 8.903 4.897
87.997 14.721 8.290
-39.623 43.624 21.474
-37.435 45.762 21.191
-30.887 -31.532 -25.335
-73.375 50.025 -5.992
-36.078 42.281 -6.127
-3.132 -46.950 -10.859
-40.459 51.907 -8.952
44.500 -10.234 -17.987
3.319 9.822 -3.258
32.698 -35.006 30.407
37.703 -34.310 32.750
-40.213 51.573 20.040
-37.827 37.489 18.896
32.721 -27.660 -16.104
20.825 37.029 11.397
-68.547 58.884 -17.040
-45.246 -19.387 21.727
-3.246 -52.232 -13.638
-3.632 -51.604 -13.232
-63.137 58.661 -12.545
72.604 -41.096 3.817
-21.072 34.257 28.206
-2.874 -50.121 -29.161
49.438 -28.503 -19.278
81.255 6.110 9.565
-36.246 -35.702 -38.339
70.164 -20.589 -8.452
-7.469 -34.400 27.400
-54.754 -19.179 16.288
20.947 -51.084 -7.084
-9.291 29.928 3.424
-39.278 27.597 6.039
-40.860 28.588 7.642
-32.360 27.235 -11.204
-33.219 28.942 -12.070
52.329 -12.191 -16.880
0.526 15.226 14.285
-33.103 -53.839 -14.943
-59.028 42.990 -15.857
16.292 -50.409 -16.235
45.478 39.310 15.622
-11.541 -28.508 27.044
-62.395 32.972 -16.935
50.939 -29.191 -17.315
-28.527 60.751 6.149
52.159 -25.783 -32.842
-31.226 60.322 27.946
51.071 -31.330 -2.373
-57.263 -16.068 -16.534
-62.673 34.127 -12.220
49.067 -36.828 -21.003
-47.318 33.239 6.267
-0.029 16.855 8.184
-61.196 24.746 -21.649
-62.402 23.826 -22.136
-36.738 38.248 -2.711
-64.395 -16.934 6.511
-64.108 -22.460 8.606
-6.324 -37.247 -16.831
-8.626 -37.397 -16.483
33.148 -51.734 15.638
49.092 -26.184 -1.454
-45.325 -7.432 -15.639
-54.957 54.141 11.355
-30.183 -24.376 15.322
18.781 35.547 9.616
-78.001 34.716 -15.204
67.936 -43.373 9.554
70.109 -24.084 -7.310
-25.148 -10.723 4.468
45.894 -40.681 30.895
42.217 -39.367 29.695
-2.748 -13.845 -8.834
-26.425 -41.582 -30.687
45.332 -25.925 -3.693
-72.265 51.695 -7.718
-69.091 51.533 -10.602
50.400 -28.789 -19.000
2.363 53.788 2.037
-70.144 30.344 -24.027
-9.435 30.179 2.047
-41.173 24.066 15.560
46.349 -48.725 29.754
-11.336 55.792 33.474
-67.238 -27.509 -7.207
-25.287 -55.030 13.199
-63.193 32.300 -14.746
51.101 -29.336 -0.090
67.125 -55.838 -6.110
-13.290 31.746 26.180
-67.126 33.231 -1.497
-37.832 26.948 -14.876
-41.783 25.885 -15.267
-40.327 25.440 -13.455
33.283 -53.097 -24.529
4.877 27.698 13.015
-62.678 -43.106 28.366
6.150 -24.365 22.184
47.460 -1.329 -19.860
46.104 -0.753 -11.046
49.356 -7.630 -14.194
1.803 55.221 2.048
-7.326 54.272 -0.152
-31.600 9.775 18.430
64.525 -29.618 -7.914
55.651 -32.559 -6.701
-5.667 42.319 16.043
72.861 19.840 10.709
-23.387 22.798 21.732
-13.184 -42.712 30.161
47.475 9.994 23.962
-62.797 -30.445 -13.821
45.527 -55.050 -11.435
-66.109 30.965 -4.717
-67.620 31.951 -3.039
89.521 28.597 5.516
41.309 12.995 21.181
-57.886 -42.881 16.770
39.889 -51.348 -18.819
-14.668 -16.190 14.596
-78.357 27.952 -9.403
-70.591 50.127 5.847
25.118 38.284 15.740
-38.017 41.962 19.780
-68.481 56.126 -21.077
-46.373 53.721 -8.934
-46.460 56.002 13.044
-42.773 24.928 16.568
74.620 -52.649 9.412
40.439 -33.045 -27.612
-10.800 37.083 18.109
47.030 17.555 25.374
-32.739 36.612 21.391
53.892 -31.690 9.679
-61.105 49.840 2.327
-62.032 58.073 -2.157
-45.551 -37.592 -36.993
-72.588 33.544 -22.419
-68.045 31.545 -23.345
37.401 -42.356 37.362
86.991 -31.946 -18.977
-66.430 -23.022 2.337
72.227 21.761 9.530
78.272 -39.605 -4.944
97.778 32.024 0.708
-13.126 -28.318 22.712
20.799 20.346 26.370
41.601 42.444 13.584
-47.629 28.047 -11.468
-22.488 -5.293 6.094
14.231 -1.894 -5.584
-39.236 42.332 6.463
39.180 -53.513 38.002
-8.774 46.598 34.129
-7.303 44.184 35.005
26.628 -43.470 -9.463
-18.960 -12.909 5.267
-5.260 -43.031 19.709
-74.435 50.683 -2.224
-6.467 39.810 16.026
51.640 -26.962 -21.368
67.015 30.064 10.106
-6.040 33.906 16.020
41.653 -53.300 -0.377
51.387 -52.774 -1.656
-16.358 -19.789 -10.037
-40.543 -24.233 24.335
50.424 -42.359 30.178
44.586 -44.732 33.629
-30.699 59.118 28.164
49.681 33.818 21.289
36.400 -44.912 -15.348
59.898 -20.286 4.505
-29.877 52.435 -7.894
-74.021 33.376 -4.659
-3.697 40.429 3.072
-35.712 56.182 20.737
-18.198 -11.353 5.547
79.709 -42.551 -5.635
83.534 26.396 8.522
49.519 -29.745 -19.015
70.703 -12.847 -1.941
70.895 -15.771 -2.511
18.682 -46.653 -26.749
-7.904 -51.912 -12.556
65.615 -4.939 15.433
-62.078 -16.892 -12.594
47.642 -21.753 -34.444
-18.958 -52.959 16.965
-72.608 27.809 -25.923
41.814 -27.404 -24.819
37.187 -28.457 -21.839
-24.572 45.519 29.569
-15.944 46.817 31.425
34.471 34.758 0.035
-59.700 -28.333 -16.907
-57.076 -38.038 -17.874
-61.777 23.152 -23.296
57.670 -36.820 5.936
-44.178 33.927 6.860
47.390 -10.741 -3.714
-45.421 13.979 1.249
-37.286 27.254 6.326
-39.352 26.980 5.882
43.099 -17.401 -22.967
50.305 37.205 9.731
-72.602 28.261 -20.391
24.382 -44.928 9.404
88.619 -11.630 -8.797
48.977 -9.910 -30.165
55.100 -14.320 -20.827
-10.616 9.814 12.678
-9.711 12.467 12.586
33.738 -46.766 35.544
65.188 -13.246 3.892
-26.744 -51.368 -31.393
36.812 11.685 18.855
-16.627 54.640 12.909
31.318 -46.492 33.398
-68.997 56.959 -3.561
-67.899 56.599 -0.169
-71.553 55.902 -2.458
-65.062 23.404 -0.766
77.370 -54.882 -0.069
-26.972 34.721 26.592
56.566 -32.536 0.055
-9.955 -55.450 -15.890
59.018 -15.486 16.654
-61.193 -44.883 -8.665
-34.833 25.613 -12.525
-64.361 -49.576 23.888
36.182 -48.758 -12.876
-14.107 22.519 19.733
-4.817 16.238 11.684
48.407 28.576 24.564
67.174 -54.679 14.274
0.930 45.858 1.096
59.044 26.187 0.402
-49.921 56.106 12.680
-39.354 31.941 17.958
-71.736 31.924 -4.305
-7.865 1.865 6.645
-54.679 55.611 11.089
-11.547 -55.104 13.156
-20.778 -40.095 24.536
33.660 -46.464 -23.804
5.009 -45.300 -22.486
-42.753 25.401 13.552
37.600 -42.795 -17.032
-3.463 -50.099 -13.205
-64.139 -41.297 1.227
55.687 -26.282 0.473
39.220 -51.461 -16.260
-34.634 21.133 -2.687
29.429 -19.263 19.960
79.779 26.451 0.623
-39.949 7.909 15.975
-13.912 35.650 21.070
-13.188 -14.012 -1.014
-70.339 53.532 -14.092
-40.897 -55.234 -25.303
-39.196 -53.879 -21.593
46.418 3.102 -10.549
-24.602 -55.173 30.125
20.155 39.916 14.508
-44.424 43.922 -0.744
-53.355 51.478 -10.343
46.695 -33.736 -18.780
-24.174 50.269 26.749
-32.767 26.793 -1.392
45.791 -17.764 -26.693
14.976 27.855 21.736
71.232 0.802 3.102
-30.305 24.648 18.673
-58.016 55.300 -4.496
44.174 -32.559 -12.455
-62.462 32.145 0.601
87.074 -27.189 -8.727
84.489 -23.620 -3.882
86.827 -22.797 -5.506
44.587 8.249 -0.195
72.240 9.277 3.982
-50.468 57.010 7.672
-55.445 2.575 -5.394
27.350 -45.000 -9.053
27.138 -44.018 -8.875
25.671 -45.226 -8.566
-36.069 27.063 10.352
26.497 43.601 12.623
46.893 -13.838 -16.982
-30.365 -28.767 19.486
-23.140 56.378 -3.942
6.589 -41.642 1.663
-39.674 28.490 10.466
92.404 29.886 -1.419
6.478 4.819 -5.791
-48.569 11.107 4.923
-65.165 -31.178 6.322
-12.146 17.776 15.722
-16.013 9.436 6.914
-24.463 -48.350 -33.626
-63.369 32.366 -13.839
-8.186 46.992 -1.806
82.844 9.225 6.850
25.766 -39.372 -7.888
-45.698 -36.572 -40.761
-46.506 -42.420 -40.649
-66.564 -36.110 -5.012
27.363 -31.736 21.367
70.598 -37.335 -2.030
71.146 -37.506 -5.605
-49.352 -36.133 21.644
71.682 -50.079 -24.814
35.562 -5.967 8.103
-19.855 -18.525 8.251
-10.794 5.164 8.164
-18.908 10.384 -1.156
51.986 -27.262 -20.398
51.550 -27.239 -19.653
43.621 -39.742 -19.754
53.181 -52.384 -6.447
60.990 -53.504 -15.896
-21.620 -53.826 17.450
70.747 -20.765 -5.713
-42.512 38.412 14.476
-41.969 38.847 12.887
8.799 33.928 14.191
-64.212 -46.831 11.618
-64.680 -45.133 13.853
-12.521 -10.594 4.129
65.791 -41.824 2.002
-60.972 34.175 -14.987
-35.365 42.846 -3.018
25.432 36.819 5.025
43.928 39.237 9.982
15.207 -16.602 18.416
97.482 14.387 2.167
62.725 23.075 19.213
63.689 -14.938 6.309
51.981 -31.219 -24.500
44.410 9.105 -11.753
-79.534 39.869 -11.818
-55.990 54.162 -0.566
15.806 28.867 0.590
11.969 22.267 -2.130
68.616 -26.121 -8.291
-7.293 31.799 2.867
53.691 -13.491 -19.287
54.719 -14.843 -19.846
-26.935 -43.856 -25.964
48.870 -36.984 -23.465
-7.752 -55.193 -28.597
-3.893 -54.852 -29.320
-13.033 -12.938 -0.829
-12.403 -12.828 -1.184
19.887 -43.591 -17.042
26.245 -45.545 -15.794
72.686 -30.308 -27.637
-41.088 58.470 -3.077
39.031 7.747 10.229
53.957 -29.099 5.137
43.787 7.561 21.368
-66.598 32.989 -2.359
-29.977 56.569 -5.420
-37.998 52.236 -9.744
-45.966 -31.360 -21.027
62.589 -49.776 20.101
58.779 -49.890 20.692
41.202 -44.870 -26.622
-49.470 25.580 -16.953
-25.106 -52.331 -35.044
-0.068 68.201 21.796
-58.764 -50.209 29.771
70.627 9.914 12.376
-4.858 -53.008 -13.874
25.746 -22.275 7.793
-13.919 -55.667 25.067
-24.795 -27.852 18.829
1.163 -33.186 -17.702
-25.660 24.382 23.380
61.708 -17.439 3.485
39.896 44.153 14.278
-9.255 37.265 -1.635
-26.251 -32.830 -25.466
-13.220 38.375 27.772
-63.847 33.865 -6.974
16.480 -20.184 12.983
-70.324 51.365 -8.635
55.565 -34.973 -19.838
56.806 -11.769 22.190
42.883 -10.257 -20.513
44.381 -15.464 -19.306
44.279 -52.771 37.325
42.973 -14.634 -25.289
-65.514 -14.036 -4.282
-72.938 22.843 -0.151
-23.757 27.834 23.281
-19.107 36.675 29.345
52.403 -18.988 -19.643
43.855 -45.597 -21.679
-39.817 36.193 -6.762
49.134 6.208 -13.124
46.262 6.555 -9.959
-11.547 27.749 -0.900
-33.004 38.252 -9.980
47.504 42.806 14.121
66.410 -11.749 6.005
-10.383 41.064 11.972
-26.284 64.142 28.954
-26.059 64.892 28.125
37.561 -46.749 34.549
-67.125 -44.786 19.956
9.933 -17.218 22.825
6.487 -11.919 -8.630
-3.951 38.289 3.425
30.159 -46.671 -11.395
-39.436 36.840 -8.786
-69.212 31.722 -4.010
77.402 -38.801 -2.937
48.203 -38.231 -23.722
-14.030 32.496 24.828
-25.268 55.129 -5.958
-21.954 54.314 -6.290
36.744 -42.593 -23.017
55.883 27.165 22.644
-39.529 -36.777 26.484
-7.854 1.122 10.983
-36.905 24.593 16.804
14.475 -26.396 6.542
44.490 -7.662 -23.332
-8.382 -1.269 5.025
-16.080 17.933 -1.024
-8.457 -43.162 27.658
-13.354 -55.515 -19.200
49.163 -8.673 -14.101
40.983 -49.115 -19.756
-20.373 15.172 19.742
-1.686 -4.053 -5.821
-28.238 48.115 -9.596
-25.036 31.650 26.953
-10.216 44.135 6.167
14.450 -53.694 -26.453
-31.954 -2.175 15.578
-35.665 29.660 -8.376
99.507 20.529 4.283
99.860 21.470 2.202
-11.240 -50.039 30.884
48.061 -37.470 26.912
-3.972 -52.089 -13.503
44.923 -18.906 -18.692
60.081 38.037 12.496
54.927 15.855 24.997
54.254 -18.510 -22.566
44.398 -25.917 25.194
-65.397 33.069 -1.112
1.529 32.319 2.627
54.558 18.492 -3.728
58.857 20.378 -2.180
76.969 13.281 12.845
73.605 13.057 10.679
-63.252 -41.243 -9.838
-20.467 -3.934 6.594
-59.855 32.939 -12.383
-71.682 34.151 -1.551
-4.574 39.705 3.957
-46.833 -53.270 8.623
-75.385 24.861 -0.029
-57.609 -47.188 8.681
18.785 -11.565 1.857
-8.874 54.492 34.088
-0.128 -36.012 -22.080
-0.576 -21.305 23.857
36.479 -51.586 17.112
42.510 -50.212 17.368
-23.657 -17.003 5.877
39.679 -51.305 -15.075
-68.986 32.224 -5.609
-32.941 26.800 20.392
29.118 -45.282 -25.068
-44.930 -38.672 -35.542
28.842 -51.085 1.428
-73.863 34.263 -5.716
-64.617 -49.709 14.871
-76.330 55.222 0.809
74.793 -16.220 -2.655
13.381 -18.280 -3.739
46.317 -41.156 -20.300
-12.610 32.150 25.941
-83.377 27.420 -5.843
-82.638 25.761 -7.047
-68.793 49.853 -3.372
10.088 72.840 21.670
42.399 -50.558 -19.527
-11.971 -17.656 -8.710
-15.713 -43.588 29.162
69.490 -46.871 11.585
62.713 -33.697 -25.419
65.896 -38.191 -28.701
43.294 -44.520 -22.721
-61.285 45.880 7.830
-12.855 49.043 28.209
-52.452 46.022 10.016
-51.063 42.979 14.805
-27.872 -44.218 -30.321
57.332 -41.591 23.147
48.289 -32.859 -19.328
-64.903 -41.196 17.546
-52.011 -23.293 22.455
-50.279 -18.255 20.022
-24.026 41.946 -7.212
46.714 -28.907 -15.497
-38.225 -8.524 14.431
-42.477 -11.860 14.711
-64.471 26.222 -19.055
58.139 -47.816 -27.144
65.594 2.618 19.787
-58.434 30.560 2.220
-59.287 30.756 1.714
41.661 -21.027 -22.443
-53.042 53.725 -4.976
48.223 -36.500 -18.555
51.256 23.786 25.217
93.988 24.334 1.834
-23.203 47.398 -6.248
-50.916 38.025 10.326
20.291 -50.008 -15.792
7.674 16.083 -2.708
-59.508 35.023 -14.885
-1.719 -51.090 -13.995
-76.172 26.390 -5.037
-25.940 32.795 -8.277
-35.080 26.694 14.247
45.695 35.084 1.556
41.816 6.495 4.010
-68.325 31.531 -2.231
-66.069 26.517 -25.650
14.472 33.193 10.290
6.397 31.865 12.841
-10.316 10.775 12.596
-63.736 42.055 3.424
27.501 -37.823 27.934
-19.967 70.541 11.855
-67.123 35.547 -19.466
39.347 -39.589 37.537
-70.982 32.328 -3.475
-21.123 61.633 -6.452
19.915 26.237 24.902
46.710 -7.869 -12.725
47.174 -3.433 -11.926
-28.444 -12.401 0.506
-38.139 24.573 16.081
-38.207 21.737 5.718
-28.192 26.943 -7.919
-17.895 26.408 -2.059
-4.564 31.136 3.943
-0.181 -43.237 -23.800
4.201 -1.470 -7.019
-20.095 -19.065 -7.735
48.612 -39.294 28.408
17.414 -2.176 -3.395
-18.087 40.207 31.317
-24.632 38.605 28.631
27.288 -44.374 -1.036
40.711 -42.342 23.702
21.403 -51.327 -17.882
27.167 -50.955 -20.135
58.140 29.046 20.071
-19.484 -52.980 2.861
70.945 -18.272 -5.047
62.551 20.474 21.344
48.370 -4.662 25.186
-75.210 28.255 -25.570
-84.036 39.081 -13.793
43.968 -10.826 -18.917
-21.640 24.840 -5.671
-16.964 56.302 12.475
45.708 -45.887 39.126
45.012 -39.491 -20.337
50.066 -28.296 -21.158
-49.518 44.736 -1.977
-36.750 28.519 13.069
-70.023 -51.409 18.943
26.625 -34.622 -2.455
-45.874 25.911 -16.515
27.882 8.293 3.512
2.122 8.055 21.605
56.199 -20.794 8.371
-32.474 -38.020 -35.659
-6.435 -3.332 16.615
-70.032 31.119 -0.352
-40.759 42.280 8.568
74.580 -51.979 -11.386
-9.170 31.384 2.957
-58.217 44.219 -13.475
60.798 -37.737 -26.976
-53.018 6.606 2.045
52.772 -8.071 -3.382
-54.069 -51.651 -9.541
69.183 -41.409 -29.023
50.989 -55.134 4.849
-61.120 31.316 -18.944
-9.984 -11.284 -2.740
47.265 -5.662 -12.479
-34.025 -38.091 27.153
42.913 -48.543 -19.348
50.979 12.333 25.561
-75.371 32.891 -21.959
28.632 -36.490 27.636
31.168 -35.193 28.577
-67.395 34.427 -8.230
-23.271 45.836 -7.801
-16.576 55.870 -1.341
-19.467 55.933 -3.853
43.397 -46.164 -20.516
-63.433 -28.186 -14.554
-53.427 -16.728 14.764
38.874 -34.072 26.610
-13.562 6.596 11.374
46.588 -12.353 -27.283
-28.009 -18.045 -10.666
88.173 -18.003 -6.055
-18.664 -41.105 -29.958
-9.218 -46.551 -28.408
80.880 -16.175 -20.377
42.889 -13.979 -20.065
-55.083 -31.755 14.624
21.479 -48.989 -30.567
-65.789 -16.814 1.630
39.351 25.852 26.356
-8.773 32.706 31.788
43.395 0.046 21.104
71.669 12.465 7.078
50.988 -31.196 -22.274
60.159 35.966 11.804
-76.594 29.349 -15.748
47.744 -34.441 -17.965
43.486 -53.928 -8.134
83.521 30.785 0.294
-73.002 33.019 -2.592
-47.498 47.978 -16.859
18.672 -51.663 -7.410
-36.334 56.560 17.321
-43.510 49.376 -11.352
-66.794 41.056 -0.934
37.313 -41.893 -21.908
39.082 -41.161 -19.535
47.127 -36.182 -17.487
40.546 -48.030 34.617
28.917 -43.754 -13.206
-15.025 5.422 9.219
72.434 -9.197 -3.621
23.112 1.899 2.822
-24.596 -8.734 6.009
-65.092 60.873 -10.219
20.129 -43.812 -19.942
59.653 -19.493 2.741
-20.746 -49.277 31.296
56.891 -24.304 4.646
-6.869 46.508 32.321
-4.939 48.014 4.651
51.241 -26.599 -21.719
-2.315 50.367 3.219
-16.735 31.057 24.042
42.538 -23.471 -3.473
55.006 39.379 13.027
54.909 39.413 12.016
53.600 -55.634 7.325
-7.757 8.648 10.658
31.148 11.444 2.821
11.613 25.404 20.250
10.351 30.331 14.566
77.316 30.040 1.501
24.955 11.664 -1.741
-23.286 28.601 -7.349
44.517 -50.402 -29.514
-10.061 -45.042 31.211
-45.749 -54.048 -10.823
-65.482 -36.925 -6.243
-9.338 -11.639 18.182
-11.961 -16.554 18.736
52.510 -29.516 -22.408
51.505 -32.041 -24.366
-34.174 27.862 -13.537
44.574 -31.004 -32.368
-57.767 -9.273 -13.630
53.753 -22.946 -22.815
-63.739 -49.843 28.698
-35.038 29.790 -7.425
-36.811 3.550 -11.531
-42.599 43.727 0.499
19.909 -47.429 -11.934
52.270 -20.998 -20.587
20.319 12.525 -4.239
-1.458 12.827 5.463
53.698 -19.156 -21.929
-71.032 43.442 -2.136
-54.133 56.241 0.751
21.432 -46.613 -29.624
-34.339 -17.103 10.954
-38.861 24.343 16.732
-64.133 33.735 -4.891
45.998 -22.649 -3.110
45.948 -22.071 -3.056
45.941 -21.517 -3.785
63.447 -50.125 -26.834
-42.884 22.755 16.067
-6.381 -53.981 9.595
-64.379 -44.452 23.808
-9.137 13.716 12.555
-35.990 39.204 -7.069
-37.580 37.046 -5.345
-41.109 35.423 9.109
81.876 -34.627 -26.332
44.809 35.729 21.084
43.399 -21.243 -16.698
-6.949 -46.083 -27.681
5.481 -7.083 -8.204
-5.139 61.334 15.743
-51.777 -39.918 20.369
46.556 -22.385 -16.911
-48.999 27.085 8.327
24.135 -28.104 5.998
42.863 -45.394 -22.923
-24.143 8.623 -5.446
-21.616 -50.231 -16.983
-6.543 -18.988 22.987
-15.593 57.993 -2.182
34.549 31.253 -2.001
24.593 -26.933 6.653
-17.392 73.060 14.387
35.996 -44.788 -16.720
53.298 -24.777 -21.737
71.034 -16.770 -4.784
45.501 -17.661 -19.631
45.953 -15.971 -17.765
69.678 -8.187 0.008
42.001 -46.451 -25.983
-1.771 -41.535 -24.873
0.471 -39.333 -23.834
-41.490 27.621 12.500
50.170 12.909 -4.334
45.829 0.707 -11.439
14.562 -52.364 -16.781
14.581 -51.646 -16.241
32.771 -46.605 -12.662
47.967 -6.600 -22.674
-61.618 54.642 -13.640
-50.213 -50.712 -14.940
37.434 -50.715 -13.316
-60.813 -47.906 -0.868
12.363 -26.603 -1.566
-60.273 -42.944 16.618
49.880 -51.885 -21.584
-49.943 -7.888 13.946
4.971 -22.657 -10.001
2.107 -29.052 -11.901
78.425 -2.858 -9.383
70.857 4.346 5.155
-70.993 49.354 -5.658
-70.591 49.549 -4.543
-24.520 -3.363 9.316
-30.803 -5.034 13.772
-12.784 51.680 14.190
-49.797 26.303 -3.870
17.462 16.829 26.042
-29.845 27.855 -11.156
-16.516 42.713 29.799
-43.497 42.149 9.192
32.861 -36.205 25.463
-26.653 0.250 -4.097
63.980 27.578 14.607
-33.715 28.310 -8.015
-30.531 29.007 -5.754
35.839 -47.645 -12.019
-7.526 -30.322 -14.468
66.718 30.201 12.292
-26.948 -51.559 -37.604
-39.376 57.349 -6.735
88.784 -19.379 -14.237
41.465 -30.257 -8.052
-56.504 -23.027 -18.571
-19.395 58.185 8.169
84.910 -30.004 -23.473
-41.497 -51.862 -38.410
-34.529 41.706 -6.674
14.029 32.568 15.567
-55.137 47.649 8.173
-24.555 -29.660 -25.248
-58.822 30.619 0.940
45.410 -21.820 -16.871
63.110 14.341 -1.220
-6.334 43.740 32.925
-9.514 42.573 31.259
43.779 -22.432 -15.676
-78.178 53.049 -3.237
82.279 -0.318 6.144
-68.470 52.395 -11.260
-72.858 46.833 4.186
25.624 32.270 23.768
-50.190 32.874 6.904
32.596 -43.787 34.059
0.720 1.285 22.889
4.172 -2.517 24.681
-56.919 -47.593 -12.641
73.548 -37.376 0.971
78.788 -52.557 3.436
-26.698 49.051 -7.420
73.829 -3.928 -6.847
-42.318 -5.269 14.851
-41.753 37.778 1.822
18.028 -52.107 -8.890
-17.362 -25.088 20.242
-0.634 6.963 -0.973
-4.142 -0.104 -2.089
-37.552 39.271 1.117
-13.547 64.892 0.330
24.731 -34.734 2.781
-14.098 -31.379 -16.136
24.784 -22.932 7.415
61.430 18.647 22.411
51.269 -30.421 -22.331
46.576 -41.661 -24.094
-70.399 -50.730 20.346
-55.644 25.060 3.160
39.936 44.124 12.385
-57.441 23.359 5.570
-60.987 25.534 6.164
-2.353 -35.210 -19.462
-64.528 33.600 0.535
-65.169 32.912 -4.450
63.050 -16.665 2.963
49.755 -29.551 -18.072
88.049 28.112 0.199
-53.139 26.132 5.764
-34.423 -43.919 27.558
-5.322 -10.685 22.025
-18.055 48.397 32.301
-45.969 -22.879 24.905
-79.506 30.790 -18.162
-13.468 5.391 9.936
-58.497 47.156 -5.844
45.567 -36.796 -17.757
67.684 -4.903 9.546
46.998 -1.224 23.947
12.182 -31.674 6.586
17.830 -53.006 -15.255
-39.334 -51.844 -16.095
-31.681 42.159 -6.330
37.576 -32.806 30.718
47.586 -22.777 -17.404
-22.446 -26.626 -23.469
-48.008 -54.929 2.351
-46.456 -13.835 14.702
-64.088 32.271 -16.071
-53.232 52.613 3.796
-69.825 27.756 -27.180
-33.627 13.345 -7.673
51.278 -11.160 -16.331
-5.758 -19.909 -10.795
-12.494 32.092 24.284
30.936 -46.391 34.212
-23.242 24.615 -7.189
-31.605 -48.780 -18.500
-45.638 36.602 -2.648
-40.671 -9.749 -15.660
-21.626 57.920 5.952
40.039 -50.108 -18.326
-49.996 35.657 -5.123
-66.341 -34.071 1.759
23.539 -38.079 4.595
50.621 -2.382 -18.030
17.087 -5.241 22.401
-35.017 -39.204 -36.637
-34.702 26.104 -11.216
53.728 41.243 11.598
50.614 -33.081 -21.322
47.227 -18.134 -18.490
51.620 5.143 25.224
-64.888 -49.087 22.299
22.906 -44.282 -8.019
-41.915 43.556 3.513
-9.380 35.072 6.541
-78.118 35.372 -10.406
23.317 -1.274 6.325
54.440 -20.367 -23.342
-39.325 38.457 -0.466
-52.472 27.621 -18.948
-12.713 51.617 28.868
-59.539 -0.504 -2.280
-38.347 -31.564 27.270
-79.930 31.640 -7.626
-12.711 54.639 33.701
-16.726 50.080 31.245
-56.591 46.107 -11.560
57.738 -32.404 18.066
0.356 32.131 3.824
-64.612 -36.841 3.364
-49.290 41.240 16.346
-45.682 44.336 -1.589
29.762 -48.211 -11.394
-73.828 47.605 -3.345
-48.425 44.434 1.215
-50.665 -35.586 -20.708
-29.382 4.035 17.499
23.374 -33.644 5.998
67.117 15.966 17.557
-9.450 -3.779 10.874
46.877 -44.788 35.728
-26.435 51.978 28.554
50.708 -34.392 -24.668
6.135 9.975 -4.313
2.331 13.485 -0.148
-6.048 31.012 2.041
-44.936 36.696 2.544
-68.671 -50.433 11.912
-36.371 -3.114 15.652
48.241 -37.451 -19.133
-46.770 11.287 -2.873
40.189 10.423 3.729
50.251 20.076 -4.066
11.317 -6.961 -7.057
-14.489 31.587 25.078
69.389 -23.743 -10.333
-4.489 32.310 3.706
66.602 -12.308 3.770
-65.995 33.598 -17.260
45.997 -19.726 -16.967
-45.555 -45.929 -39.386
33.990 23.863 -3.299
45.580 30.257 25.188
-46.846 34.878 9.697
-15.739 -16.588 0.331
15.733 37.224 13.264
34.306 -48.484 -12.750
36.359 -46.982 -13.273
54.611 -18.933 -21.067
-34.512 -9.142 -13.099
-34.117 25.351 15.713
-46.157 37.759 12.616
-35.777 18.010 15.890
70.228 25.597 9.855
-30.549 51.425 26.436
-74.044 36.186 -6.104
77.629 -48.870 -20.006
-24.902 58.526 26.869
-9.810 -38.778 27.136
40.530 -17.901 -2.412
59.826 -45.471 22.367
50.318 -35.375 -24.482
75.229 -44.943 2.990
-48.045 6.414 12.038
-19.185 -20.598 14.028
-64.880 33.164 -2.332
-6.636 -44.332 20.936
38.517 36.487 21.433
53.888 4.495 -4.454
-20.679 59.804 0.888
-49.646 43.320 5.004
72.746 -1.073 -3.015
74.327 2.069 -3.362
20.065 29.961 0.064
27.061 29.761 -1.771
32.442 -44.841 33.363
-59.670 52.920 -0.106
55.916 1.858 25.000
28.186 -31.510 -1.071
75.669 -9.980 -14.122
-50.671 58.644 3.352
29.036 5.802 13.002
28.432 5.400 11.384
46.151 -21.247 25.323
44.178 -15.207 -3.237
50.301 -27.589 -18.379
-21.457 41.802 -5.028
44.802 24.574 25.941
-46.454 27.028 -2.691
69.430 2.772 11.518
-14.620 32.871 24.954
-4.205 -29.032 -17.996
-49.568 -32.052 -20.700
-25.249 -6.323 3.113
-23.466 -1.087 3.799
8.475 -17.565 -8.321
-14.739 -13.821 3.397
-30.462 49.809 -8.035
43.627 -40.339 -19.845
42.001 -50.737 -18.879
-47.214 33.952 6.889
-19.925 3.600 5.569
-20.986 55.505 16.103
-23.058 53.640 20.405
-56.067 25.391 -18.489
-31.506 -33.777 25.750
40.104 -34.121 27.717
-12.979 -48.748 -29.472
-50.383 7.610 -5.273
-39.107 27.991 13.136
41.493 -36.027 29.624
-10.925 24.721 17.671
-46.763 -54.713 -32.922
-9.431 59.557 14.530
-12.312 58.253 13.717
-50.980 9.420 1.229
-33.175 -54.654 -33.921
63.864 -7.187 3.316
37.351 39.729 10.138
-28.173 -53.245 -33.745
-13.739 -5.550 6.606
-13.100 -2.521 6.612
-35.930 -52.890 -37.488
8.012 27.587 9.362
-3.356 16.748 10.682
-2.406 11.889 7.842
46.055 -52.753 35.546
-17.280 -55.168 10.515
-0.868 13.962 6.391
0.309 41.278 4.585
44.863 -26.523 -13.849
7.818 -11.906 24.744
-12.783 48.636 11.521
-58.064 25.841 -16.977
12.442 14.130 25.248
-68.177 -50.592 13.525
10.855 -26.812 17.464
34.904 -47.596 -13.060
-48.298 44.558 -3.444
33.539 -43.781 32.703
-3.134 -9.570 -7.423
-10.872 30.047 -1.481
34.513 -53.094 -22.876
-11.856 35.999 27.239
40.277 18.139 -2.082
58.831 24.888 22.107
38.250 -33.580 25.213
-17.183 31.423 25.623
43.892 -9.380 -16.862
-50.438 55.555 -5.072
69.645 -54.543 -3.333
-31.966 57.095 17.115
35.382 -24.789 25.702
-61.726 45.585 -0.512
0.965 33.487 3.886
42.144 -53.342 -28.297
-17.586 -51.717 -22.638
-4.069 -45.070 -24.069
-36.911 -53.612 -6.078
52.217 -15.568 -18.662
-28.427 -51.646 -16.627
73.182 -9.804 -8.794
2.326 -15.611 -9.747
-35.754 -15.509 -16.474
-48.038 33.480 -9.116
-40.090 36.388 -4.544
44.802 -17.200 -19.019
-22.326 60.945 16.125
-41.642 59.682 9.296
76.446 18.005 12.255
79.623 18.348 12.368
-55.216 0.466 8.712
18.236 -17.362 6.992
21.313 -5.291 17.047
49.790 -11.637 -16.581
-36.572 42.483 -2.938
44.159 5.760 -11.132
86.690 -13.139 -1.301
48.005 -21.981 -18.063
-51.135 25.090 -3.907
-71.748 25.046 -5.296
-16.574 26.695 20.839
-77.807 38.955 -17.763
50.275 -26.605 -20.608
81.063 25.985 1.035
89.070 10.124 6.349
72.497 19.387 9.192
67.739 27.943 10.607
-3.565 -39.264 -24.641
66.110 -33.784 -7.736
-42.586 3.867 -12.044
30.931 -48.739 -11.573
30.303 -49.154 -11.920
-14.748 48.840 16.835
27.831 3.621 13.563
-21.065 57.144 16.130
-16.988 61.835 0.405
84.963 -9.669 -13.711
85.783 -2.076 -2.204
-1.164 -37.216 20.221
-21.688 65.215 14.875
-59.035 -42.218 10.084
48.706 -31.834 -18.294
19.629 -46.380 -10.650
66.707 10.183 18.836
-8.164 30.677 1.998
-13.481 32.884 24.377
-41.986 55.731 -11.458
-13.572 -34.819 -23.209
-65.144 31.605 -2.902
64.661 32.115 11.282
-28.906 57.300 20.399
-52.463 38.156 12.284
44.580 -44.312 -23.617
43.502 0.380 -13.004
40.587 -46.467 20.024
-64.694 34.467 -10.415
-34.869 -21.710 -24.186
45.479 -21.346 -16.682
26.207 -19.996 8.240
25.169 -32.365 2.820
14.806 -53.422 -28.007
45.042 -15.981 -17.688
-60.858 41.687 -16.246
53.588 -32.938 23.986
-21.723 -44.468 28.203
31.775 17.382 -1.863
72.835 -26.080 -8.166
61.180 -31.383 -6.250
-39.260 38.045 -1.579
-41.278 37.808 -0.705
-62.748 -43.192 24.845
51.134 -30.523 -20.534
-42.724 -50.403 -19.691
-45.122 -36.807 -26.230
-7.924 -14.735 -7.788
-43.419 43.451 5.309
17.068 -19.816 11.733
17.728 -19.223 6.830
28.781 -38.190 26.897
-65.717 -41.652 20.837
-23.216 16.538 -5.269
34.994 -34.145 27.307
35.699 -33.519 27.580
-45.122 -1.372 -14.058
55.931 -42.437 -26.364
-0.965 -51.360 2.190
-25.753 17.295 20.056
-28.165 45.707 -8.612
49.365 -35.675 -20.466
-46.835 27.871 9.384
-8.050 40.478 16.884
-9.501 30.764 5.670
-9.219 31.009 5.879
-0.921 4.560 19.813
-43.576 -32.468 26.545
-75.338 36.531 -5.633
37.808 20.948 -3.024
51.356 -28.176 -20.406
50.996 -28.439 -18.945
19.062 -14.290 13.018
23.109 18.435 26.308
77.682 31.838 3.517
76.805 31.174 3.711
-70.685 50.896 -6.285
-58.317 -46.750 30.146
-42.290 12.678 -5.793
2.870 55.536 4.195
-7.410 -7.209 -2.969
-50.778 35.446 -2.885
6.345 -39.375 -4.500
32.492 -48.205 -12.481
71.203 6.915 6.095
64.885 -30.071 -22.988
-50.789 -12.713 -16.865
-39.988 43.608 3.119
-38.345 43.133 1.339
-41.977 35.675 -7.711
43.702 22.184 -3.603
42.997 -45.085 36.217
-60.002 36.612 -16.028
3.693 45.512 2.714
-44.860 34.983 8.427
-42.659 27.974 8.095
1.087 -41.142 -11.028
-76.828 58.569 -4.797
70.318 -15.094 -3.153
-26.332 -13.474 5.375
-40.782 37.966 2.706
-45.771 53.304 15.932
26.767 43.115 14.658
-78.220 32.055 -4.951
70.938 -6.598 3.455
-46.148 -2.201 14.322
-49.240 48.950 12.854
-42.535 -55.382 -4.728
18.846 6.000 25.333
31.619 -12.313 8.169
64.351 -41.825 2.532
66.707 -42.001 6.328
-62.896 31.116 -2.603
-35.591 47.465 22.609
-34.160 44.892 23.008
-61.883 -28.745 10.816
51.937 -25.138 -22.341
-30.083 27.620 22.749
-8.269 14.711 14.122
48.468 -36.458 24.312
-58.873 -48.551 2.921
5.552 -19.450 23.645
33.002 -49.750 -12.831
31.576 -49.050 -11.952
-21.044 59.712 -7.548
-17.435 62.745 -5.435
31.487 -45.722 35.753
-58.413 -34.783 12.517
27.420 -38.401 27.151
-63.800 31.643 0.113
28.177 -29.765 -3.567
61.408 11.540 23.587
10.796 -34.142 0.183
37.834 -44.022 -15.754
-49.431 44.027 -2.086
69.281 -6.728 0.905
-10.241 10.538 11.559
0.898 3.202 -4.612
-36.231 42.905 -11.651
50.421 -13.998 -16.983
-46.041 -53.616 -25.454
-33.511 42.322 -4.513
48.561 37.609 8.995
12.056 5.542 -5.980
-39.538 37.728 -10.679
-50.178 33.921 8.798
-17.347 74.789 15.055
-18.577 75.503 15.168
81.096 -7.507 -13.478
-18.140 -53.299 -2.207
50.608 -10.275 -15.841
11.577 -11.932 -6.732
37.732 -7.364 20.157
-18.119 -33.675 -24.901
-60.132 -42.592 11.323
-65.244 33.137 -16.847
-47.865 -41.229 24.271
13.366 9.934 -5.379
-36.913 -46.773 28.132
-52.465 -39.949 13.825
42.364 -23.923 -28.791
-19.462 -22.219 16.576
-48.564 52.922 -5.637
46.252 31.672 -1.479
-74.249 37.816 -10.471
-58.507 33.677 -14.794
-38.885 27.151 6.991
17.942 -16.566 13.264
-49.467 -53.835 4.245
-67.161 42.620 3.258
-67.378 -49.461 14.204
50.086 -28.900 -17.313
41.776 -49.962 -17.529
-54.304 31.779 -11.140
-14.584 57.376 14.163
45.916 4.460 -11.169
-44.624 35.098 9.234
77.053 -8.220 4.786
80.595 -10.035 3.930
-28.306 30.145 23.145
-63.360 43.777 0.092
55.237 -19.995 -23.568
43.194 -45.958 -19.468
-52.282 26.428 11.823
44.739 -37.691 -18.572
45.614 -35.842 -18.377
-48.351 44.055 -1.970
-65.889 34.026 -6.245
-5.845 13.533 10.463
-42.724 35.669 10.745
-64.778 32.262 -1.764
-64.388 31.950 -1.174
46.715 -40.072 -20.011
-12.243 43.453 17.540
33.785 -45.839 -12.901
-70.476 31.428 -4.483
-5.158 62.824 14.088
55.594 -29.563 21.096
-38.441 27.509 5.373
94.191 26.517 -1.123
56.123 -22.113 -26.142
-51.864 -1.085 12.458
28.134 -48.685 13.302
17.601 -17.144 12.448
-24.961 54.992 24.277
52.365 -26.990 -22.257
53.186 -25.889 -21.631
-40.887 -35.579 -38.430
-3.025 -55.128 -14.669
25.207 -0.061 11.104
49.513 -32.749 -22.396
-48.303 37.911 11.097
-29.738 26.527 -9.578
-14.601 57.843 16.119
-33.209 -21.324 12.036
-42.459 1.370 15.316
2.621 -37.538 -9.509
25.762 -21.035 10.271
30.109 20.024 -3.112
-33.406 -54.831 -26.531
-59.402 29.531 5.453
47.839 3.002 -12.397
50.936 20.632 25.606
43.737 -45.047 -21.565
-5.162 16.189 10.008
48.614 -22.693 23.820
46.554 -8.709 -13.865
48.228 -7.818 -13.742
-66.758 46.457 8.227
-49.334 50.168 -9.171
66.007 -54.117 -13.230
20.787 -45.448 -23.841
10.567 71.946 22.708
50.767 -31.167 -18.444
-33.214 -54.086 13.575
-27.515 -45.804 -35.557
-11.874 9.190 11.006
-48.594 59.327 4.551
-0.404 31.259 3.188
21.804 -44.585 -14.152
-9.054 53.103 31.816
-12.927 -1.822 7.913
-30.172 14.204 -7.382
-26.039 26.359 -6.374
54.308 -16.401 -19.812
-6.432 61.014 18.639
24.347 -36.756 3.748
-45.569 -27.625 26.380
-33.368 -25.567 17.994
57.566 -33.924 11.474
14.416 -52.261 -27.575
-33.896 24.601 15.424
26.508 39.187 11.347
47.074 -52.353 36.952
18.353 -49.111 -10.429
23.140 -36.278 5.861
-65.571 49.216 -18.208
43.597 -4.075 -12.676
45.004 -4.386 -12.363
1.403 -50.532 -14.367
-43.924 41.094 10.131
-65.080 51.884 -9.440
83.249 31.436 4.568
-16.362 53.897 5.647
-38.783 -4.317 -13.568
-49.596 32.336 6.619
-27.511 60.319 26.866
45.292 -40.560 -20.830
-43.802 28.010 2.791
17.077 -20.006 12.047
-5.308 7.234 6.965
-21.394 2.188 11.603
-34.749 38.894 -4.456
41.556 -27.449 -5.687
38.624 -28.100 -6.035
49.352 -53.083 -9.356
54.199 -1.117 -4.121
30.793 -18.358 2.396
23.709 -42.855 -11.651
26.735 -33.190 -2.075
-49.738 44.660 -3.477
19.885 -46.086 -14.035
78.505 -24.556 -25.318
39.975 2.007 7.030
39.526 1.985 9.703
-63.214 -42.585 11.664
6.796 17.151 21.610
-34.761 -52.754 25.141
26.729 -39.099 -0.686
52.782 -12.074 -17.968
-33.845 29.925 -6.475
30.687 -37.704 -16.588
81.828 -26.841 -24.961
73.233 -7.849 -8.648
-47.748 57.767 8.368
13.045 7.844 25.664
-17.812 -11.531 6.751
20.818 -10.531 12.103
26.435 -26.327 3.270
6.740 -27.875 -8.763
42.836 -22.952 -14.941
-46.508 28.480 -16.727
40.704 29.501 -2.889
-63.715 33.413 0.918
60.806 16.206 23.609
36.376 -40.663 24.291
49.516 -31.822 -16.317
39.635 37.476 4.319
26.938 -38.611 19.784
65.929 -54.812 -22.491
-2.894 -51.821 -13.962
69.198 -5.606 3.013
66.722 -31.303 -26.470
-65.422 32.828 -14.808
48.213 -33.254 -16.709
31.693 28.162 26.399
27.761 -31.144 -9.478
27.878 -37.819 -13.011
30.853 -36.004 27.006
46.748 -34.892 -18.454
-67.109 35.436 0.654
-65.402 33.819 -0.054
-0.882 50.697 4.673
-6.257 -40.235 26.875
-11.732 59.273 15.174
32.845 43.550 14.984
58.866 15.016 -3.153
44.795 -43.400 -21.421
-8.258 48.550 15.805
16.091 -22.263 2.855
-32.914 53.676 23.070
-16.144 -55.590 29.705
-44.454 44.213 1.593
-41.828 23.872 13.471
26.751 -47.860 -8.302
34.973 32.055 25.280
46.898 -20.867 -16.720
-10.891 28.971 2.596
40.535 8.450 16.637
71.307 4.272 4.177
30.144 -37.163 25.448
-66.167 32.544 -3.163
-67.581 32.128 -5.282
8.051 33.822 12.168
46.881 -15.298 -17.012
-8.442 30.081 2.856
-46.337 33.300 5.758
-35.541 28.121 -9.856
-28.724 58.893 14.375
-70.496 32.140 -5.045
43.698 -11.173 -20.029
-70.365 25.058 1.664
-67.669 52.722 0.653
-40.546 36.822 -4.615
-30.071 60.863 8.008
-48.902 -42.257 -24.868
55.570 9.306 25.236
32.033 -49.526 -6.840
74.775 -39.114 -28.939
77.467 -41.985 -27.446
-46.987 27.269 6.480
-54.671 -49.064 9.566
-44.715 -19.297 -19.753
-24.915 -12.323 4.217
-21.493 53.714 28.471
51.302 -33.021 -23.198
21.250 24.437 -2.863
6.740 18.253 -0.702
-11.295 17.568 9.989
45.530 8.547 -9.583
-74.114 34.250 -2.978
-19.586 -41.937 29.139
69.812 -5.257 5.513
-22.148 -14.908 4.196
-13.452 42.107 32.998
45.540 -6.413 -12.556
-36.083 -30.878 -24.657
-52.777 31.352 3.639
-19.863 -1.337 7.372
34.713 -42.877 36.793
32.519 -36.404 24.184
58.305 -35.252 -24.008
-22.431 59.639 6.672
-42.457 36.481 13.420
9.049 -2.653 -7.377
-38.654 26.343 7.944
-40.802 -36.291 -34.771
55.776 20.768 24.781
-67.064 35.246 -0.302
23.472 -44.505 -7.428
-37.725 -34.752 -38.071
71.697 8.133 6.525
-45.447 36.906 -0.165
-44.323 56.938 16.197
-42.370 42.517 5.847
-43.711 36.120 -9.385
23.524 -34.608 5.193
-65.713 -48.995 14.769
50.943 -34.652 -15.595
35.210 -51.880 -25.535
43.960 -26.721 -29.504
-46.633 35.877 -3.332
-48.822 35.344 -0.812
-62.924 -10.273 4.393
-23.308 35.770 -6.086
-23.567 35.125 -6.988
73.336 0.987 8.813
-51.207 53.698 14.583
-53.659 52.272 9.025
-58.928 33.614 -2.368
-56.544 44.736 -16.573
-32.258 -54.141 -32.401
34.155 -34.972 26.069
-22.139 25.328 -3.976
-46.731 -45.925 -37.963
11.233 17.298 -3.669
63.446 -2.397 20.637
71.284 -16.573 -7.759
-51.145 44.822 -3.908
44.566 -7.899 -14.757
62.359 25.387 19.086
-62.892 61.187 -6.494
5.884 7.903 23.968
0.018 -22.931 -13.537
-68.476 52.652 -17.946
-39.750 -39.645 -39.890
48.680 -31.787 26.377
15.177 -22.872 12.397
-43.463 45.530 17.938
-8.963 60.244 15.590
60.185 -33.524 -22.461
85.332 34.372 1.790
27.762 -31.898 -2.131
2.021 -52.586 -17.485
28.473 -38.328 29.212
23.345 -44.942 -7.902
-9.394 59.140 16.589
-11.500 32.494 25.123
80.335 -18.367 -0.739
26.280 -47.518 -7.614
-55.736 -49.094 26.489
53.650 30.896 0.588
-62.682 33.271 -13.706
-13.824 -50.435 18.790
10.151 -33.431 11.576
-63.565 49.951 -21.088
-44.252 27.576 -0.150
0.182 -15.091 24.367
-65.010 45.938 -17.698
45.703 -16.006 25.744
68.621 2.279 4.617
56.733 -31.985 -1.751
-67.138 30.682 -3.945
-13.862 31.405 27.046
-5.797 20.953 14.440
52.638 -18.851 -21.219
47.678 -33.824 -19.345
-62.406 -43.895 23.508
71.091 -3.134 1.269
84.130 -16.000 -0.260
55.730 -37.613 -24.244
46.567 -22.643 -3.646
23.417 -48.871 -8.054
49.102 -37.620 -23.735
4.202 -41.301 -15.194
-34.714 54.356 -8.960
1.098 25.596 11.919
-5.236 -18.111 23.279
67.598 -26.446 -8.569
40.822 -17.151 25.790
-37.669 28.223 12.176
18.935 35.269 15.836
-52.979 34.805 -8.428
-52.220 26.740 -13.222
-55.393 24.764 -9.144
-37.797 27.190 8.310
-40.521 38.144 6.331
-50.079 35.089 -4.414
-16.139 51.316 -3.994
-57.559 46.253 -5.702
-73.737 35.395 -7.700
40.520 -32.154 -23.199
45.743 -27.587 -3.455
-7.642 15.563 13.343
47.359 8.773 -2.987
30.598 38.725 16.761
-57.141 -30.829 -18.400
17.034 -20.887 6.830
47.899 -21.446 -17.421
-6.940 48.411 0.019
50.094 -33.843 -19.045
-58.664 -2.983 -7.463
52.764 -23.530 -20.868
48.521 -11.018 -16.035
-9.745 -54.572 -8.706
45.656 -45.290 -21.049
47.072 -10.477 -16.330
25.222 -37.708 -6.206
-12.049 -23.649 -12.753
-65.612 33.519 -16.277
-26.120 25.720 -4.234
23.718 -29.475 7.792
-15.276 -8.011 5.599
18.462 11.536 26.152
-44.900 42.206 7.615
-45.465 23.161 13.545
22.534 -51.078 -23.391
19.253 -49.277 -23.207
93.357 17.813 6.543
-29.473 60.083 22.836
-7.206 60.468 16.046
-4.826 -52.271 -13.451
-19.081 27.833 27.161
30.304 -25.356 22.928
75.301 13.036 3.891
3.174 -43.550 -14.348
-12.795 7.201 9.944
55.727 -9.116 24.005
-41.846 37.835 3.540
-15.616 32.320 21.968
-81.585 29.683 -12.450
29.711 25.402 -3.229
-62.681 43.359 2.771
57.061 -17.437 2.950
7.915 15.261 23.117
49.558 -10.131 -15.483
31.318 -28.506 -2.783
-55.567 53.875 0.455
30.038 -37.803 26.194
51.280 -15.309 -19.145
-20.232 46.125 -4.774
25.436 -48.074 -6.869
-16.806 1.434 7.977
-16.846 2.038 9.573
-25.499 -46.447 -32.182
40.999 -33.135 25.290
-27.758 -5.909 0.912
-29.789 -18.986 -14.297
-74.319 53.097 -5.050
-42.909 37.870 -0.750
-40.732 -54.253 10.276
-39.567 -52.455 13.072
-69.156 32.082 -1.782
27.326 -46.203 -22.706
3.087 -40.561 14.704
-72.956 34.571 -7.865
40.342 -8.130 -0.955
51.177 -12.568 -16.534
20.601 -51.711 -6.781
-60.464 -9.869 9.431
8.750 -2.381 25.514
35.405 -6.020 6.940
46.680 -20.097 -18.082
60.428 1.442 -3.199
-47.872 33.756 7.723
-24.639 43.879 27.839
43.745 -44.093 -23.099
-38.588 60.706 4.385
-75.534 21.929 1.128
-8.461 -39.527 -22.750
-47.935 27.072 2.250
26.033 -34.607 -2.665
59.394 -53.366 5.749
47.161 -36.221 -18.588
44.414 -4.704 -2.896
31.751 -45.800 -17.832
-44.480 42.083 8.453
-54.155 31.237 -12.713
-69.429 32.807 -5.018
45.233 -15.016 -17.868
-40.406 -49.478 20.187
-11.815 0.405 7.829
25.601 -45.383 -7.517
-51.702 -49.917 9.798
31.498 -48.289 -12.402
39.142 -0.025 6.399
60.604 -9.769 19.790
50.688 -33.688 -20.249
-45.721 43.679 0.183
11.340 21.002 23.146
-66.292 48.147 -15.678
-56.773 44.409 1.190
44.390 8.701 -10.453
-43.029 37.141 -1.564
-42.356 37.530 -3.072
-42.918 28.361 11.358
54.854 -18.553 -22.786
-55.595 46.296 -2.525
-68.469 43.558 -0.732
-0.651 -48.652 -13.569
-48.059 -22.733 -19.964
-39.367 36.765 -5.108
46.604 -35.790 -19.122
-44.931 27.865 8.533
40.694 -49.173 36.151
84.045 9.700 6.264
87.994 9.855 3.593
-0.457 63.580 18.651
50.945 37.451 15.379
-40.350 39.005 14.866
-41.330 37.349 3.420
20.100 -44.985 -9.875
-9.971 38.215 7.816
-8.786 23.196 11.891
-24.702 -46.576 29.834
47.574 -23.084 -18.336
-30.312 60.223 12.527
35.458 -41.475 30.304
-20.605 28.566 28.405
-41.540 29.256 -8.702
81.209 28.641 3.417
52.375 -26.144 1.340
-85.316 41.332 -16.366
-53.903 -6.748 12.708
50.451 -19.778 -20.022
49.873 -19.385 -18.901
-24.294 37.693 -7.847
40.433 -51.367 -17.003
-38.231 37.390 -3.490
51.080 -31.624 -22.825
31.007 34.123 23.374
-55.971 4.426 -0.572
-18.694 29.733 22.911
-50.691 44.467 -2.595
-39.438 -21.775 19.665
-35.668 -28.606 25.300
-57.059 46.448 -4.238
36.978 -7.268 2.800
-43.192 36.018 -12.363
-60.124 32.652 -14.059
71.586 9.367 6.576
19.321 40.609 11.784
-40.366 25.027 15.717
-62.238 45.821 -16.863
47.341 -9.582 -14.516
56.333 -13.547 -23.331
-39.834 38.052 3.699
-60.820 -5.427 4.975
85.921 18.063 2.513
49.195 -37.102 -25.591
-61.559 41.738 -16.829
-68.559 32.148 -4.101
31.968 -11.342 8.582
-15.449 -16.418 -2.529
-5.470 13.929 9.487
70.680 -21.310 -7.941
21.623 40.630 13.174
50.041 -36.387 -24.768
-27.923 10.029 18.782
49.829 -37.794 -20.576
46.014 -24.239 -3.303
-44.043 -46.575 15.724
-42.551 28.458 10.343
-51.235 -43.792 26.689
47.668 26.870 -3.169
23.616 -30.915 5.480
88.404 -26.195 -16.516
25.851 0.256 12.047
-8.307 56.196 -0.016
-42.704 43.497 4.204
-44.014 24.068 14.014
-11.922 19.010 5.385
-31.945 40.757 -5.087
-15.484 -52.125 -14.451
-9.198 6.338 9.112
50.106 -17.173 -18.247
-53.716 45.808 -5.176
-74.017 31.462 -1.962
-44.848 37.161 1.373
87.671 26.388 -0.279
-76.282 35.003 -8.647
-40.253 27.642 10.537
26.616 1.933 12.374
-52.305 56.327 -3.511
-2.359 -52.043 -1.829
-20.703 24.432 -6.054
70.939 5.994 5.824
44.051 -25.605 -3.854
44.932 -28.185 -4.993
-38.063 -18.750 -22.540
-43.124 -34.165 -25.182
44.958 -52.714 -27.224
39.277 -38.854 32.520
-7.578 -36.490 -14.610
-66.872 33.159 -17.196
67.652 6.843 17.886
50.254 -48.875 -23.243
26.447 -35.453 -2.197
-66.918 52.317 -10.766
57.700 -10.046 -0.805
38.985 -52.302 -26.897
43.833 -14.250 -18.423
70.347 21.949 12.934
-7.330 18.026 13.861
-65.905 22.677 2.124
62.258 -44.447 -28.648
0.605 -35.250 -19.630
51.534 -22.214 -21.141
-54.703 46.566 -5.436
31.038 7.065 12.436
47.239 -30.912 -7.027
23.932 -30.020 6.268
43.115 -3.377 -12.914
53.431 -49.073 14.773
-11.138 -54.969 -26.984
71.425 -2.459 1.319
55.874 -44.316 25.796
-67.385 -20.561 -5.148
-18.410 -45.518 -29.137
-28.953 6.545 -8.299
52.540 -21.428 -21.631
-67.753 -50.916 26.359
2.865 27.760 11.469
-36.077 28.551 -2.654
86.635 33.993 0.989
-10.639 59.584 15.995
-23.259 -7.869 5.441
-44.981 36.555 -5.008
-66.321 58.261 -11.029
39.522 -37.551 -20.828
34.738 -32.206 -20.474
-41.180 43.211 -4.546
-68.827 33.493 -16.085
-67.921 50.424 -14.913
-65.156 45.252 -16.391
-41.788 35.453 10.225
54.775 35.150 9.046
-64.201 41.511 0.572
34.276 -34.132 29.860
27.498 -46.137 -9.254
-8.855 7.352 8.771
24.646 -29.786 4.929
-5.464 -52.047 -13.488
-64.987 55.058 -14.284
-45.504 25.480 -15.369
34.888 -55.456 -5.408
-21.000 26.355 -4.125
-4.762 5.738 12.508
-69.623 32.842 -2.999
-66.994 -25.607 2.962
3.230 -36.686 -12.968
55.569 -17.799 -22.815
-4.745 -49.207 -10.070
0.343 -49.165 -3.764
18.928 -15.001 12.180
24.544 -24.644 6.513
44.831 -42.377 -21.112
10.362 34.342 12.624
52.567 -27.493 -23.019
-24.108 -45.041 -20.008
52.017 -29.927 -22.199
30.475 -53.319 8.020
-9.020 31.441 4.060
34.379 -49.419 -13.010
-30.625 -19.526 -21.549
-3.441 -52.471 -14.254
39.367 -27.172 -8.947
-13.359 26.653 0.498
31.370 -36.783 25.272
-25.670 -9.497 6.132
-15.893 -9.417 6.481
-2.275 47.310 4.490
-33.769 60.607 10.155
-68.135 34.946 -17.922
23.682 -46.166 -6.781
16.675 -49.566 -16.037
17.553 -48.261 -16.699
-39.791 37.938 13.183
54.401 -13.967 -19.116
-58.952 45.883 -5.871
38.044 -0.706 9.709
-39.492 29.695 -8.689
-24.527 -41.493 -29.807
19.170 -50.927 -24.355
51.539 -27.616 -19.310
-30.393 -52.862 -1.481
44.479 -44.486 -21.785
-68.072 48.593 -17.317
-66.775 44.290 8.720
-12.536 58.966 14.165
-41.405 36.026 -7.353
-12.511 58.226 15.529
-59.863 39.468 6.728
-43.637 28.971 -7.844
3.957 -39.024 -14.635
-70.675 60.190 -12.718
-60.906 -4.042 1.011
2.344 -37.523 -11.066
-11.102 33.069 33.033
37.264 9.223 9.101
70.157 -37.274 -29.042
-37.535 41.903 -7.276
49.817 -33.779 -23.509
-64.311 31.053 -3.380
44.122 -6.352 -13.542
-1.594 21.495 12.244
-62.479 49.734 -7.819
-23.483 25.600 -5.054
64.782 12.157 21.268
47.048 43.123 11.643
-44.086 42.408 -14.625
-55.187 -40.323 19.233
28.340 23.906 26.533
-35.919 25.581 10.036
-27.888 28.367 -9.214
36.713 -34.353 26.220
70.312 0.074 3.277
-35.590 25.481 16.519
85.677 -33.836 -11.618
56.862 9.195 -4.106
1.389 -44.351 -24.789
52.854 -30.818 -26.807
48.942 1.886 -4.223
-64.331 32.032 -3.827
24.636 -24.034 9.116
-42.165 36.629 -8.700
-65.476 32.718 -16.368
-40.780 37.322 8.112
-6.090 12.251 9.933
-68.371 26.910 -18.640
-63.037 32.484 1.612
-17.585 -38.958 -27.815
-24.657 1.869 14.668
-8.453 55.608 32.740
79.520 -51.826 -2.140
-19.477 55.688 0.519
-19.129 28.505 23.528
26.752 -48.182 -7.561
15.578 -52.016 -26.547
-34.548 55.498 26.207
29.864 -14.222 8.688
-21.460 68.705 14.494
69.451 -5.169 1.859
-66.224 40.107 0.802
48.917 -32.434 -15.682
38.955 21.431 25.843
-35.054 26.143 14.012
32.615 -45.017 32.905
71.829 -4.145 -0.000
-28.366 58.034 -0.575
-5.774 -22.897 23.471
-6.518 27.726 15.188
-8.999 43.236 30.050
-16.720 5.736 11.258
53.473 -12.461 -18.321
60.450 -41.807 17.240
4.463 22.131 15.011
-56.479 24.992 9.623
-71.025 47.271 6.017
24.610 33.440 1.132
44.866 -9.020 -16.228
21.909 -7.216 9.927
-16.196 31.723 23.689
18.198 -48.964 -25.132
-57.000 31.919 -15.954
-26.963 -24.742 -24.433
-16.203 -14.194 4.525
29.328 4.713 12.033
-66.189 -49.968 19.253
47.455 -12.878 -16.860
51.734 -29.545 -23.400
-66.291 30.873 -2.783
35.565 -46.819 20.254
-20.176 -38.699 21.039
77.929 -12.000 -17.135
21.323 30.967 22.607
-39.515 -35.070 -28.561
-62.511 49.769 -11.947
47.992 -30.896 -18.366
-68.820 52.105 -12.355
-2.321 21.154 10.938
28.975 5.336 13.255
-17.562 31.707 25.071
-13.851 -5.983 7.020
-43.398 30.329 -15.339
23.487 -31.998 7.158
-49.743 -40.213 15.835
-64.965 33.553 -3.300
-69.826 51.329 -15.030
42.204 -45.253 -21.010
-62.543 27.267 -22.227
-45.752 37.308 2.851
5.895 67.468 21.789
54.012 -14.828 -20.265
17.668 -46.236 -17.933
25.363 -34.816 -5.327
-54.498 32.187 -14.172
-35.603 25.560 15.097
-25.174 -13.614 4.000
-2.023 40.313 3.862
-57.067 1.470 2.565
-20.421 -48.278 -19.134
43.172 -52.750 -24.792
-4.491 -50.988 -13.420
51.855 25.297 -2.713
20.065 -45.842 -15.203
51.632 -10.325 -16.515
43.502 -7.248 -14.508
-33.770 35.865 -10.028
-48.651 35.686 2.105
-65.116 -13.178 2.920
45.150 -42.169 -19.937
-32.942 27.050 -10.571
-56.379 42.371 12.913
-6.694 61.104 17.086
42.505 -49.648 -19.915
16.530 -20.152 11.822
-37.702 -41.070 25.053
-41.713 42.696 6.626
-44.502 -49.251 -19.848
71.388 -1.158 2.627
-20.615 10.100 17.645
-18.443 -37.770 -25.329
-14.379 61.363 0.692
-8.108 9.221 8.665
-61.932 -45.494 30.367
52.659 -17.407 -1.046
-60.477 42.255 -15.189
43.062 -46.723 -22.253
58.285 -35.461 19.066
47.291 -24.399 -17.509
-60.901 -9.310 -9.351
-38.044 43.329 2.556
-9.442 60.005 16.170
-43.980 35.792 -10.134
-6.789 31.332 2.646
20.687 34.221 3.939
-47.085 -47.620 14.520
-12.750 -0.859 8.326
-11.102 58.611 16.073
15.806 -52.855 -15.471
27.943 -36.704 28.030
16.200 -20.856 12.059
43.847 -14.366 -19.372
44.476 0.939 -11.867
45.153 -33.131 -11.285
36.132 -5.015 7.317
-78.487 51.752 0.869
-47.822 55.937 -9.079
-61.379 32.232 -13.772
18.972 -45.239 -14.835
48.225 -18.686 -17.223
36.964 -17.815 -1.194
-62.306 23.864 -9.516
-27.970 -52.637 16.770
52.381 -26.008 -20.835
47.092 -38.353 -20.669
-18.982 0.592 7.793
2.778 -44.944 -4.986
-3.524 62.241 18.112
52.333 -22.622 -22.284
-72.479 32.540 -6.833
-60.276 34.607 -13.810
68.908 13.846 6.291
72.295 -54.769 11.475
-19.450 54.000 -4.614
-12.086 58.856 15.590
33.556 -37.991 25.626
40.956 -44.214 27.323
70.900 2.581 4.076
45.964 -41.454 -21.196
-25.913 -47.377 -32.070
26.046 -51.105 -28.122
47.643 -20.647 -18.912
-44.638 13.579 7.995
28.178 -16.923 8.541
15.760 -48.746 -17.685
40.510 -24.159 -13.196
-33.300 39.560 -5.300
24.964 -44.741 -7.020
52.987 -21.976 -21.480
32.908 -37.699 24.133
-54.611 34.400 -3.078
-34.464 42.780 23.621
-46.908 36.104 -3.731
-41.285 36.469 -9.493
-47.500 27.833 8.274
20.187 -46.985 -14.463
-41.461 37.072 -10.295
14.500 -3.654 24.703
-45.269 50.247 17.432
-33.636 -27.084 21.989
27.922 -37.597 27.055
44.099 -16.683 -18.378
-23.907 50.747 -6.327
-11.337 2.727 8.253
33.810 -8.191 8.368
46.067 8.918 -9.829
-3.326 -33.989 23.627
-55.619 45.574 -18.664
-35.317 -51.278 27.312
-56.376 31.132 0.843
-65.339 33.077 -3.049
18.277 -47.881 -8.814
42.681 -55.616 -13.014
-5.833 -24.700 -12.822
-20.986 -2.048 9.013
-7.093 32.282 3.261
-8.042 -26.241 26.847
48.227 -36.200 -21.004
18.724 -49.845 -24.602
66.499 -41.928 0.766
19.935 -12.900 7.535
5.747 69.109 23.431
-61.077 -22.681 -15.528
52.256 -30.697 -24.211
-73.995 38.637 -15.104
58.299 -23.495 2.031
-14.958 -37.943 29.169
44.269 -28.160 -32.940
90.311 12.710 4.929
-13.628 32.488 26.753
-55.039 46.024 -8.841
55.492 -14.364 -21.181
48.583 -16.417 -19.349
34.735 -34.909 24.970
-51.360 -54.204 1.816
27.845 -16.817 10.001
-7.867 30.467 2.877
47.102 -32.646 -18.048
48.901 -14.858 -17.918
-50.183 35.477 -0.859
24.408 25.908 26.000
-41.736 36.206 -8.162
34.558 -46.940 -13.336
36.421 -3.912 9.024
-64.338 34.246 -16.347
50.006 -12.619 -17.072
-69.960 36.566 -18.210
-13.042 50.138 -2.520
-27.330 -55.476 26.184
68.949 -6.815 3.040
17.222 -53.148 -27.381
37.224 -43.586 -17.834
-36.731 28.146 11.817
52.850 -25.195 -20.295
-14.456 -15.816 0.405
-27.070 -33.667 20.087
-44.360 60.611 2.823
-53.033 5.514 6.456
67.082 -41.108 -0.380
37.077 -15.968 24.392
55.363 -15.752 -21.784
59.957 31.766 15.172
-76.635 28.706 -1.981
-42.608 37.313 3.178
-75.257 46.596 2.361
44.342 -53.333 -31.509
-72.785 46.257 -3.425
-70.029 54.874 -20.127
-18.095 30.888 -4.595
-48.059 33.108 13.887
-71.603 58.981 -17.152
52.077 -31.881 -23.602
22.196 -51.680 -29.429
-30.656 -28.763 -25.054
-60.109 34.188 -6.961
-64.515 33.020 -1.651
4.001 44.015 4.813
EDGES 8383
0 843 25 255 188 255
0 1326 25 255 177 255
0 2269 25 255 178 255
0 2753 25 255 172 255
1 308 25 241 255 255
1 1304 25 217 255 255
1 1768 25 221 255 255
1 2789 25 195 255 255
2 129 25 255 213 255
2 2023 25 255 172 255
2 2373 25 255 174 255
2 2688 25 255 148 255
3 39 86 255 25 255
3 108 140 255 25 255
3 684 122 255 25 255
3 862 160 255 25 255
3 1189 164 255 25 255
3 1876 39 255 25 255
3 2713 103 255 25 255
4 351 25 247 255 255
4 1102 25 255 176 255
4 1810 25 255 220 255
4 1811 25 255 221 255
4 2083 25 255 200 255
4 2114 25 255 248 255
4 2349 25 248 255 255
4 2407 25 255 218 255
4 2503 25 255 186 255
5 951 25 255 118 255
5 1411 25 255 91 255
5 1589 25 255 144 255
5 1590 25 255 93 255
5 1702 25 255 106 255
5 1836 25 255 96 255
5 2230 25 255 100 255
6 576 38 255 25 255
6 1527 25 255 30 255
6 1666 25 255 46 255
6 1748 49 255 25 255
6 1824 25 255 43 255
7 150 77 255 25 255
7 189 110 255 25 255
7 605 68 255 25 255
7 636 134 255 25 255
7 1109 67 255 25 255
7 1310 115 255 25 255
7 1313 79 255 25 255
7 1806 60 255 25 255
8 249 25 132 255 255
8 682 25 115 255 255
8 847 25 110 255 255
8 1312 25 133 255 255
8 1847 25 142 255 255
8 2139 25 140 255 255
9 157 25 255 92 255
9 246 25 255 136 255
9 444 25 255 124 255
9 1427 25 255 50 255
9 1755 28 255 25 255
9 1756 25 255 98 255
10 1037 25 134 255 255
10 1166 25 191 255 255
10 1175 25 114 255 255
10 2700 25 191 255 255
11 512 25 90 255 255
11 982 25 76 255 255
11 1178 25 71 255 255
11 1813 25 44 255 255
11 1993 25 45 255 255
12 134 99 255 25 255
12 492 76 255 25 255
12 762 98 255 25 255
12 1353 89 255 25 255
12 2374 81 255 25 255
12 2620 101 255 25 255
13 1012 48 255 25 255
13 1910 39 255 25 255
13 2226 25 255 29 255
13 2416 27 255 25 255
14 607 25 255 129 255
14 1494 25 255 126 255
14 1737 25 255 80 255
14 2219 32 255 25 255
14 2220 25 255 45 255
14 2689 25 255 43 255
15 361 25 255 99 255
15 366 25 255 46 255
15 1465 25 255 88 255
15 1843 25 255 78 255
16 91 255 199 25 255
16 293 255 204 25 255
16 716 255 179 25 255
16 1039 255 220 25 255
16 1354 255 182 25 255
17 1259 25 157 255 255
17 1472 25 116 255 255
17 1812 25 136 255 255
17 2483 25 185 255 255
18 396 25 234 255 255
18 735 25 179 255 255
18 985 25 226 255 255
18 1048 25 156 255 255
18 1622 25 188 255 255
18 1907 25 171 255 255
19 172 25 255 219 255
19 1078 25 241 255 255
19 1111 25 255 230 255
19 1690 25 244 255 255
19 2009 25 255 226 255
19 2348 25 255 241 255
20 106 25 216 255 255
20 878 25 232 255 255
20 2001 25 255 253 255
20 2054 25 164 255 255
21 423 25 123 255 255
21 577 25 176 255 255
21 639 25 189 255 255
21 1143 25 150 255 255
21 1144 25 148 255 255
21 1773 25 131 255 255
21 2449 25 166 255 255
22 83 25 219 255 255
22 312 25 255 211 255
22 393 25 249 255 255
22 1377 25 248 255 255
22 1804 25 255 212 255
23 437 25 36 255 255
23 828 25 82 255 255
23 1624 25 74 255 255
23 2069 25 35 255 255
23 2734 25 56 255 255
24 193 255 165 25 255
24 204 255 229 25 255
24 501 255 178 25 255
24 1953 255 143 25 255
24 2122 255 234 25 255
24 2136 255 146 25 255
24 2612 255 209 25 255
25 163 25 255 139 255
25 224 25 255 83 255
25 449 25 255 153 255
25 1220 25 255 137 255
25 1290 25 255 63 255
25 2119 25 255 161 255
26 396 25 255 232 255
26 481 25 244 255 255
26 1369 25 250 255 255
26 1431 25 255 248 255
26 1432 25 232 255 255
26 1845 25 255 222 255
26 2505 25 255 227 255
27 319 25 255 36 255
27 605 28 255 25 255
27 1180 25 255 39 255
27 1455 25 255 43 255
27 1518 25 255 45 255
27 1884 40 255 25 255
27 2408 25 255 53 255
27 2537 25 255 39 255
27 2546 60 255 25 255
28 501 255 173 25 255
28 1054 255 223 25 255
28 1292 255 194 25 255
28 2518 255 195 25 255
28 2567 255 208 25 255
29 118 25 255 175 255
29 347 25 255 185 255
29 1466 25 255 197 255
29 1735 25 255 148 255
29 1756 25 255 142 255
30 211 25 255 181 255
30 388 25 255 195 255
30 543 25 255 175 255
30 926 25 255 156 255
30 1342 25 255 162 255
31 185 25 255 222 255
31 873 25 255 205 255
31 924 25 255 145 255
31 940 25 255 154 255
31 958 25 255 231 255
31 1222 25 255 201 255
31 1944 25 255 198 255
31 2459 25 255 145 255
31 2549 25 255 229 255
32 110 255 151 25 255
32 193 255 135 25 255
32 1258 255 132 25 255
32 1981 255 133 25 255
32 2280 255 155 25 255
33 146 174 255 25 255
33 148 188 255 25 255
33 191 168 255 25 255
33 932 185 255 25 255
33 1533 165 255 25 255
33 1965 218 255 25 255
34 52 248 255 25 255
34 91 255 232 25 255
34 666 255 251 25 255
34 916 238 255 25 255
34 1039 255 253 25 255
34 1094 232 255 25 255
35 367 25 226 255 255
35 542 25 189 255 255
35 1376 25 188 255 255
35 1496 25 255 251 255
35 1929 25 216 255 255
35 2251 25 205 255 255
35 2593 25 231 255 255
36 465 25 255 92 255
36 589 25 255 90 255
36 1034 25 255 61 255
36 1448 25 255 53 255
36 2211 25 255 38 255
36 2585 25 255 93 255
37 125 25 255 65 255
37 153 25 255 27 255
37 651 25 255 85 255
37 1029 25 255 72 255
37 1448 25 255 48 255
37 1765 33 255 25 255
38 381 62 25 255 255
38 419 94 25 255 255
38 680 84 25 255 255
38 681 99 25 255 255
38 1797 61 25 255 255
38 2180 76 25 255 255
38 2353 83 25 255 255
38 2428 98 25 255 255
38 2703 52 25 255 255
39 237 25 255 36 255
39 1876 25 255 45 255
39 2020 25 255 29 255
39 2502 40 255 25 255
39 2713 68 255 25 255
40 921 25 255 191 255
40 968 25 255 225 255
40 1138 25 255 240 255
40 1539 25 255 195 255
40 1567 25 255 205 255
40 1759 25 255 249 255
40 1873 25 243 255 255
41 142 25 163 255 255
41 1960 25 184 255 255
41 1994 25 144 255 255
41 2370 25 133 255 255
42 543 25 255 165 255
42 1308 25 255 144 255
42 1503 25 255 143 255
42 1742 25 255 148 255
42 2384 25 255 158 255
42 2415 25 255 140 255
43 135 25 255 161 255
43 539 25 255 198 255
43 1116 25 255 170 255
43 1193 25 255 168 255
44 283 25 224 255 255
44 670 25 252 255 255
44 695 25 244 255 255
44 974 25 255 247 255
44 1743 25 255 244 255
44 2341 25 255 243 255
45 279 25 255 84 255
45 389 25 255 103 255
45 561 25 255 89 255
45 624 25 255 73 255
45 1053 25 255 101 255
45 1644 25 255 79 255
46 879 97 255 25 255
46 1294 173 255 25 255
46 1449 132 255 25 255
46 1453 193 255 25 255
46 1755 129 255 25 255
46 2028 206 255 25 255
46 2038 203 255 25 255
46 2402 148 255 25 255
47 306 25 201 255 255
47 325 25 125 255 255
47 804 25 197 255 255
47 1031 25 227 255 255
47 1257 25 205 255 255
47 1565 25 141 255 255
47 1995 25 185 255 255
48 269 25 255 238 255
48 387 25 248 255 255
48 388 25 255 240 255
48 850 25 255 253 255
48 1728 25 231 255 255
48 1820 25 255 220 255
48 1821 25 255 221 255
49 170 25 220 255 255
49 1044 25 217 255 255
49 1129 25 214 255 255
49 1130 25 228 255 255
49 2152 25 240 255 255
50 1101 25 255 180 255
50 1483 25 255 140 255
50 1484 25 255 133 255
50 1883 25 255 116 255
50 2016 25 255 193 255
51 307 77 255 25 255
51 1347 93 255 25 255
51 1418 120 255 25 255
51 1517 128 255 25 255
51 1791 152 255 25 255
51 2655 153 255 25 255
52 534 255 249 25 255
52 666 255 253 25 255
52 916 235 255 25 255
52 1149 244 255 25 255
52 2145 247 255 25 255
52 2436 255 253 25 255
52 2708 255 245 25 255
53 343 181 255 25 255
53 1026 150 255 25 255
53 1027 142 255 25 255
53 1325 170 255 25 255
53 2289 188 255 25 255
53 2311 156 255 25 255
54 384 25 96 255 255
54 385 25 94 255 255
54 888 25 153 255 255
54 1660 25 132 255 255
54 1751 25 127 255 255
54 1939 25 123 255 255
55 362 25 141 255 255
55 483 25 183 255 255
55 1042 25 123 255 255
55 1725 25 161 255 255
55 1758 25 169 255 255
56 917 199 255 25 255
56 1049 168 255 25 255
56 1141 197 255 25 255
56 1226 208 255 25 255
56 1409 208 255 25 255
56 2442 181 255 25 255
56 2556 215 255 25 255
57 243 25 255 48 255
57 515 108 255 25 255
57 811 83 255 25 255
57 849 25 255 55 255
57 949 25 255 66 255
57 1614 90 255 25 255
57 2554 35 255 25 255
58 620 25 255 137 255
58 805 25 255 156 255
58 806 25 255 127 255
58 891 25 255 140 255
58 1634 25 255 140 255
58 2098 25 255 145 255
59 67 210 255 25 255
59 693 255 231 25 255
59 917 234 255 25 255
59 1023 255 229 25 255
59 2179 201 255 25 255
59 2556 250 255 25 255
60 61 25 42 255 255
60 2061 26 25 255 255
60 2548 27 25 255 255
60 2581 25 28 255 255
61 511 25 45 255 255
61 557 25 55 255 255
61 887 25 89 255 255
61 1819 25 40 255 255
61 2548 25 38 255 255
61 2581 25 43 255 255
62 63 25 208 255 255
62 407 25 173 255 255
62 2107 25 231 255 255
62 2186 25 119 255 255
62 2319 25 229 255 255
62 2673 25 198 255 255
63 138 25 204 255 255
63 201 25 126 255 255
63 1138 25 227 255 255
63 1153 25 186 255 255
63 2107 25 221 255 255
63 2186 25 109 255 255
63 2604 25 157 255 255
64 899 25 255 57 255
64 921 25 255 123 255
64 1131 25 255 50 255
64 1348 25 255 73 255
65 162 25 255 130 255
65 288 25 255 141 255
65 582 25 255 166 255
65 907 25 255 152 255
65 973 25 255 133 255
65 1687 25 255 175 255
65 1839 25 255 163 255
65 2635 25 255 170 255
66 129 25 247 255 255
66 602 25 188 255 255
66 925 25 172 255 255
66 1898 25 171 255 255
66 2388 25 247 255 255
66 2516 25 240 255 255
66 2576 25 247 255 255
66 2732 25 249 255 255
66 2763 25 238 255 255
66 2771 25 245 255 255
67 897 140 255 25 255
67 1022 224 255 25 255
67 1023 228 255 25 255
67 1104 162 255 25 255
67 1954 132 255 25 255
67 2179 150 255 25 255
68 107 30 255 25 255
68 398 97 255 25 255
68 855 74 255 25 255
68 897 96 255 25 255
68 1104 118 255 25 255
68 1954 88 255 25 255
68 2240 48 255 25 255
68 2409 86 255 25 255
68 2488 57 255 25 255
69 1199 92 255 25 255
69 2056 92 255 25 255
69 2335 89 255 25 255
70 308 25 255 219 255
70 632 25 255 187 255
70 908 25 255 167 255
70 1203 25 255 175 255
70 1888 25 255 224 255
70 2187 25 255 169 255
70 2472 25 255 224 255
71 447 25 255 131 255
71 1461 25 255 128 255
71 2072 25 255 115 255
71 2196 25 255 167 255
71 2299 25 255 115 255
71 2699 25 255 178 255
72 170 25 225 255 255
72 695 25 240 255 255
72 1466 25 255 247 255
72 1923 25 255 238 255
72 1924 25 255 232 255
72 2152 25 245 255 255
73 1157 196 255 25 255
73 1803 236 255 25 255
73 2206 222 255 25 255
73 2241 201 255 25 255
73 2395 198 255 25 255
73 2432 216 255 25 255
74 386 25 238 255 255
74 438 25 255 244 255
74 525 25 227 255 255
74 778 25 234 255 255
74 1129 25 219 255 255
74 1130 25 234 255 255
74 1727 25 223 255 255
74 1744 25 244 255 255
75 121 25 255 198 255
75 172 25 255 198 255
75 562 25 255 193 255
75 1330 25 255 199 255
75 1332 25 255 190 255
75 2068 25 255 199 255
75 2235 25 255 168 255
76 322 151 255 25 255
76 771 139 255 25 255
76 1541 164 255 25 255
76 1967 127 255 25 255
76 2381 199 255 25 255
76 2590 166 255 25 255
76 2642 154 255 25 255
76 2759 185 255 25 255
77 187 25 255 32 255
77 1359 57 255 25 255
77 1440 25 255 42 255
77 1607 68 255 25 255
77 2010 71 255 25 255
77 2455 36 255 25 255
78 284 25 233 255 255
78 455 25 248 255 255
78 483 25 217 255 255
78 1162 25 159 255 255
78 1452 25 248 255 255
78 1942 25 209 255 255
78 2128 25 255 252 255
79 1162 25 107 255 255
79 1388 25 146 255 255
79 1942 25 157 255 255
79 1978 25 100 255 255
79 2343 25 127 255 255
79 2628 25 106 255 255
80 311 255 171 25 255
80 574 255 232 25 255
80 1150 255 155 25 255
80 1792 255 216 25 255
80 2101 255 225 25 255
80 2160 255 139 25 255
81 208 25 48 255 255
81 712 32 25 255 255
81 1396 25 45 255 255
81 2586 25 42 255 255
81 2744 30 25 255 255
82 1242 240 255 25 255
82 1277 216 255 25 255
82 1509 191 255 25 255
83 393 25 214 255 255
83 828 25 147 255 255
83 914 25 190 255 255
83 1377 25 214 255 255
83 2290 25 180 255 255
84 155 207 255 25 255
84 729 178 255 25 255
84 1141 212 255 25 255
84 1408 231 255 25 255
84 1409 224 255 25 255
84 1498 195 255 25 255
84 1746 229 255 25 255
85 86 25 57 255 255
85 183 25 50 255 255
85 1186 25 86 255 255
85 1635 25 51 255 255
85 2162 25 80 255 255
85 2263 25 58 255 255
85 2322 25 86 255 255
86 1122 25 46 255 255
86 1186 25 80 255 255
86 1635 25 46 255 255
86 1877 25 55 255 255
86 2102 25 44 255 255
86 2544 25 70 255 255
87 818 25 199 255 255
87 1005 25 222 255 255
87 1495 25 207 255 255
87 1676 25 221 255 255
87 2545 25 211 255 255
88 594 25 194 255 255
88 711 25 173 255 255
88 1335 25 190 255 255
88 1545 25 200 255 255
88 2344 25 175 255 255
89 299 25 131 255 255
89 558 25 255 234 255
89 906 25 202 255 255
89 1038 25 160 255 255
89 2308 25 255 251 255
89 2449 25 199 255 255
90 584 25 255 38 255
90 1016 25 255 25 255
90 1747 25 255 28 255
90 1785 25 255 26 255
91 800 255 220 25 255
91 1039 255 226 25 255
91 1094 255 250 25 255
91 1354 255 188 25 255
92 394 54 25 255 255
92 643 25 40 255 255
92 741 65 25 255 255
92 838 61 25 255 255
92 1118 39 25 255 255
92 1175 25 36 255 255
92 1229 49 25 255 255
92 1865 25 28 255 255
93 916 204 255 25 255
93 1094 198 255 25 255
93 1315 191 255 25 255
93 1401 157 255 25 255
93 2311 164 255 25 255
93 2779 164 255 25 255
94 556 58 255 25 255
94 747 61 255 25 255
94 930 84 255 25 255
94 2615 73 255 25 255
95 165 25 255 117 255
95 168 25 255 115 255
95 1216 25 255 80 255
95 1486 25 255 125 255
95 1871 25 255 87 255
96 358 25 255 102 255
96 773 25 255 118 255
96 1282 25 255 110 255
96 2224 25 255 93 255
96 2404 25 255 119 255
96 2701 25 255 89 255
97 268 191 255 25 255
97 460 154 255 25 255
97 574 205 255 25 255
97 867 165 255 25 255
97 1418 146 255 25 255
97 1573 184 255 25 255
97 2655 178 255 25 255
98 602 25 180 255 255
98 1030 25 228 255 255
98 1032 25 155 255 255
98 1204 25 255 240 255
98 2029 25 249 255 255
98 2030 25 232 255 255
99 459 93 25 255 255
99 780 90 25 255 255
99 934 90 25 255 255
99 1117 95 25 255 255
99 1327 97 25 255 255
99 1346 97 25 255 255
99 2077 87 25 255 255
100 425 25 27 255 255
100 552 30 25 255 255
100 1079 42 25 255 255
100 1615 28 25 255 255
100 1769 25 65 255 255
100 1950 25 39 255 255
101 344 25 235 255 255
101 541 25 213 255 255
101 1929 25 229 255 255
101 1966 25 255 238 255
101 2797 25 215 255 255
102 385 25 69 255 255
102 614 25 40 255 255
102 928 25 74 255 255
102 1648 25 48 255 255
102 1701 25 33 255 255
102 2598 25 57 255 255
102 2757 25 36 255 255
103 439 68 25 255 255
103 692 78 25 255 255
103 1300 102 25 255 255
103 1705 61 25 255 255
103 2199 70 25 255 255
103 2534 110 25 255 255
103 2757 68 25 255 255
104 247 25 226 255 255
104 822 25 255 242 255
104 1261 25 253 255 255
104 1485 25 255 207 255
104 2222 25 255 241 255
104 2382 25 255 224 255
104 2513 25 222 255 255
104 2563 25 255 253 255
104 2668 25 255 216 255
105 845 25 255 79 255
105 1152 25 255 72 255
105 1814 25 255 72 255
105 1849 25 255 77 255
105 2116 25 255 90 255
106 221 25 160 255 255
106 979 25 151 255 255
106 2001 25 253 255 255
106 2054 25 162 255 255
106 2247 25 241 255 255
106 2560 25 232 255 255
106 2621 25 245 255 255
107 519 25 255 103 255
107 2240 25 255 43 255
107 2420 25 255 88 255
107 2488 25 255 34 255
108 281 160 255 25 255
108 875 186 255 25 255
108 1062 162 255 25 255
108 1189 183 255 25 255
108 1385 145 255 25 255
108 2046 133 255 25 255
108 2713 122 255 25 255
109 184 25 228 255 255
109 185 25 223 255 255
109 927 25 177 255 255
109 1610 25 178 255 255
109 1621 25 203 255 255
109 1997 25 181 255 255
109 2710 25 230 255 255
110 193 255 150 25 255
110 501 255 163 25 255
110 744 255 180 25 255
110 2280 255 170 25 255
110 2518 255 185 25 255
111 116 25 255 63 255
111 122 25 255 29 255
111 144 31 255 25 255
111 1716 25 255 56 255
111 1895 25 255 82 255
111 2521 25 255 87 255
112 307 25 255 85 255
112 1268 25 255 77 255
112 1420 25 255 134 255
112 1866 25 255 159 255
112 1914 25 255 168 255
112 2107 25 255 203 255
112 2762 25 255 152 255
113 440 25 255 172 255
113 567 25 255 157 255
113 896 25 255 145 255
113 922 25 255 147 255
113 1031 25 255 178 255
113 1328 25 255 175 255
113 2197 25 255 133 255
113 2357 25 255 153 255
114 126 25 255 166 255
114 734 25 255 234 255
114 913 25 255 233 255
114 1367 25 255 164 255
114 1525 25 255 185 255
114 1638 25 255 182 255
114 2273 25 255 162 255
115 156 25 28 255 255
115 427 44 25 255 255
115 754 76 25 255 255
115 1661 25 60 255 255
115 1950 25 34 255 255
115 2110 43 25 255 255
115 2569 72 25 255 255
116 144 25 255 28 255
116 158 25 255 193 255
116 519 25 255 107 255
116 606 25 255 156 255
116 914 25 255 192 255
116 1895 25 255 91 255
116 2240 25 255 48 255
117 119 57 255 25 255
117 1425 49 255 25 255
117 1426 62 255 25 255
117 1720 48 255 25 255
117 2169 73 255 25 255
118 1466 25 255 198 255
118 1735 25 255 149 255
118 1924 25 255 184 255
118 2205 25 255 156 255
119 490 78 255 25 255
119 1529 56 255 25 255
119 1720 49 255 25 255
119 2169 74 255 25 255
119 2741 70 255 25 255
120 888 25 219 255 255
120 1246 25 222 255 255
120 1452 25 250 255 255
120 1536 25 255 244 255
120 1672 25 214 255 255
120 2009 25 255 242 255
120 2128 25 255 249 255
121 562 25 255 194 255
121 749 25 255 183 255
121 1825 25 255 197 255
121 2068 25 255 200 255
122 144 55 255 25 255
122 357 62 255 25 255
122 708 76 255 25 255
122 1716 25 255 32 255
122 1853 25 255 41 255
123 204 230 255 25 255
123 1036 201 255 25 255
123 2122 225 255 25 255
123 2426 228 255 25 255
124 296 204 255 25 255
124 297 206 255 25 255
124 1028 253 255 25 255
124 1294 206 255 25 255
124 2028 238 255 25 255
124 2058 246 255 25 255
125 153 25 255 45 255
125 650 25 255 92 255
125 651 25 255 103 255
125 1707 25 255 77 255
125 2419 25 255 88 255
125 2684 25 255 51 255
126 650 25 255 127 255
126 651 25 255 138 255
126 1367 25 255 151 255
126 1638 25 255 168 255
127 422 25 101 255 255
127 993 25 113 255 255
127 1047 25 63 255 255
127 1624 25 90 255 255
127 2189 25 104 255 255
128 256 128 255 25 255
128 1306 138 255 25 255
128 2052 127 255 25 255
128 2060 130 255 25 255
128 2236 145 255 25 255
128 2580 123 255 25 255
129 1855 25 255 250 255
129 2023 25 255 212 255
129 2373 25 255 215 255
129 2576 25 255 254 255
129 2711 25 255 253 255
129 2763 25 247 255 255
130 236 133 255 25 255
130 436 179 255 25 255
130 510 151 255 25 255
130 759 78 255 25 255
130 992 142 255 25 255
130 1976 125 255 25 255
130 2055 186 255 25 255
131 133 255 167 25 255
131 402 255 187 25 255
131 858 255 159 25 255
131 1906 255 196 25 255
131 2146 255 191 25 255
131 2755 255 168 25 255
132 133 255 165 25 255
132 166 255 198 25 255
132 167 255 188 25 255
132 716 255 167 25 255
132 858 255 156 25 255
133 166 255 194 25 255
133 402 255 181 25 255
133 858 255 153 25 255
133 880 255 181 25 255
134 226 134 255 25 255
134 415 98 255 25 255
134 1271 135 255 25 255
134 1557 135 255 25 255
134 2047 120 255 25 255
134 2374 92 255 25 255
134 2600 115 255 25 255
134 2620 111 255 25 255
134 2632 104 255 25 255
134 2670 77 255 25 255
135 433 25 255 154 255
135 569 25 255 157 255
135 1116 25 255 158 255
135 1193 25 255 156 255
135 1945 25 255 136 255
135 2384 25 255 160 255
136 267 25 205 255 255
136 370 25 195 255 255
136 455 25 234 255 255
136 715 25 247 255 255
136 2352 25 205 255 255
137 138 25 227 255 255
137 1138 25 249 255 255
137 1759 25 240 255 255
137 1900 25 232 255 255
137 2031 25 230 255 255
138 998 25 213 255 255
138 1138 25 233 255 255
138 1153 25 192 255 255
138 1585 25 211 255 255
138 1693 25 201 255 255
138 2031 25 213 255 255
139 181 177 255 25 255
139 652 150 255 25 255
139 1235 156 255 25 255
139 1413 149 255 25 255
139 2252 193 255 25 255
139 2253 192 255 25 255
139 2712 155 255 25 255
140 445 25 139 255 255
140 982 25 125 255 255
140 1296 25 171 255 255
140 1905 25 176 255 255
140 2622 25 163 255 255
141 199 25 255 81 255
141 806 25 255 105 255
141 891 25 255 118 255
141 2167 25 255 76 255
142 192 25 168 255 255
142 481 25 191 255 255
142 1183 25 173 255 255
142 1369 25 198 255 255
142 1523 25 173 255 255
142 1960 25 190 255 255
142 2370 25 140 255 255
143 768 25 73 255 255
143 1142 25 62 255 255
143 1757 25 86 255 255
143 2586 25 64 255 255
143 2734 25 63 255 255
144 708 87 255 25 255
144 1395 100 255 25 255
144 1718 98 255 25 255
144 2240 45 255 25 255
144 2409 83 255 25 255
145 774 25 127 255 255
145 927 25 143 255 255
145 944 25 125 255 255
145 1610 25 143 255 255
145 1805 25 116 255 255
145 2394 25 124 255 255
146 147 185 255 25 255
146 148 186 255 25 255
146 1533 164 255 25 255
146 1718 151 255 25 255
146 2495 174 255 25 255
147 148 199 255 25 255
147 622 224 255 25 255
147 1020 226 255 25 255
147 2495 186 255 25 255
148 621 253 255 25 255
148 622 225 255 25 255
148 1965 231 255 25 255
149 726 25 255 108 255
149 1003 25 255 106 255
149 1485 25 255 133 255
149 1518 25 255 84 255
149 1733 25 255 106 255
149 1834 25 255 135 255
149 1887 25 255 96 255
149 2408 25 255 92 255
149 2668 25 255 143 255
150 326 28 255 25 255
150 844 36 255 25 255
150 1035 49 255 25 255
150 1109 48 255 25 255
150 1313 59 255 25 255
150 1655 37 255 25 255
151 584 25 255 61 255
151 814 25 255 70 255
151 980 25 255 89 255
151 981 25 255 65 255
151 1089 25 255 83 255
151 1475 25 255 109 255
152 420 25 255 116 255
152 471 25 255 105 255
152 869 25 255 174 255
152 896 25 255 135 255
152 1856 25 255 152 255
152 2197 25 255 124 255
153 1765 52 255 25 255
153 2684 36 255 25 255
154 212 148 25 255 255
154 356 159 25 255 255
154 431 204 25 255 255
154 452 200 25 255 255
154 838 138 25 255 255
154 1247 197 25 255 255
154 1578 175 25 255 255
154 1999 183 25 255 255
155 346 204 255 25 255
155 729 162 255 25 255
155 730 160 255 25 255
155 1746 214 255 25 255
155 2305 201 255 25 255
156 384 25 62 255 255
156 1171 32 25 255 255
156 1558 36 25 255 255
156 1661 25 70 255 255
156 2569 62 25 255 255
157 444 25 255 131 255
157 1427 25 255 57 255
157 1630 25 255 97 255
157 2260 25 255 144 255
158 606 25 231 255 255
158 756 25 195 255 255
158 859 25 170 255 255
158 914 25 195 255 255
158 1685 25 213 255 255
159 1006 25 93 255 255
159 1083 25 64 255 255
159 1542 25 67 255 255
159 1689 25 52 255 255
159 2725 25 52 255 255
160 482 25 53 255 255
160 509 25 93 255 255
160 1542 25 64 255 255
160 1731 25 100 255 255
160 1854 25 45 255 255
160 2249 25 40 255 255
160 2725 25 49 255 255
161 250 25 88 255 255
161 682 25 106 255 255
161 2076 25 86 255 255
161 2174 25 120 255 255
161 2575 25 66 255 255
162 279 25 255 97 255
162 280 25 255 97 255
162 288 25 255 121 255
162 468 25 255 122 255
162 846 25 255 145 255
162 1053 25 255 114 255
162 2635 25 255 150 255
163 295 25 255 160 255
163 1228 25 255 94 255
163 1290 25 255 75 255
163 1602 25 255 147 255
163 2119 25 255 173 255
163 2389 25 255 128 255
164 448 25 255 167 255
164 1000 25 255 162 255
164 1024 25 255 129 255
164 1025 25 255 127 255
164 1272 25 255 117 255
164 2782 25 255 138 255
165 1034 25 255 98 255
165 1216 25 255 91 255
165 1486 25 255 136 255
165 1627 25 255 140 255
165 1754 25 255 136 255
165 2585 25 255 130 255
166 167 255 217 25 255
166 526 255 247 25 255
166 880 255 214 25 255
166 1541 215 255 25 255
166 2381 250 255 25 255
167 293 255 211 25 255
167 716 255 186 25 255
167 1946 255 230 25 255
167 2381 255 248 25 255
167 2557 255 226 25 255
168 374 25 255 109 255
168 962 25 255 105 255
168 1397 25 255 117 255
168 1486 25 255 134 255
168 1871 25 255 96 255
168 2659 25 255 136 255
169 432 25 154 255 255
169 443 25 136 255 255
169 1082 25 129 255 255
169 1153 25 162 255 255
169 1177 25 144 255 255
169 2143 25 163 255 255
169 2604 25 133 255 255
170 283 25 209 255 255
170 695 25 228 255 255
170 1129 25 207 255 255
170 2152 25 233 255 255
171 282 25 255 244 255
171 360 25 255 186 255
171 539 25 255 221 255
171 786 25 255 215 255
171 815 25 255 183 255
171 850 25 255 235 255
172 562 25 255 193 255
172 1111 25 255 209 255
172 1282 25 255 160 255
172 1330 25 255 199 255
172 2009 25 255 206 255
172 2404 25 255 169 255
173 516 255 247 25 255
173 983 255 246 25 255
173 1269 255 218 25 255
173 1375 255 233 25 255
173 2104 255 219 25 255
173 2105 255 229 25 255
173 2441 255 221 25 255
174 277 255 77 25 255
174 278 255 103 25 255
174 379 255 95 25 255
174 573 255 72 25 255
174 1454 255 83 25 255
174 1680 255 89 25 255
175 176 25 255 28 255
175 177 25 255 106 255
175 755 25 255 61 255
175 782 33 255 25 255
175 978 25 255 75 255
175 1539 25 255 120 255
176 472 95 255 25 255
176 782 82 255 25 255
176 866 102 255 25 255
176 978 25 255 26 255
176 1348 32 255 25 255
177 755 25 255 89 255
177 1539 25 255 149 255
177 2485 25 255 156 255
178 219 25 255 201 255
178 276 25 255 229 255
178 756 25 255 253 255
178 1522 25 255 181 255
178 1685 25 255 235 255
178 1716 25 255 125 255
178 1853 25 255 134 255
178 2521 25 255 156 255
179 360 25 255 134 255
179 815 25 255 131 255
179 965 25 255 117 255
179 1945 25 255 119 255
180 854 255 230 25 255
180 1297 255 205 25 255
180 1368 255 211 25 255
180 1779 255 222 25 255
180 1996 255 224 25 255
180 2778 255 226 25 255
180 2800 255 212 25 255
181 285 173 255 25 255
181 343 192 255 25 255
181 2253 202 255 25 255
181 2712 166 255 25 255
182 1140 109 25 255 255
182 1558 74 25 255 255
182 1562 106 25 255 255
182 1563 90 25 255 255
182 1986 94 25 255 255
182 2110 72 25 255 255
183 1241 25 37 255 255
183 1635 25 38 255 255
183 2195 25 34 255 255
183 2215 25 33 255 255
183 2263 25 45 255 255
184 185 25 255 253 255
184 495 25 255 197 255
184 496 25 255 200 255
184 1222 25 255 231 255
184 2710 25 255 246 255
185 1222 25 255 236 255
185 1997 25 209 255 255
185 2549 25 244 255 255
186 599 25 255 132 255
186 603 25 255 178 255
186 829 25 255 130 255
186 1366 25 255 131 255
186 1571 25 255 123 255
186 1915 25 255 166 255
186 2334 25 255 140 255
186 2792 25 255 160 255
187 224 25 255 51 255
187 1440 25 255 75 255
187 1607 34 255 25 255
187 2282 25 255 108 255
188 260 169 255 25 255
188 508 180 255 25 255
188 636 177 255 25 255
188 795 185 255 25 255
188 2191 185 255 25 255
188 2735 169 255 25 255
189 605 82 255 25 255
189 636 148 255 25 255
189 1884 94 255 25 255
189 2546 114 255 25 255
189 2735 141 255 25 255
190 885 25 255 189 255
190 1077 25 255 203 255
190 1595 25 255 188 255
190 1675 25 255 185 255
190 2057 25 255 183 255
190 2118 25 255 200 255
190 2196 25 255 194 255
190 2777 25 255 183 255
191 708 134 255 25 255
191 932 178 255 25 255
191 1517 142 255 25 255
191 1533 158 255 25 255
191 1718 145 255 25 255
191 1791 166 255 25 255
192 687 25 125 255 255
192 1179 25 136 255 255
192 1286 25 171 255 255
192 1523 25 171 255 255
192 2370 25 139 255 255
193 501 255 147 25 255
193 696 255 113 25 255
193 1258 255 131 25 255
193 2136 255 115 25 255
194 341 108 255 25 255
194 720 80 255 25 255
194 1280 54 255 25 255
194 1774 68 255 25 255
194 1910 68 255 25 255
194 2059 97 255 25 255
194 2468 105 255 25 255
194 2752 99 255 25 255
195 226 178 255 25 255
195 518 177 255 25 255
195 808 202 255 25 255
195 809 208 255 25 255
195 1213 182 255 25 255
195 1271 179 255 25 255
195 2509 172 255 25 255
195 2774 174 255 25 255
196 316 25 255 126 255
196 1066 25 255 136 255
196 1200 25 255 104 255
196 2304 25 255 145 255
197 707 25 155 255 255
197 1256 25 107 255 255
197 2032 25 107 255 255
197 2592 25 151 255 255
198 304 100 255 25 255
198 428 145 255 25 255
198 551 114 255 25 255
198 836 82 255 25 255
198 1488 122 255 25 255
198 1521 170 255 25 255
198 2283 110 255 25 255
198 2500 158 255 25 255
199 222 25 255 60 255
199 266 25 255 37 255
199 890 25 255 77 255
199 891 25 255 99 255
199 1324 25 255 33 255
199 2167 25 255 58 255
200 1036 201 255 25 255
200 1775 222 255 25 255
200 2108 193 255 25 255
200 2122 225 255 25 255
200 2336 194 255 25 255
200 2425 211 255 25 255
201 310 25 29 255 255
201 901 25 54 255 255
201 1043 34 25 255 255
201 1357 27 25 255 255
201 1549 25 65 255 255
201 2186 25 37 255 255
201 2604 25 85 255 255
202 364 32 25 255 255
202 901 25 42 255 255
202 1082 25 68 255 255
202 1378 25 43 255 255
202 1549 25 53 255 255
202 1789 25 36 255 255
202 2457 25 26 255 255
203 332 25 255 54 255
203 1344 25 255 40 255
203 1532 25 255 41 255
203 2421 25 255 49 255
203 2550 25 255 28 255
204 2122 242 255 25 255
204 2426 245 255 25 255
204 2612 255 242 25 255
205 268 213 255 25 255
205 1573 206 255 25 255
205 1650 206 255 25 255
205 1792 242 255 25 255
205 2101 233 255 25 255
205 2426 236 255 25 255
206 418 25 57 255 255
206 692 44 25 255 255
206 895 33 25 255 255
206 1068 52 25 255 255
206 1232 47 25 255 255
206 2719 25 36 255 255
207 683 25 116 255 255
207 794 25 111 255 255
207 803 25 100 255 255
207 995 25 145 255 255
207 1770 25 160 255 255
207 2345 25 143 255 255
207 2513 25 154 255 255
208 571 25 83 255 255
208 712 25 43 255 255
208 816 25 71 255 255
208 1350 25 97 255 255
208 1396 25 69 255 255
209 273 25 255 130 255
209 852 25 255 127 255
209 1155 25 255 122 255
209 1406 25 255 140 255
209 1850 25 255 163 255
209 1923 25 255 171 255
210 1442 25 255 50 255
210 1443 25 255 65 255
210 2036 25 255 60 255
210 2459 25 255 85 255
211 215 25 255 204 255
211 388 25 255 211 255
211 438 25 255 207 255
211 543 25 255 191 255
211 2260 25 255 194 255
212 299 54 25 255 255
212 356 108 25 255 255
212 394 81 25 255 255
212 838 88 25 255 255
212 2452 59 25 255 255
213 919 138 255 25 255
213 1315 170 255 25 255
213 1316 154 255 25 255
213 2465 163 255 25 255
213 2779 143 255 25 255
214 215 25 255 227 255
214 1302 25 255 238 255
214 1744 25 255 252 255
215 438 25 255 214 255
215 952 25 255 201 255
215 1302 25 255 222 255
215 1744 25 255 236 255
215 2260 25 255 201 255
215 2376 25 255 218 255
216 923 123 255 25 255
216 1419 103 255 25 255
216 1700 166 255 25 255
216 1713 202 255 25 255
216 1868 100 255 25 255
216 2638 179 255 25 255
217 595 26 255 25 255
217 719 107 255 25 255
217 755 46 255 25 255
217 857 81 255 25 255
217 2453 32 255 25 255
217 2750 101 255 25 255
218 793 25 167 255 255
218 935 25 175 255 255
218 2217 25 167 255 255
218 2392 25 184 255 255
219 606 25 255 225 255
219 1238 25 255 193 255
219 1685 25 255 244 255
219 1895 25 255 160 255
219 2521 25 255 164 255
220 625 54 255 25 255
220 764 74 255 25 255
220 819 61 255 25 255
220 1040 97 255 25 255
220 1646 25 255 47 255
220 2355 42 255 25 255
220 2480 86 255 25 255
220 2529 37 255 25 255
221 925 25 106 255 255
221 979 25 97 255 255
221 2259 25 87 255 255
221 2560 25 178 255 255
222 266 25 255 35 255
222 890 25 255 75 255
222 892 25 255 82 255
222 1843 25 255 67 255
222 2531 36 255 25 255
223 413 25 255 184 255
223 433 25 255 172 255
223 568 25 255 196 255
223 569 25 255 176 255
223 2254 25 255 205 255
224 395 57 255 25 255
224 1220 25 255 91 255
224 1290 32 255 25 255
224 1607 48 255 25 255
224 2282 25 255 94 255
225 540 25 255 87 255
225 1343 25 255 103 255
225 1363 25 255 86 255
225 1964 25 255 94 255
225 2112 25 255 95 255
225 2267 25 255 93 255
226 809 189 255 25 255
226 1271 160 255 25 255
226 1557 160 255 25 255
226 2626 182 255 25 255
227 292 67 255 25 255
227 399 29 255 25 255
227 411 42 255 25 255
227 1235 101 255 25 255
227 1236 115 255 25 255
227 1570 58 255 25 255
227 1750 61 255 25 255
227 1868 67 255 25 255
227 2080 37 255 25 255
228 661 35 25 255 255
228 662 25 41 255 255
228 767 42 25 255 255
228 1789 25 31 255 255
228 1823 54 25 255 255
229 1669 25 151 255 255
229 2200 25 172 255 255
229 2439 25 176 255 255
229 2587 25 167 255 255
230 2035 149 255 25 255
230 2275 157 255 25 255
230 2514 157 255 25 255
230 2590 151 255 25 255
231 242 119 255 25 255
231 1464 114 255 25 255
231 1688 102 255 25 255
231 2046 109 255 25 255
231 2502 69 255 25 255
231 2713 97 255 25 255
232 241 136 255 25 255
232 1120 147 255 25 255
232 1385 134 255 25 255
232 1597 135 255 25 255
233 547 25 255 253 255
233 548 25 255 240 255
233 632 25 255 210 255
233 813 25 255 250 255
233 1302 25 255 234 255
233 1744 25 255 248 255
233 2699 25 255 229 255
234 702 25 255 149 255
234 1358 25 255 60 255
234 1944 25 255 144 255
234 2014 25 255 127 255
234 2192 25 255 108 255
234 2355 25 255 51 255
234 2459 25 255 91 255
234 2517 25 255 51 255
235 341 137 255 25 255
235 737 128 255 25 255
235 808 176 255 25 255
235 1277 173 255 25 255
235 1740 145 255 25 255
235 2774 148 255 25 255
236 759 47 255 25 255
236 1262 81 255 25 255
236 1614 138 255 25 255
236 2055 155 255 25 255
237 1334 25 255 84 255
237 1876 25 255 83 255
237 2019 25 255 69 255
237 2020 25 255 67 255
237 2272 25 255 88 255
237 2688 25 255 99 255
238 1020 246 255 25 255
238 1714 224 255 25 255
238 2450 253 255 25 255
238 2454 255 242 25 255
238 2495 207 255 25 255
238 2637 201 255 25 255
239 299 25 49 255 255
239 423 25 73 255 255
239 753 33 25 255 255
239 1234 25 57 255 255
239 2449 25 116 255 255
240 259 243 255 25 255
240 725 215 255 25 255
240 860 240 255 25 255
240 877 204 255 25 255
240 1184 195 255 25 255
240 1242 238 255 25 255
240 1509 189 255 25 255
241 242 132 255 25 255
241 1385 134 255 25 255
241 1390 135 255 25 255
241 1460 135 255 25 255
241 1464 127 255 25 255
241 1597 135 255 25 255
241 1736 143 255 25 255
241 2298 143 255 25 255
241 2709 148 255 25 255
242 1390 131 255 25 255
242 1464 123 255 25 255
242 1688 111 255 25 255
242 2666 135 255 25 255
243 244 25 255 70 255
243 435 25 255 55 255
243 849 25 255 58 255
243 1262 30 255 25 255
243 1614 87 255 25 255
243 2570 25 255 81 255
244 382 25 255 155 255
244 429 25 255 118 255
244 814 25 255 82 255
244 849 25 255 77 255
244 1089 25 255 95 255
244 1476 25 255 137 255
244 2570 25 255 100 255
245 911 25 255 71 255
245 1147 25 255 62 255
245 1933 25 255 58 255
245 2095 25 255 66 255
245 2314 25 255 66 255
245 2697 25 255 54 255
246 347 25 255 192 255
246 444 25 255 175 255
246 544 25 255 192 255
246 974 25 255 208 255
246 1756 25 255 149 255
246 2341 25 255 205 255
247 996 25 202 255 255
247 1261 25 230 255 255
247 2345 25 189 255 255
247 2513 25 200 255 255
248 535 54 25 255 255
248 780 81 25 255 255
248 1103 64 25 255 255
248 1346 87 25 255 255
248 1616 61 25 255 255
248 2754 74 25 255 255
249 503 25 157 255 255
249 682 25 123 255 255
249 1847 25 150 255 255
249 2153 25 159 255 255
249 2726 25 141 255 255
250 426 25 61 255 255
250 672 25 79 255 255
250 1859 25 70 255 255
250 2076 25 67 255 255
250 2174 25 101 255 255
251 1026 110 255 25 255
251 1361 76 255 25 255
251 1761 67 255 25 255
251 1985 91 255 25 255
251 2027 90 255 25 255
251 2347 62 255 25 255
251 2686 95 255 25 255
251 2723 93 255 25 255
252 1042 25 88 255 255
252 1725 25 126 255 255
252 1753 25 126 255 255
252 1959 25 126 255 255
252 1991 25 109 255 255
252 2343 25 109 255 255
252 2628 25 88 255 255
252 2695 25 112 255 255
252 2749 25 77 255 255
253 1112 255 253 25 255
253 2252 236 255 25 255
253 2519 242 255 25 255
253 2574 255 252 25 255
253 2746 244 255 25 255
253 2778 255 247 25 255
253 2800 255 233 25 255
254 585 25 255 72 255
254 604 25 255 71 255
254 814 25 255 78 255
254 949 25 255 85 255
254 1155 25 255 93 255
254 2184 25 255 106 255
255 442 28 255 25 255
255 719 103 255 25 255
255 857 77 255 25 255
255 1065 25 255 28 255
255 1355 83 255 25 255
255 2667 55 255 25 255
256 714 133 255 25 255
256 1502 138 255 25 255
256 1760 140 255 25 255
256 1979 141 255 25 255
256 2052 127 255 25 255
256 2236 145 255 25 255
257 678 161 255 25 255
257 1061 178 255 25 255
257 1100 197 255 25 255
257 1244 167 255 25 255
257 1416 192 255 25 255
257 1772 128 255 25 255
257 2448 128 255 25 255
258 1661 25 99 255 255
258 1709 25 121 255 255
258 1769 25 99 255 255
258 1950 25 74 255 255
259 725 230 255 25 255
259 860 255 254 25 255
259 868 238 255 25 255
259 1206 254 255 25 255
259 1526 255 245 25 255
260 507 156 255 25 255
260 508 168 255 25 255
260 686 146 255 25 255
260 795 173 255 25 255
260 1417 124 255 25 255
260 2479 128 255 25 255
261 732 25 255 116 255
261 871 25 255 101 255
261 1372 25 255 105 255
261 1373 25 255 106 255
261 1642 25 255 104 255
261 2228 25 255 103 255
261 2396 25 255 104 255
261 2662 25 255 119 255
262 579 25 252 255 255
262 970 25 255 243 255
262 1320 25 250 255 255
262 2278 25 255 250 255
262 2279 25 248 255 255
262 2589 25 237 255 255
263 328 25 83 255 255
263 535 25 48 255 255
263 712 25 41 255 255
263 816 25 70 255 255
263 2609 25 81 255 255
263 2754 25 27 255 255
264 761 25 255 123 255
264 1125 25 255 126 255
264 1499 25 255 137 255
264 2066 25 255 137 255
264 2067 25 255 133 255
264 2134 25 255 131 255
264 2803 25 255 122 255
265 301 25 255 176 255
265 521 25 255 157 255
265 1188 25 255 153 255
265 1459 25 255 148 255
265 1858 25 255 125 255
265 1875 25 255 143 255
265 2737 25 255 147 255
266 353 62 255 25 255
266 686 87 255 25 255
266 1324 42 255 25 255
266 2464 47 255 25 255
266 2531 59 255 25 255
267 370 25 195 255 255
267 455 25 234 255 255
267 1212 25 209 255 255
267 1400 25 193 255 255
267 1892 25 188 255 255
267 1893 25 187 255 255
268 574 212 255 25 255
268 1573 191 255 25 255
268 2101 219 255 25 255
269 850 25 255 237 255
269 1820 25 255 204 255
269 2008 25 255 211 255
269 2356 25 255 203 255
270 498 25 255 183 255
270 1013 25 255 150 255
270 1525 25 255 178 255
270 1634 25 255 153 255
270 2273 25 255 156 255
271 770 61 255 25 255
271 1219 67 255 25 255
271 1412 64 255 25 255
271 2448 73 255 25 255
271 2680 66 255 25 255
272 1011 66 255 25 255
272 1412 64 255 25 255
272 1734 62 255 25 255
272 1772 74 255 25 255
272 1921 62 255 25 255
272 2680 66 255 25 255
273 528 25 255 130 255
273 852 25 255 117 255
273 1321 25 255 106 255
273 1406 25 255 130 255
273 2584 25 255 130 255
274 1046 25 255 232 255
274 1399 25 255 224 255
274 1489 25 255 229 255
274 1777 25 255 235 255
274 2044 25 255 202 255
274 2477 25 255 213 255
274 2491 25 255 224 255
275 1028 255 238 25 255
275 1269 255 229 25 255
275 1383 255 247 25 255
275 1453 243 255 25 255
275 2028 255 254 25 255
275 2038 253 255 25 255
275 2104 255 230 25 255
275 2536 255 229 25 255
276 756 25 219 255 255
276 1522 25 255 218 255
276 1980 25 217 255 255
276 2286 25 239 255 255
276 2287 25 220 255 255
277 311 255 120 25 255
277 573 255 73 25 255
277 1454 255 85 25 255
277 1598 255 78 25 255
277 1670 255 121 25 255
277 2160 255 88 25 255
278 379 255 123 25 255
278 573 255 99 25 255
278 664 255 118 25 255
278 1258 255 129 25 255
278 1543 255 122 25 255
278 1981 255 130 25 255
279 280 25 255 83 255
279 1053 25 255 100 255
279 1281 25 255 60 255
279 1644 25 255 78 255
280 288 25 255 107 255
280 349 25 255 83 255
280 1281 25 255 60 255
280 2276 25 255 80 255
281 1062 164 255 25 255
281 1120 160 255 25 255
281 1385 147 255 25 255
281 1724 162 255 25 255
281 2729 158 255 25 255
282 283 25 221 255 255
282 539 25 255 247 255
282 568 25 255 239 255
282 670 25 250 255 255
282 850 25 248 255 255
282 2254 25 255 248 255
283 670 25 232 255 255
283 695 25 224 255 255
283 850 25 231 255 255
283 1129 25 202 255 255
283 1728 25 206 255 255
284 455 25 248 255 255
284 478 25 228 255 255
284 483 25 217 255 255
284 1758 25 203 255 255
285 343 178 255 25 255
285 1026 147 255 25 255
285 1325 166 255 25 255
285 2630 153 255 25 255
285 2686 132 255 25 255
285 2712 151 255 25 255
286 741 120 25 255 255
286 839 138 25 255 255
286 1214 164 25 255 255
286 1837 156 25 255 255
287 300 25 255 68 255
287 955 25 255 59 255
287 956 25 255 60 255
287 1233 25 255 112 255
287 2034 25 255 114 255
287 2243 25 255 78 255
287 2307 25 255 101 255
287 2433 25 255 104 255
288 348 25 255 116 255
288 349 25 255 107 255
288 973 25 255 123 255
289 349 25 255 76 255
289 1194 25 255 63 255
289 2224 25 255 78 255
289 2276 25 255 73 255
289 2730 25 255 62 255
289 2775 25 255 88 255
290 944 25 140 255 255
290 1098 25 153 255 255
290 1608 25 160 255 255
290 1997 25 162 255 255
290 2553 25 155 255 255
290 2633 25 164 255 255
291 731 25 132 255 255
291 1948 25 147 255 255
291 2051 25 75 255 255
291 2054 25 104 255 255
291 2608 25 101 255 255
291 2717 25 76 255 255
292 411 54 255 25 255
292 1196 99 255 25 255
292 1235 113 255 25 255
292 1361 74 255 25 255
292 1481 54 255 25 255
292 2000 64 255 25 255
292 2723 91 255 25 255
293 716 255 190 25 255
293 1039 255 231 25 255
293 1407 255 235 25 255
293 1492 255 248 25 255
293 2385 255 238 25 255
293 2557 255 230 25 255
294 979 25 65 255 255
294 1704 25 39 255 255
294 1710 25 36 255 255
294 2054 25 75 255 255
294 2126 25 46 255 255
294 2259 25 54 255 255
294 2281 25 39 255 255
294 2761 25 41 255 255
295 827 25 255 189 255
295 1602 25 255 157 255
295 2119 25 255 182 255
295 2602 25 255 184 255
296 297 179 255 25 255
296 1294 178 255 25 255
296 1637 137 255 25 255
296 1719 102 255 25 255
296 2163 95 255 25 255
296 2610 157 255 25 255
297 1593 114 255 25 255
297 1831 198 255 25 255
297 2058 221 255 25 255
297 2163 97 255 25 255
298 486 25 217 255 255
298 487 25 216 255 255
298 635 25 255 231 255
298 1004 25 255 241 255
298 1676 25 234 255 255
298 1998 25 226 255 255
299 356 64 25 255 255
299 753 41 25 255 255
299 1038 25 69 255 255
299 2449 25 108 255 255
299 2452 25 35 255 255
300 955 25 255 29 255
300 1086 37 255 25 255
300 1233 25 255 82 255
300 1444 41 255 25 255
300 1940 47 255 25 255
300 2103 25 255 43 255
300 2475 25 255 28 255
301 344 25 255 245 255
301 521 25 255 189 255
301 1187 25 255 188 255
301 1188 25 255 185 255
301 1470 25 255 219 255
301 1891 25 255 231 255
301 1966 25 255 209 255
301 2123 25 255 197 255
302 1696 25 255 36 255
302 2156 100 255 25 255
302 2412 25 255 25 255
302 2467 25 255 29 255
302 2537 39 255 25 255
302 2546 87 255 25 255
302 2758 49 255 25 255
303 1551 25 255 186 255
303 1628 25 255 196 255
303 1794 25 255 198 255
303 2078 25 255 174 255
303 2405 25 255 191 255
304 836 62 255 25 255
304 1228 47 255 25 255
304 1290 66 255 25 255
304 2283 90 255 25 255
305 609 28 25 255 255
305 619 43 25 255 255
305 915 25 33 255 255
305 1783 41 25 255 255
305 2117 47 25 255 255
305 2609 25 56 255 255
306 325 25 175 255 255
306 466 25 253 255 255
306 843 25 255 228 255
306 898 25 201 255 255
306 1009 25 255 240 255
306 1051 25 255 221 255
306 1257 25 255 253 255
307 1268 29 255 25 255
307 1347 37 255 25 255
307 1418 65 255 25 255
307 1522 25 255 100 255
307 2762 25 255 96 255
308 548 25 255 246 255
308 632 25 255 216 255
308 1304 25 238 255 255
308 1768 25 241 255 255
308 2472 25 255 253 255
309 512 25 145 255 255
309 699 25 166 255 255
309 727 25 230 255 255
309 728 25 217 255 255
309 1286 25 176 255 255
309 1296 25 177 255 255
309 1861 25 202 255 255
309 2295 25 211 255 255
310 364 44 25 255 255
310 901 25 30 255 255
310 1357 52 25 255 255
310 2457 37 25 255 255
311 574 255 223 25 255
311 1670 255 163 25 255
311 1886 255 212 25 255
311 2160 255 130 25 255
312 393 25 255 215 255
312 963 25 255 164 255
312 1804 25 255 167 255
312 2489 25 255 128 255
312 2694 25 255 120 255
313 536 25 121 255 255
313 841 25 82 255 255
313 905 25 61 255 255
313 1095 25 73 255 255
313 1192 25 56 255 255
313 1237 25 90 255 255
314 591 86 255 25 255
314 1264 75 255 25 255
314 1511 25 255 25 255
314 1564 62 255 25 255
314 2542 38 255 25 255
314 2613 65 255 25 255
314 2663 86 255 25 255
315 316 25 255 110 255
315 588 25 255 96 255
315 1159 25 255 83 255
315 1160 25 255 75 255
315 2304 25 255 129 255
316 1160 25 255 81 255
316 1200 25 255 95 255
316 2304 25 255 135 255
317 435 25 255 77 255
317 894 25 255 117 255
317 1708 25 255 95 255
317 2570 25 255 103 255
318 330 25 255 184 255
318 373 25 255 198 255
318 543 25 255 188 255
318 544 25 255 193 255
318 569 25 255 178 255
318 2342 25 255 188 255
318 2384 25 255 181 255
318 2756 25 255 197 255
319 1075 28 255 25 255
319 1180 25 255 40 255
319 1380 25 255 41 255
319 2362 25 255 36 255
319 2408 25 255 54 255
319 2714 25 255 53 255
320 861 236 255 25 255
320 862 217 255 25 255
320 941 249 255 25 255
320 1189 221 255 25 255
320 1906 255 247 25 255
320 2146 255 242 25 255
321 805 25 255 215 255
321 1170 25 255 252 255
321 1172 25 243 255 255
321 1457 25 255 254 255
321 2649 25 224 255 255
322 1072 104 255 25 255
322 1541 136 255 25 255
322 1967 99 255 25 255
323 598 25 255 92 255
323 1876 25 255 86 255
323 2062 25 255 47 255
323 2307 25 255 91 255
323 2631 25 255 74 255
324 1133 74 255 25 255
324 1919 66 255 25 255
324 2313 76 255 25 255
324 2600 98 255 25 255
325 430 25 61 255 255
325 898 25 125 255 255
325 1060 25 88 255 255
325 1565 25 115 255 255
325 1641 25 67 255 255
325 1943 25 95 255 255
325 1971 25 77 255 255
326 844 25 255 43 255
326 1034 25 255 59 255
326 1035 25 255 31 255
326 1092 25 255 56 255
326 1216 25 255 53 255
326 1870 25 255 45 255
326 2211 25 255 36 255
327 328 25 99 255 255
327 609 25 64 255 255
327 2609 25 98 255 255
327 2783 25 104 255 255
328 816 25 83 255 255
328 961 25 104 255 255
328 1048 25 109 255 255
328 1482 25 99 255 255
328 2609 25 94 255 255
328 2783 25 100 255 255
329 431 179 25 255 255
329 1318 143 25 255 255
329 1837 154 25 255 255
329 2340 153 25 255 255
330 373 25 255 192 255
330 569 25 255 172 255
330 580 25 255 187 255
330 1007 25 255 172 255
331 586 25 255 82 255
331 1224 25 255 106 255
331 2151 25 255 73 255
331 2503 25 255 123 255
331 2796 25 255 89 255
332 586 25 255 67 255
332 1201 25 255 50 255
332 1224 25 255 91 255
332 1245 25 255 67 255
332 1344 25 255 56 255
332 2159 25 255 79 255
332 2421 25 255 65 255
332 2482 25 255 78 255
333 1443 25 255 69 255
333 1989 25 255 65 255
333 2246 25 255 79 255
333 2543 25 255 74 255
334 525 25 201 255 255
334 667 25 185 255 255
334 778 25 207 255 255
334 1044 25 196 255 255
334 1130 25 207 255 255
334 1240 25 137 255 255
334 1576 25 162 255 255
334 2438 25 192 255 255
335 721 182 255 25 255
335 1157 177 255 25 255
335 1587 170 255 25 255
335 1938 175 255 25 255
335 2395 179 255 25 255
335 2706 183 255 25 255
336 1345 255 245 25 255
336 1407 241 255 25 255
336 1771 225 255 25 255
336 2427 249 255 25 255
336 2664 216 255 25 255
337 1021 223 255 25 255
337 1580 231 255 25 255
337 1619 229 255 25 255
337 1956 216 255 25 255
337 2111 221 255 25 255
337 2365 218 255 25 255
337 2538 223 255 25 255
337 2745 206 255 25 255
338 611 171 255 25 255
338 1157 176 255 25 255
338 1284 177 255 25 255
338 1928 171 255 25 255
338 1969 184 255 25 255
338 2073 183 255 25 255
338 2241 181 255 25 255
338 2492 181 255 25 255
338 2522 186 255 25 255
338 2647 174 255 25 255
339 340 255 27 25 255
339 488 255 33 25 255
339 573 255 49 25 255
339 1953 255 60 25 255
339 2171 255 51 25 255
340 488 255 31 25 255
340 573 255 47 25 255
340 976 255 43 25 255
340 977 255 43 25 255
340 1598 255 52 25 255
341 1740 137 255 25 255
341 2468 126 255 25 255
341 2752 119 255 25 255
341 2774 140 255 25 255
342 738 25 211 255 255
342 1565 25 155 255 255
342 1995 25 198 255 255
342 2591 25 160 255 255
342 2665 25 148 255 255
343 1325 186 255 25 255
343 1977 211 255 25 255
343 2253 207 255 25 255
343 2289 204 255 25 255
344 1601 25 234 255 255
344 1891 25 240 255 255
344 1966 25 255 247 255
344 2129 25 210 255 255
344 2797 25 207 255 255
345 642 25 33 255 255
345 863 51 25 255 255
345 939 33 25 255 255
345 1507 69 25 255 255
345 1563 62 25 255 255
345 1579 44 25 255 255
345 1612 30 25 255 255
345 1860 25 42 255 255
345 2110 44 25 255 255
346 1226 221 255 25 255
346 1386 247 255 25 255
346 1408 228 255 25 255
346 1715 223 255 25 255
346 1746 226 255 25 255
346 2305 214 255 25 255
346 2567 247 255 25 255
346 2658 231 255 25 255
347 695 25 255 231 255
347 974 25 255 213 255
347 1466 25 255 208 255
347 1756 25 255 153 255
348 349 25 255 92 255
348 973 25 255 108 255
348 2235 25 255 120 255
348 2775 25 255 103 255
349 2276 25 255 79 255
349 2775 25 255 94 255
350 351 25 186 255 255
350 801 25 145 255 255
350 833 25 159 255 255
350 1669 25 148 255 255
350 2587 25 165 255 255
351 610 25 180 255 255
351 833 25 185 255 255
351 1078 25 212 255 255
351 1552 25 248 255 255
351 1811 25 252 255 255
351 2348 25 239 255 255
351 2349 25 212 255 255
351 2587 25 191 255 255
352 821 25 255 80 255
352 1230 25 255 95 255
352 1255 25 255 140 255
352 1322 25 255 136 255
352 1343 25 255 105 255
352 1363 25 255 89 255
352 1889 25 255 77 255
352 1903 25 255 81 255
353 686 111 255 25 255
353 690 81 255 25 255
353 2464 71 255 25 255
353 2479 93 255 25 255
354 1069 174 255 25 255
354 1362 180 255 25 255
354 1606 183 255 25 255
354 2360 176 255 25 255
354 2361 169 255 25 255
355 448 25 255 219 255
355 912 25 255 230 255
355 986 25 255 240 255
355 1101 25 255 220 255
355 2317 25 255 238 255
355 2731 25 255 241 255
356 753 96 25 255 255
356 1684 134 25 255 255
356 1999 143 25 255 255
357 708 93 255 25 255
357 1347 66 255 25 255
357 1517 101 255 25 255
357 1853 26 255 25 255
358 1282 25 255 113 255
358 1283 25 255 97 255
358 1397 25 255 108 255
358 2701 25 255 92 255
359 957 25 255 32 255
359 2181 25 255 36 255
359 2185 25 255 38 255
359 2208 25 255 35 255
359 2318 25 255 39 255
359 2510 25 255 43 255
359 2715 25 255 42 255
360 539 25 255 189 255
360 815 25 255 151 255
360 1193 25 255 158 255
360 1945 25 255 139 255
361 1154 25 255 135 255
361 1465 25 255 108 255
361 1843 25 255 98 255
361 2683 25 255 135 255
362 469 25 93 255 255
362 483 25 160 255 255
362 1042 25 101 255 255
362 1162 25 101 255 255
363 503 25 201 255 255
363 734 25 225 255 255
363 1172 25 234 255 255
363 1457 25 246 255 255
363 1852 25 215 255 255
363 2154 25 240 255 255
363 2726 25 185 255 255
364 767 49 25 255 255
364 1357 51 25 255 255
364 1789 26 25 255 255
364 2457 36 25 255 255
364 2661 62 25 255 255
365 822 25 255 216 255
365 1551 25 255 197 255
365 1833 25 255 194 255
365 2140 25 255 212 255
365 2405 25 255 202 255
365 2654 25 255 217 255
366 556 41 255 25 255
366 930 67 255 25 255
366 1465 25 255 54 255
366 1843 25 255 44 255
366 2284 25 255 42 255
366 2531 58 255 25 255
366 2798 88 255 25 255
367 369 25 255 240 255
367 454 25 234 255 255
367 1391 25 246 255 255
367 1496 25 255 245 255
367 2251 25 212 255 255
368 521 25 255 181 255
368 607 25 255 189 255
368 1066 25 255 165 255
368 1497 25 255 207 255
368 1966 25 255 202 255
368 2097 25 255 177 255
368 2440 25 255 180 255
369 607 25 255 194 255
369 1391 25 255 226 255
369 1496 25 255 208 255
369 1504 25 255 209 255
370 1725 25 171 255 255
370 1758 25 179 255 255
370 1893 25 178 255 255
370 2352 25 195 255 255
370 2577 25 182 255 255
371 372 25 255 232 255
371 563 25 255 218 255
371 1030 25 255 225 255
371 1339 25 255 176 255
371 1589 25 255 182 255
371 1702 25 255 144 255
371 1784 25 255 145 255
371 2535 25 255 218 255
372 563 25 235 255 255
372 564 25 210 255 255
372 1030 25 229 255 255
372 1255 25 255 236 255
372 1339 25 255 232 255
372 2445 25 214 255 255
373 580 25 255 202 255
373 670 25 255 227 255
373 2756 25 255 205 255
374 962 25 255 90 255
374 1871 25 255 81 255
375 482 25 89 255 255
375 509 25 129 255 255
375 887 25 123 255 255
375 1752 25 158 255 255
375 2445 25 166 255 255
375 2617 25 160 255 255
376 561 25 255 94 255
376 624 25 255 77 255
376 1074 25 255 111 255
376 1699 25 255 107 255
376 2503 25 255 120 255
376 2796 25 255 86 255
377 1014 25 255 213 255
377 1207 25 232 255 255
377 1681 25 239 255 255
377 2493 25 217 255 255
378 400 25 187 255 255
378 997 25 187 255 255
378 1341 25 184 255 255
378 1456 25 178 255 255
378 2089 25 200 255 255
378 2493 25 197 255 255
379 560 255 124 25 255
379 664 255 111 25 255
379 1447 255 109 25 255
379 1674 255 133 25 255
379 1680 255 110 25 255
380 1445 125 255 25 255
380 1498 158 255 25 255
380 1649 148 255 25 255
380 2429 126 255 25 255
381 1211 43 25 255 255
381 1797 36 25 255 255
381 1874 38 25 255 255
381 2180 52 25 255 255
382 429 25 255 184 255
382 799 25 255 242 255
382 1166 25 252 255 255
382 1476 25 255 203 255
382 1620 25 255 200 255
382 2700 25 253 255 255
383 691 25 255 193 255
383 738 25 255 231 255
383 1166 25 255 244 255
383 1620 25 255 187 255
383 1857 25 255 209 255
383 2747 25 255 173 255
383 2786 25 255 165 255
384 385 25 84 255 255
384 614 25 55 255 255
384 1171 25 42 255 255
384 1329 35 25 255 255
384 1660 25 122 255 255
384 1661 25 93 255 255
385 614 25 54 255 255
385 801 25 107 255 255
385 928 25 87 255 255
385 1939 25 110 255 255
386 387 25 240 255 255
386 438 25 255 244 255
386 1727 25 223 255 255
387 388 25 255 246 255
387 438 25 255 242 255
387 1727 25 225 255 255
387 1728 25 224 255 255
388 438 25 255 222 255
388 1342 25 255 192 255
388 1821 25 255 207 255
389 561 25 255 107 255
389 647 25 255 140 255
389 648 25 255 131 255
389 1053 25 255 119 255
389 1699 25 255 120 255
390 470 25 240 255 255
390 790 25 209 255 255
390 985 25 251 255 255
390 2042 25 255 248 255
390 2506 25 255 246 255
390 2619 25 255 250 255
391 620 25 255 153 255
391 792 25 255 195 255
391 892 25 255 141 255
391 1154 25 255 162 255
391 1468 25 255 185 255
391 2098 25 255 161 255
391 2594 25 255 197 255
392 1314 25 255 134 255
392 1915 25 255 162 255
392 2334 25 255 135 255
392 2579 25 255 146 255
393 963 25 255 213 255
393 1515 25 255 245 255
393 2190 25 231 255 255
393 2290 25 210 255 255
394 838 71 25 255 255
394 1175 25 25 255 255
394 2452 42 25 255 255
395 1290 76 255 25 255
395 1535 109 255 25 255
395 1607 92 255 25 255
395 1721 115 255 25 255
395 2283 100 255 25 255
396 735 25 223 255 255
396 985 25 255 239 255
396 1145 25 255 224 255
396 1369 25 252 255 255
396 1845 25 255 220 255
396 1960 25 245 255 255
397 1093 25 255 68 255
397 2224 25 255 83 255
397 2701 25 255 79 255
397 2730 25 255 68 255
398 1104 144 255 25 255
398 1714 166 255 25 255
398 2409 112 255 25 255
398 2637 143 255 25 255
399 411 25 255 34 255
399 2080 25 255 38 255
399 2208 25 255 40 255
399 2277 25 255 47 255
399 2573 25 255 43 255
400 600 25 194 255 255
400 1456 25 174 255 255
400 1603 25 189 255 255
400 2493 25 193 255 255
401 1480 25 255 157 255
401 1556 25 255 142 255
401 1788 25 255 140 255
401 1846 25 255 163 255
401 2382 25 255 169 255
402 412 255 220 25 255
402 880 255 201 25 255
402 941 255 223 25 255
402 1289 255 220 25 255
402 1906 255 210 25 255
403 432 25 140 255 255
403 629 25 111 255 255
403 788 25 136 255 255
403 1177 25 131 255 255
403 1422 25 137 255 255
403 2547 25 119 255 255
404 450 25 188 255 255
404 882 25 205 255 255
404 1288 25 214 255 255
404 1982 25 216 255 255
404 2262 25 223 255 255
404 2589 25 214 255 255
404 2657 25 172 255 255
405 713 131 255 25 255
405 1002 118 255 25 255
405 1271 144 255 25 255
405 1838 125 255 25 255
406 870 25 255 219 255
406 1584 25 255 191 255
406 2092 25 255 212 255
406 2222 25 255 216 255
406 2563 25 255 227 255
406 2645 25 255 188 255
406 2791 25 255 195 255
407 660 25 99 255 255
407 2186 25 74 255 255
407 2316 25 116 255 255
407 2397 25 145 255 255
407 2673 25 153 255 255
408 520 25 184 255 255
408 1376 25 169 255 255
408 2251 25 185 255 255
408 2406 25 182 255 255
409 875 201 255 25 255
409 1061 185 255 25 255
409 1062 177 255 25 255
409 1064 216 255 25 255
409 1295 182 255 25 255
409 2679 177 255 25 255
410 1071 25 255 45 255
410 1087 25 255 31 255
410 1380 25 255 43 255
410 1381 25 255 54 255
410 2526 25 255 41 255
410 2724 29 255 25 255
411 700 25 255 33 255
411 1481 29 255 25 255
411 2208 25 255 27 255
411 2294 25 255 35 255
412 526 255 253 25 255
412 880 255 220 25 255
412 1061 225 255 25 255
412 1064 255 252 25 255
412 1100 244 255 25 255
412 1289 255 239 25 255
412 1416 240 255 25 255
413 569 25 255 174 255
413 580 25 255 190 255
413 1007 25 255 175 255
413 2254 25 255 204 255
414 531 61 255 25 255
414 690 49 255 25 255
414 937 35 255 25 255
414 945 25 255 54 255
414 1190 25 255 51 255
414 1417 56 255 25 255
414 1975 27 255 25 255
414 2167 25 255 41 255
415 1722 59 255 25 255
415 2313 83 255 25 255
415 2632 93 255 25 255
415 2670 66 255 25 255
416 417 25 155 255 255
416 777 25 162 255 255
416 1690 25 192 255 255
416 1751 25 157 255 255
416 1939 25 153 255 255
416 2074 25 164 255 255
417 777 25 151 255 255
417 830 25 151 255 255
417 1809 25 145 255 255
417 1939 25 141 255 255
418 671 25 94 255 255
418 794 25 105 255 255
418 803 25 94 255 255
418 895 25 60 255 255
418 2719 25 79 255 255
419 1081 118 25 255 255
419 1471 115 25 255 255
419 1697 106 25 255 255
419 2353 90 25 255 255
419 2428 105 25 255 255
419 2704 71 25 255 255
420 471 25 255 90 255
420 980 25 255 107 255
420 981 25 255 83 255
420 1747 25 255 69 255
420 1856 25 255 137 255
420 2747 25 255 125 255
420 2786 25 255 117 255
421 917 165 255 25 255
421 2179 132 255 25 255
421 2210 117 255 25 255
421 2261 111 255 25 255
421 2530 113 255 25 255
422 993 25 128 255 255
422 1047 25 78 255 255
422 2033 25 77 255 255
422 2077 25 47 255 255
422 2316 25 110 255 255
422 2690 25 132 255 255
422 2776 25 70 255 255
423 1234 25 73 255 255
423 1773 25 98 255 255
423 2449 25 132 255 255
424 1711 25 255 122 255
424 2327 25 255 133 255
424 2333 25 255 108 255
424 2372 25 255 97 255
425 426 25 40 255 255
425 427 41 25 255 255
425 1612 27 25 255 255
425 1615 30 25 255 255
425 1950 25 37 255 255
426 1612 25 38 255 255
426 1615 25 35 255 255
426 1859 25 63 255 255
426 2076 25 60 255 255
427 1579 56 25 255 255
427 1612 42 25 255 255
427 1950 28 25 255 255
427 2110 56 25 255 255
428 1488 147 255 25 255
428 1521 195 255 25 255
428 1766 194 255 25 255
428 2305 191 255 25 255
429 691 25 255 168 255
429 1089 25 255 124 255
429 1475 25 255 149 255
429 1620 25 255 163 255
430 1124 25 31 255 255
430 1782 25 39 255 255
430 1943 25 58 255 255
430 1971 25 40 255 255
430 2172 27 25 255 255
430 2281 25 30 255 255
431 452 205 25 255 255
431 823 195 25 255 255
431 1247 202 25 255 255
431 1837 183 25 255 255
431 2340 183 25 255 255
432 999 25 172 255 255
432 1177 25 148 255 255
432 1422 25 154 255 255
432 2031 25 187 255 255
432 2143 25 166 255 255
433 568 25 255 183 255
433 569 25 255 163 255
433 1115 25 255 177 255
433 1116 25 255 164 255
434 504 108 255 25 255
434 769 148 255 25 255
434 1011 95 255 25 255
434 1772 103 255 25 255
435 1262 26 255 25 255
435 1708 25 255 77 255
435 2570 25 255 85 255
436 510 166 255 25 255
436 783 128 255 25 255
436 1375 230 255 25 255
436 1423 195 255 25 255
436 2055 201 255 25 255
436 2740 139 255 25 255
437 1047 25 29 255 255
437 1103 38 25 255 255
437 1117 59 25 255 255
437 1346 62 25 255 255
437 1624 25 56 255 255
437 2069 33 25 255 255
437 2077 52 25 255 255
438 1744 25 255 239 255
439 692 43 25 255 255
439 1110 34 25 255 255
439 1705 26 25 255 255
439 2258 36 25 255 255
439 2354 44 25 255 255
439 2368 25 42 255 255
439 2572 25 38 255 255
439 2618 25 28 255 255
440 1031 25 255 201 255
440 1328 25 255 198 255
441 567 25 255 164 255
441 732 25 255 142 255
441 758 25 255 151 255
441 922 25 255 155 255
441 2269 25 255 171 255
441 2357 25 255 160 255
441 2662 25 255 145 255
442 857 29 255 25 255
442 1065 25 255 76 255
442 1298 25 255 115 255
442 2453 25 255 70 255
443 1082 25 114 255 255
443 1252 25 121 255 255
443 1493 25 112 255 255
443 2604 25 119 255 255
444 543 25 255 175 255
444 544 25 255 180 255
444 2260 25 255 177 255
445 446 25 139 255 255
445 550 25 96 255 255
445 982 25 99 255 255
445 1389 25 107 255 255
445 2622 25 137 255 255
446 788 25 157 255 255
446 1389 25 134 255 255
446 1905 25 177 255 255
446 2622 25 163 255 255
447 1675 25 255 156 255
447 2196 25 255 164 255
447 2299 25 255 113 255
447 2435 25 255 128 255
448 1000 25 255 198 255
448 1101 25 255 204 255
448 1272 25 255 153 255
448 1678 25 255 215 255
448 1679 25 255 215 255
448 1826 25 255 152 255
448 2317 25 255 223 255
449 613 25 255 189 255
449 1220 25 255 162 255
449 1651 25 255 179 255
449 2109 25 255 187 255
449 2119 25 255 186 255
449 2282 25 255 165 255
449 2634 25 255 185 255
450 882 25 186 255 255
450 883 25 187 255 255
450 903 25 139 255 255
450 969 25 166 255 255
450 2657 25 153 255 255
451 609 31 25 255 255
451 1274 38 25 255 255
451 1560 39 25 255 255
451 1663 29 25 255 255
451 1783 45 25 255 255
451 2653 25 26 255 255
452 823 191 25 255 255
452 1063 187 25 255 255
452 1999 184 25 255 255
453 703 25 255 244 255
453 1841 25 255 247 255
453 2398 25 248 255 255
453 2417 25 246 255 255
454 1391 25 248 255 255
454 1808 25 241 255 255
454 2251 25 213 255 255
454 2331 25 228 255 255
454 2339 25 246 255 255
454 2398 25 235 255 255
455 478 25 243 255 255
455 715 25 255 233 255
455 1212 25 238 255 255
455 2128 25 255 237 255
456 1014 25 255 161 255
456 1015 25 255 143 255
456 1582 25 255 156 255
456 1681 25 255 219 255
456 1686 25 255 199 255
456 2113 25 255 152 255
457 630 25 233 255 255
457 631 25 237 255 255
457 723 25 255 249 255
457 1681 25 253 255 255
457 1686 25 255 237 255
457 2458 25 239 255 255
458 1287 25 25 255 255
458 1664 32 25 255 255
458 1704 25 34 255 255
458 1865 25 40 255 255
458 2281 25 34 255 255
459 934 80 25 255 255
459 1327 88 25 255 255
459 1505 63 25 255 255
459 1904 67 25 255 255
459 2033 47 25 255 255
459 2350 78 25 255 255
459 2736 62 25 255 255
460 461 119 255 25 255
460 867 136 255 25 255
460 1418 116 255 25 255
460 1474 101 255 25 255
461 472 116 255 25 255
461 867 130 255 25 255
461 899 69 255 25 255
461 1131 77 255 25 255
461 1348 53 255 25 255
461 1474 95 255 25 255
462 476 25 168 255 255
462 711 25 159 255 255
462 818 25 173 255 255
462 1052 25 168 255 255
462 1076 25 169 255 255
462 1384 25 123 255 255
462 1625 25 121 255 255
462 2231 25 152 255 255
463 588 25 255 66 255
463 737 59 255 25 255
463 1159 25 255 53 255
463 1160 25 255 45 255
463 1509 78 255 25 255
463 1561 25 255 41 255
463 2266 41 255 25 255
464 465 25 255 146 255
464 1536 25 255 190 255
464 1627 25 255 157 255
464 2571 25 255 154 255
464 2585 25 255 147 255
465 589 25 255 127 255
465 715 25 255 175 255
465 1536 25 255 174 255
465 2303 25 255 163 255
465 2585 25 255 131 255
466 856 25 210 255 255
466 898 25 202 255 255
466 1009 25 255 239 255
466 1077 25 255 237 255
466 1513 25 249 255 255
467 468 25 255 142 255
467 648 25 255 146 255
467 1053 25 255 134 255
467 1085 25 255 167 255
467 1126 25 255 162 255
467 1712 25 255 170 255
467 1984 25 255 166 255
468 846 25 255 156 255
468 1053 25 255 125 255
468 1085 25 255 159 255
469 1042 25 75 255 255
469 1162 25 76 255 255
469 1978 25 69 255 255
469 2749 25 64 255 255
470 790 25 208 255 255
470 1577 25 233 255 255
470 1678 25 255 248 255
470 1679 25 255 248 255
470 1987 25 252 255 255
470 2619 25 255 251 255
471 775 25 255 56 255
471 1747 25 255 58 255
471 1786 25 255 67 255
471 2197 25 255 97 255
472 866 126 255 25 255
472 867 132 255 25 255
472 1348 56 255 25 255
472 2232 136 255 25 255
473 1538 25 255 75 255
473 1827 25 255 90 255
473 2148 25 255 104 255
473 2218 25 255 54 255
473 2463 25 255 76 255
473 2720 25 255 85 255
473 2767 25 255 104 255
474 876 25 236 255 255
474 1121 25 217 255 255
474 1336 25 221 255 255
474 2472 25 240 255 255
475 704 62 255 25 255
475 900 70 255 25 255
475 1353 77 255 25 255
475 1544 62 255 25 255
475 2648 58 255 25 255
476 486 25 191 255 255
476 487 25 190 255 255
476 1052 25 182 255 255
476 2071 25 177 255 255
476 2231 25 165 255 255
477 497 49 255 25 255
477 532 78 255 25 255
477 1313 59 255 25 255
477 1975 44 255 25 255
478 1212 25 219 255 255
478 1758 25 199 255 255
478 2577 25 201 255 255
479 553 192 255 25 255
479 612 189 255 25 255
479 1070 196 255 25 255
479 1284 189 255 25 255
479 2664 200 255 25 255
480 541 25 151 255 255
480 641 25 113 255 255
480 683 25 120 255 255
480 803 25 103 255 255
480 910 25 126 255 255
480 2797 25 153 255 255
481 1182 25 196 255 255
481 1183 25 194 255 255
481 1369 25 219 255 255
481 1432 25 200 255 255
482 509 25 92 255 255
482 511 25 43 255 255
482 887 25 86 255 255
482 2249 25 38 255 255
483 1162 25 143 255 255
483 1758 25 188 255 255
484 1055 49 25 255 255
484 1068 60 25 255 255
484 1300 76 25 255 255
484 1701 46 25 255 255
484 2534 84 25 255 255
485 509 25 173 255 255
485 1554 25 250 255 255
485 1731 25 179 255 255
485 1955 25 219 255 255
485 2403 25 212 255 255
485 2597 25 226 255 255
486 487 25 200 255 255
486 623 25 194 255 255
486 1998 25 211 255 255
486 2071 25 187 255 255
487 1052 25 190 255 255
487 1495 25 203 255 255
487 1676 25 218 255 255
488 976 255 48 25 255
488 1953 255 64 25 255
489 904 25 228 255 255
489 1338 25 235 255 255
489 2016 25 255 250 255
489 2483 25 223 255 255
489 2564 25 240 255 255
489 2660 25 248 255 255
490 1049 120 255 25 255
490 1649 122 255 25 255
490 2169 93 255 25 255
490 2442 133 255 25 255
490 2741 88 255 25 255
491 820 25 255 220 255
491 1323 25 255 219 255
491 1431 25 255 241 255
491 2462 25 255 215 255
492 705 67 255 25 255
492 1353 76 255 25 255
492 1436 61 255 25 255
492 2374 69 255 25 255
492 2550 48 255 25 255
492 2644 53 255 25 255
493 1671 25 176 255 255
493 2070 25 172 255 255
493 2175 25 169 255 255
493 2461 25 166 255 255
493 2669 25 165 255 255
494 1246 25 194 255 255
494 1672 25 186 255 255
494 1920 25 183 255 255
494 2525 25 183 255 255
494 2527 25 174 255 255
494 2702 25 173 255 255
495 496 25 255 149 255
495 872 25 255 151 255
495 1588 25 255 124 255
495 1824 25 255 105 255
495 2710 25 255 196 255
496 924 25 255 128 255
496 1222 25 255 183 255
496 1824 25 255 107 255
497 677 36 255 25 255
497 796 35 255 25 255
497 1313 51 255 25 255
497 1765 52 255 25 255
497 1975 37 255 25 255
497 2684 36 255 25 255
498 805 25 255 184 255
498 1457 25 255 223 255
498 1525 25 255 194 255
498 1634 25 255 168 255
498 2154 25 255 228 255
499 1299 25 25 255 255
499 1600 25 32 255 255
499 1625 25 57 255 255
499 1645 25 27 255 255
499 2081 25 32 255 255
500 1345 255 203 25 255
500 1713 255 211 25 255
500 2427 255 218 25 255
500 2638 255 234 25 255
500 2793 255 190 25 255
501 673 255 212 25 255
501 1054 255 211 25 255
501 2122 255 217 25 255
501 2518 255 183 25 255
502 946 94 255 25 255
502 1191 134 255 25 255
502 1317 127 255 25 255
502 1512 129 255 25 255
502 1931 133 255 25 255
502 2144 114 255 25 255
502 2681 86 255 25 255
503 734 25 197 255 255
503 913 25 198 255 255
503 2153 25 175 255 255
503 2726 25 157 255 255
504 769 133 255 25 255
504 1011 79 255 25 255
504 1072 88 255 25 255
504 1541 121 255 25 255
504 2733 67 255 25 255
505 1546 185 255 25 255
505 1807 179 255 25 255
505 2236 170 255 25 255
505 2323 178 255 25 255
505 2745 183 255 25 255
506 724 180 255 25 255
506 1040 149 255 25 255
506 1557 162 255 25 255
506 1662 159 255 25 255
506 2626 184 255 25 255
507 508 167 255 25 255
507 1417 123 255 25 255
508 636 176 255 25 255
508 1417 135 255 25 255
509 1731 25 138 255 255
509 1752 25 161 255 255
509 2403 25 171 255 255
509 2418 25 169 255 255
510 783 100 255 25 255
510 992 129 255 25 255
510 2021 86 255 25 255
511 887 25 78 255 255
511 1819 25 28 255 255
511 2249 25 29 255 255
512 699 25 134 255 255
512 982 25 98 255 255
512 1178 25 93 255 255
512 1296 25 145 255 255
513 541 25 146 255 255
513 798 25 131 255 255
513 910 25 121 255 255
513 944 25 117 255 255
513 1148 25 105 255 255
513 1370 25 129 255 255
514 820 25 255 232 255
514 1132 25 255 235 255
514 1431 25 255 253 255
514 2017 25 241 255 255
514 2124 25 255 240 255
514 2742 25 255 251 255
515 516 224 255 25 255
515 811 186 255 25 255
515 1383 235 255 25 255
515 1453 216 255 25 255
515 1614 193 255 25 255
515 2105 242 255 25 255
516 983 238 255 25 255
516 1614 206 255 25 255
516 2105 255 254 25 255
517 575 81 255 25 255
517 576 51 255 25 255
517 954 25 255 33 255
517 1355 72 255 25 255
517 1559 25 255 53 255
517 1802 74 255 25 255
517 2237 31 255 25 255
518 713 146 255 25 255
518 1213 163 255 25 255
518 1271 159 255 25 255
518 1596 148 255 25 255
518 2772 142 255 25 255
519 914 25 255 228 255
519 1377 25 255 204 255
519 1804 25 255 156 255
519 2240 25 255 84 255
519 2420 25 255 129 255
520 752 25 176 255 255
520 918 25 190 255 255
520 1376 25 173 255 255
520 2079 25 190 255 255
520 2406 25 187 255 255
521 1260 25 255 152 255
521 1875 25 255 155 255
521 1966 25 255 190 255
521 2066 25 255 159 255
521 2097 25 255 165 255
521 2790 25 255 141 255
522 1511 25 255 62 255
522 1564 26 255 25 255
522 2225 25 255 63 255
522 2372 25 255 73 255
522 2412 25 255 66 255
522 2444 25 255 65 255
522 2758 25 255 42 255
523 1356 208 255 25 255
523 1365 203 255 25 255
523 1555 212 255 25 255
523 1927 213 255 25 255
523 2456 201 255 25 255
523 2696 205 255 25 255
523 2716 200 255 25 255
524 678 147 255 25 255
524 960 140 255 25 255
524 1244 153 255 25 255
524 2242 136 255 25 255
524 2315 146 255 25 255
524 2437 150 255 25 255
524 2605 139 255 25 255
525 778 25 222 255 255
525 1130 25 222 255 255
526 769 208 255 25 255
526 880 255 233 25 255
526 1416 226 255 25 255
526 1541 196 255 25 255
527 935 25 188 255 255
527 1603 25 196 255 255
527 2377 25 206 255 255
527 2392 25 197 255 255
528 1406 25 255 140 255
528 1881 25 255 146 255
528 2204 25 255 148 255
528 2451 25 255 149 255
528 2578 25 255 152 255
528 2584 25 255 140 255
529 530 192 255 25 255
529 988 190 255 25 255
529 1351 203 255 25 255
529 1491 203 255 25 255
529 1951 202 255 25 255
529 2494 207 255 25 255
529 2496 202 255 25 255
529 2606 210 255 25 255
529 2691 193 255 25 255
530 831 188 255 25 255
530 988 182 255 25 255
530 1351 195 255 25 255
530 1790 183 255 25 255
530 1816 182 255 25 255
530 1817 172 255 25 255
530 2496 194 255 25 255
531 532 100 255 25 255
531 636 136 255 25 255
531 937 74 255 25 255
531 1310 117 255 25 255
531 1417 95 255 25 255
532 937 73 255 25 255
532 1310 116 255 25 255
532 1313 80 255 25 255
532 1975 66 255 25 255
533 534 255 233 25 255
533 854 255 239 25 255
533 1368 255 220 25 255
533 1977 251 255 25 255
533 2289 244 255 25 255
534 1149 255 251 25 255
534 1297 255 215 25 255
534 1368 255 221 25 255
534 2289 242 255 25 255
534 2708 255 231 25 255
535 712 30 25 255 255
535 1616 31 25 255 255
535 2754 44 25 255 255
536 841 25 128 255 255
536 1121 25 186 255 255
536 1237 25 136 255 255
536 1304 25 190 255 255
536 2344 25 167 255 255
536 2789 25 168 255 255
537 1797 30 25 255 255
537 2086 25 30 255 255
537 2274 25 25 255 255
537 2504 25 31 255 255
537 2703 25 29 255 255
538 1086 63 255 25 255
538 1570 63 255 25 255
538 1749 64 255 25 255
538 2475 49 255 25 255
539 568 25 255 215 255
539 1115 25 255 210 255
539 1116 25 255 196 255
539 1193 25 255 194 255
540 1015 25 255 98 255
540 1363 25 255 84 255
540 1903 25 255 77 255
540 2112 25 255 93 255
540 2161 25 255 88 255
541 542 25 171 255 255
541 798 25 167 255 255
541 910 25 158 255 255
541 1929 25 198 255 255
541 2797 25 185 255 255
542 798 25 155 255 255
542 1376 25 159 255 255
542 1929 25 187 255 255
543 544 25 255 191 255
543 926 25 255 167 255
543 1742 25 255 169 255
543 2260 25 255 188 255
543 2384 25 255 179 255
544 2341 25 255 209 255
544 2342 25 255 191 255
545 596 140 255 25 255
545 1740 145 255 25 255
545 2358 136 255 25 255
546 599 25 255 99 255
546 674 25 255 72 255
546 829 25 255 97 255
546 1430 25 255 82 255
546 1571 25 255 90 255
546 2794 25 255 89 255
547 548 25 252 255 255
547 813 25 241 255 255
547 1611 25 239 255 255
547 2438 25 219 255 255
548 632 25 255 214 255
548 832 25 251 255 255
548 1611 25 252 255 255
548 1745 25 247 255 255
548 1768 25 243 255 255
549 667 25 202 255 255
549 1441 25 198 255 255
549 1611 25 229 255 255
549 1745 25 224 255 255
550 982 25 82 255 255
550 1096 25 50 255 255
550 1389 25 91 255 255
550 1813 25 50 255 255
550 1902 25 65 255 255
550 2653 25 60 255 255
551 836 76 255 25 255
551 1164 67 255 25 255
551 1445 105 255 25 255
551 1488 116 255 25 255
551 1529 81 255 25 255
551 2244 94 255 25 255
551 2741 94 255 25 255
552 1079 51 25 255 255
552 1080 45 25 255 255
552 1769 25 56 255 255
552 2255 25 40 255 255
553 612 186 255 25 255
553 1106 180 255 25 255
553 2427 229 255 25 255
553 2638 213 255 25 255
553 2664 197 255 25 255
554 1246 25 192 255 255
554 1660 25 168 255 255
554 1753 25 168 255 255
554 1920 25 181 255 255
554 1959 25 168 255 255
555 747 35 255 25 255
555 1058 25 255 28 255
555 1161 25 255 63 255
555 1711 25 255 81 255
555 1822 25 255 43 255
555 2007 27 255 25 255
555 2372 25 255 57 255
555 2434 36 255 25 255
555 2542 25 255 33 255
556 746 29 255 25 255
556 747 48 255 25 255
556 930 71 255 25 255
556 1058 35 255 25 255
556 2284 25 255 39 255
557 781 25 54 255 255
557 787 25 72 255 255
557 802 25 45 255 255
557 887 25 88 255 255
557 1299 25 38 255 255
557 2581 25 42 255 255
558 906 25 255 254 255
558 1708 25 255 138 255
558 2308 25 255 198 255
558 2700 25 255 236 255
559 1184 108 255 25 255
559 1738 25 255 33 255
559 2565 105 255 25 255
559 2689 45 255 25 255
560 1041 255 134 25 255
560 1447 255 117 25 255
560 1674 255 141 25 255
560 1677 255 143 25 255
561 624 25 255 77 255
561 1699 25 255 106 255
562 773 25 255 163 255
562 1825 25 255 191 255
562 2404 25 255 163 255
563 1030 25 242 255 255
563 2535 25 249 255 255
564 887 25 159 255 255
564 1030 25 216 255 255
564 2084 25 174 255 255
564 2445 25 201 255 255
565 1535 136 255 25 255
565 1721 141 255 25 255
565 1832 144 255 25 255
565 2108 163 255 25 255
565 2336 164 255 25 255
565 2425 181 255 25 255
565 2500 175 255 25 255
566 1980 25 169 255 255
566 2287 25 172 255 255
566 2316 25 125 255 255
566 2397 25 155 255 255
566 2690 25 148 255 255
567 922 25 255 155 255
567 1328 25 255 182 255
567 2269 25 255 171 255
567 2753 25 255 165 255
568 1115 25 255 201 255
568 2254 25 255 216 255
569 1007 25 255 167 255
569 2384 25 255 169 255
570 659 31 25 255 255
570 660 25 33 255 255
570 661 46 25 255 255
570 1043 63 25 255 255
570 1823 66 25 255 255
570 2186 41 25 255 255
570 2399 43 25 255 255
571 1349 25 113 255 255
571 1350 25 109 255 255
571 1396 25 81 255 255
571 1506 25 87 255 255
571 2213 25 79 255 255
572 615 25 54 255 255
572 1473 25 43 255 255
572 1506 25 61 255 255
572 1689 25 43 255 255
572 2193 25 45 255 255
572 2296 25 38 255 255
573 1543 255 92 25 255
573 1598 255 74 25 255
573 2171 255 70 25 255
574 1791 198 255 25 255
574 1886 236 255 25 255
574 2101 232 255 25 255
574 2655 199 255 25 255
575 733 114 255 25 255
575 1355 101 255 25 255
575 1802 103 255 25 255
575 1832 122 255 25 255
576 954 25 255 35 255
576 1666 25 255 35 255
576 1748 59 255 25 255
576 1802 73 255 25 255
577 578 25 255 247 255
577 628 25 226 255 255
577 639 25 210 255 255
577 640 25 255 233 255
577 731 25 180 255 255
577 1143 25 171 255 255
577 1337 25 235 255 255
577 2497 25 231 255 255
578 640 25 255 168 255
578 1151 25 255 170 255
578 2481 25 255 125 255
578 2497 25 255 214 255
579 1320 25 250 255 255
579 1510 25 246 255 255
579 2589 25 237 255 255
580 670 25 255 223 255
580 1007 25 255 182 255
580 2254 25 255 211 255
581 1250 25 255 122 255
581 1569 25 255 125 255
581 1572 25 255 143 255
581 1696 25 255 112 255
581 1880 25 255 121 255
581 1932 25 255 122 255
582 1687 25 255 190 255
582 1839 25 255 178 255
582 2804 25 255 192 255
583 603 25 255 253 255
583 1568 25 182 255 255
583 1770 25 209 255 255
583 2524 25 232 255 255
583 2649 25 205 255 255
584 585 25 255 58 255
584 814 25 255 65 255
584 981 25 255 61 255
584 1747 25 255 47 255
584 1785 25 255 44 255
585 604 25 255 60 255
585 814 25 255 67 255
585 1785 25 255 46 255
586 1201 25 255 47 255
586 1224 25 255 88 255
586 2151 25 255 56 255
587 1356 212 255 25 255
587 1862 209 255 25 255
587 1946 234 255 25 255
587 2494 213 255 25 255
587 2696 209 255 25 255
588 1137 25 255 113 255
588 1159 25 255 75 255
588 1561 25 255 63 255
588 1849 25 255 81 255
588 2097 25 255 125 255
588 2304 25 255 121 255
588 2790 25 255 101 255
589 651 25 255 124 255
589 1029 25 255 111 255
589 1448 25 255 87 255
589 2303 25 255 161 255
589 2784 25 255 150 255
590 2002 151 255 25 255
590 2156 140 255 25 255
590 2191 170 255 25 255
590 2194 148 255 25 255
590 2379 142 255 25 255
590 2386 142 255 25 255
591 2326 114 255 25 255
591 2379 122 255 25 255
591 2386 122 255 25 255
591 2470 119 255 25 255
591 2613 90 255 25 255
591 2663 111 255 25 255
592 1002 99 255 25 255
592 1133 82 255 25 255
592 2375 93 255 25 255
592 2685 91 255 25 255
592 2698 92 255 25 255
593 1099 25 255 246 255
593 1795 25 228 255 255
593 2075 25 255 222 255
593 2173 25 224 255 255
593 2233 25 255 248 255
593 2678 25 226 255 255
594 711 25 184 255 255
594 1005 25 221 255 255
594 1076 25 194 255 255
594 1545 25 211 255 255
594 1888 25 228 255 255
594 2545 25 210 255 255
595 755 25 255 63 255
595 812 25 255 126 255
595 2453 25 255 77 255
595 2485 25 255 130 255
596 737 123 255 25 255
596 1243 114 255 25 255
596 1740 140 255 25 255
596 2358 131 255 25 255
597 653 25 255 138 255
597 1636 25 255 130 255
597 1778 25 255 156 255
597 2025 25 255 123 255
597 2178 25 255 123 255
598 1253 25 255 106 255
598 1876 25 255 98 255
598 2025 25 255 108 255
598 2307 25 255 104 255
599 1161 25 255 104 255
599 1366 25 255 112 255
599 1430 25 255 96 255
599 1571 25 255 104 255
599 2794 25 255 104 255
600 1207 25 220 255 255
600 1603 25 200 255 255
600 2493 25 204 255 255
601 824 110 25 255 255
601 864 92 25 255 255
601 1171 71 25 255 255
601 1507 98 25 255 255
601 1558 75 25 255 255
601 1563 91 25 255 255
602 1032 25 113 255 255
602 1301 25 115 255 255
602 1898 25 121 255 255
602 2030 25 190 255 255
602 2516 25 190 255 255
603 1210 25 255 195 255
603 1468 25 255 200 255
603 1770 25 255 253 255
603 1915 25 255 194 255
603 2524 25 255 230 255
603 2528 25 255 217 255
603 2594 25 255 212 255
603 2792 25 255 188 255
604 994 25 255 61 255
604 1155 25 255 81 255
604 1239 25 255 66 255
604 1785 25 255 45 255
605 1180 25 255 27 255
605 1806 32 255 25 255
605 1884 52 255 25 255
606 1238 25 255 209 255
606 1685 25 250 255 255
606 1895 25 255 175 255
607 893 25 255 157 255
607 1494 25 255 183 255
607 1496 25 255 199 255
607 1497 25 255 203 255
607 1504 25 255 200 255
607 2440 25 255 176 255
607 2689 25 255 99 255
608 1434 25 255 114 255
608 1504 25 255 177 255
608 1646 25 255 122 255
608 2306 25 255 154 255
609 961 25 69 255 255
609 1663 25 28 255 255
609 1783 38 25 255 255
609 2609 25 59 255 255
609 2727 25 52 255 255
609 2783 25 65 255 255
610 801 25 140 255 255
610 830 25 153 255 255
610 833 25 153 255 255
610 1078 25 180 255 255
610 1809 25 148 255 255
611 1146 139 255 25 255
611 1275 168 255 25 255
611 1423 182 255 25 255
611 1918 156 255 25 255
611 1928 168 255 25 255
611 2241 179 255 25 255
612 1106 177 255 25 255
612 1275 175 255 25 255
612 1284 182 255 25 255
612 2651 178 255 25 255
613 740 25 255 199 255
613 1323 25 255 209 255
613 1651 25 255 190 255
613 2109 25 255 197 255
613 2462 25 255 206 255
614 1055 36 25 255 255
614 1329 66 25 255 255
614 1701 32 25 255 255
614 2588 51 25 255 255
615 1259 25 108 255 255
615 1472 25 67 255 255
615 1473 25 55 255 255
615 1506 25 73 255 255
616 1472 25 49 255 255
616 1854 25 33 255 255
616 2041 25 31 255 255
616 2168 25 42 255 255
616 2296 25 32 255 255
616 2725 25 37 255 255
617 753 108 25 255 255
617 823 163 25 255 255
617 1063 158 25 255 255
617 1318 141 25 255 255
617 1684 147 25 255 255
617 2340 151 25 255 255
618 786 25 255 212 255
618 850 25 255 232 255
618 1503 25 255 177 255
618 2177 25 255 188 255
618 2460 25 255 183 255
619 780 66 25 255 255
619 915 29 25 255 255
619 1165 60 25 255 255
619 2117 60 25 255 255
619 2609 25 44 255 255
619 2754 60 25 255 255
620 891 25 255 134 255
620 892 25 255 119 255
620 2098 25 255 139 255
621 622 255 231 25 255
621 886 255 194 25 255
621 1174 255 201 25 255
621 1677 255 178 25 255
621 1965 255 226 25 255
621 2157 255 187 25 255
621 2707 255 189 25 255
622 744 255 226 25 255
622 1020 252 255 25 255
622 1174 255 228 25 255
623 793 25 175 255 255
623 959 25 195 255 255
623 1848 25 182 255 255
623 1998 25 204 255 255
623 2071 25 180 255 255
624 1644 25 255 67 255
624 2150 25 255 60 255
624 2362 25 255 48 255
624 2796 25 255 70 255
625 764 69 255 25 255
625 1114 36 255 25 255
625 1544 54 255 25 255
625 2093 45 255 25 255
625 2355 38 255 25 255
625 2517 38 255 25 255
626 1156 25 255 63 255
626 1425 28 255 25 255
626 1653 25 255 33 255
626 2045 25 255 30 255
627 668 143 255 25 255
627 1597 136 255 25 255
627 1776 134 255 25 255
627 2298 144 255 25 255
627 2687 138 255 25 255
628 640 25 255 203 255
628 834 25 255 194 255
628 835 25 255 185 255
628 1270 25 255 228 255
628 1337 25 255 244 255
629 662 25 81 255 255
629 1177 25 119 255 255
629 1389 25 100 255 255
629 1798 25 97 255 255
629 2203 25 80 255 255
629 2547 25 108 255 255
630 766 25 203 255 255
630 1208 25 204 255 255
630 1681 25 227 255 255
630 2089 25 208 255 255
630 2458 25 213 255 255
631 663 25 206 255 255
631 707 25 198 255 255
631 723 25 238 255 255
631 2212 25 214 255 255
631 2458 25 217 255 255
631 2541 25 212 255 255
631 2592 25 193 255 255
631 2616 25 220 255 255
632 908 25 255 164 255
632 1128 25 255 147 255
632 1461 25 255 153 255
632 2699 25 255 203 255
633 634 203 255 25 255
633 1169 201 255 25 255
633 1393 202 255 25 255
633 2013 188 255 25 255
633 2302 203 255 25 255
633 2492 190 255 25 255
633 2625 189 255 25 255
634 1021 218 255 25 255
634 1090 220 255 25 255
634 1492 222 255 25 255
634 1771 219 255 25 255
634 2013 201 255 25 255
634 2302 216 255 25 255
635 865 25 255 163 255
635 1004 25 255 196 255
635 1676 25 255 230 255
635 2053 25 255 191 255
635 2595 25 255 170 255
636 1310 153 255 25 255
636 1417 132 255 25 255
636 2735 165 255 25 255
637 638 25 255 97 255
637 1355 38 255 25 255
637 2237 25 255 53 255
637 2532 25 255 108 255
637 2667 25 255 40 255
638 1065 25 255 106 255
638 2149 25 255 163 255
638 2383 25 255 167 255
638 2532 25 255 141 255
638 2646 25 255 154 255
638 2667 25 255 73 255
639 1337 25 248 255 255
639 2449 25 199 255 255
640 783 25 255 71 255
640 834 25 255 144 255
640 1307 25 255 93 255
640 2481 25 255 111 255
641 803 25 97 255 255
641 910 25 120 255 255
641 1863 25 88 255 255
641 1925 25 86 255 255
642 863 36 25 255 255
642 1231 48 25 255 255
642 1232 30 25 255 255
642 1860 25 57 255 255
642 2301 25 25 255 255
642 2719 25 53 255 255
643 1175 25 69 255 255
643 1782 25 63 255 255
643 1865 25 61 255 255
643 2591 25 108 255 255
643 2665 25 96 255 255
644 707 25 200 255 255
644 904 25 217 255 255
644 1682 25 224 255 255
644 2483 25 212 255 255
644 2541 25 213 255 255
644 2616 25 222 255 255
645 1534 25 255 115 255
645 1584 25 255 150 255
645 2138 25 255 132 255
645 2147 25 255 111 255
645 2148 25 255 127 255
645 2414 25 255 142 255
645 2645 25 255 147 255
646 1017 25 255 193 255
646 1085 25 255 197 255
646 1111 25 255 215 255
646 1135 25 255 200 255
646 1552 25 255 217 255
646 1594 25 255 199 255
646 1712 25 255 200 255
646 2348 25 255 226 255
646 2498 25 255 201 255
646 2743 25 255 196 255
647 648 25 255 151 255
647 1583 25 255 163 255
647 1699 25 255 140 255
647 2083 25 255 166 255
647 2091 25 255 168 255
647 2671 25 255 167 255
648 1053 25 255 130 255
648 1225 25 255 167 255
648 1583 25 255 154 255
648 1984 25 255 162 255
649 1736 170 255 25 255
649 1741 187 255 25 255
649 1862 199 255 25 255
649 2443 191 255 25 255
649 2696 198 255 25 255
650 651 25 255 112 255
650 1367 25 255 125 255
650 2419 25 255 97 255
651 1029 25 255 111 255
651 1638 25 255 154 255
651 1983 25 255 162 255
651 2784 25 255 150 255
652 1235 140 255 25 255
652 1413 133 255 25 255
652 1516 123 255 25 255
652 2676 124 255 25 255
653 654 25 255 151 255
653 1253 25 255 124 255
653 1487 25 255 158 255
653 1778 25 255 159 255
653 2025 25 255 126 255
653 2034 25 255 135 255
653 2307 25 255 122 255
653 2433 25 255 125 255
654 1233 25 255 143 255
654 1487 25 255 168 255
654 1540 25 255 180 255
654 1992 25 255 175 255
654 2034 25 255 145 255
655 1362 187 255 25 255
655 1606 191 255 25 255
655 2201 192 255 25 255
655 2456 194 255 25 255
655 2716 193 255 25 255
656 658 174 255 25 255
656 1019 169 255 25 255
656 1069 168 255 25 255
656 1606 177 255 25 255
656 1717 161 255 25 255
656 1990 169 255 25 255
656 2361 163 255 25 255
656 2411 159 255 25 255
656 2514 164 255 25 255
657 658 188 255 25 255
657 881 189 255 25 255
657 1123 200 255 25 255
657 1990 182 255 25 255
657 2487 202 255 25 255
658 1123 196 255 25 255
658 1606 186 255 25 255
658 1990 178 255 25 255
658 2201 187 255 25 255
659 660 25 55 255 255
659 1902 25 45 255 255
659 1904 30 25 255 255
659 2399 25 29 255 255
659 2736 25 25 255 255
660 2033 25 54 255 255
660 2186 25 45 255 255
660 2316 25 86 255 255
660 2736 25 39 255 255
661 662 25 37 255 255
661 1389 25 56 255 255
661 1823 58 25 255 255
661 1902 25 30 255 255
661 2399 36 25 255 255
662 1389 25 82 255 255
662 1789 25 53 255 255
662 2203 25 61 255 255
663 766 25 198 255 255
663 2212 25 205 255 255
663 2458 25 208 255 255
663 2592 25 185 255 255
664 665 255 108 25 255
664 1447 255 104 25 255
664 1981 255 117 25 255
665 971 255 133 25 255
665 1041 255 124 25 255
665 1447 255 107 25 255
665 1981 255 120 25 255
665 2280 255 142 25 255
666 1039 255 245 25 255
666 1345 255 226 25 255
666 1407 255 249 25 255
666 2436 255 243 25 255
666 2793 255 213 25 255
667 1008 25 151 255 255
667 1240 25 137 255 255
667 1441 25 181 255 255
667 1611 25 213 255 255
667 2438 25 192 255 255
668 1547 151 255 25 255
668 2298 149 255 25 255
668 2361 154 255 25 255
668 2411 150 255 25 255
668 2687 143 255 25 255
669 1743 25 255 213 255
669 2341 25 255 213 255
669 2342 25 255 195 255
669 2756 25 255 204 255
670 1743 25 255 236 255
670 2254 25 255 237 255
670 2756 25 255 226 255
671 672 25 89 255 255
671 794 25 98 255 255
671 1173 25 131 255 255
671 1568 25 121 255 255
671 2174 25 110 255 255
671 2719 25 73 255 255
672 1859 25 81 255 255
672 1860 25 78 255 255
672 2174 25 112 255 255
672 2719 25 74 255 255
673 1054 246 255 25 255
673 2122 241 255 25 255
673 2801 243 255 25 255
674 746 25 255 49 255
674 829 25 255 85 255
674 1429 25 255 62 255
674 1430 25 255 70 255
674 1822 25 255 58 255
674 2284 25 255 66 255
675 1003 25 255 79 255
675 1455 25 255 55 255
675 1733 25 255 79 255
675 1887 25 255 69 255
675 2537 25 255 51 255
676 689 70 255 25 255
676 855 65 255 25 255
676 1842 55 255 25 255
676 1962 45 255 25 255
676 2005 77 255 25 255
676 2488 49 255 25 255
676 2489 25 255 43 255
676 2694 25 255 35 255
677 1035 34 255 25 255
677 1313 45 255 25 255
677 1765 46 255 25 255
678 1244 154 255 25 255
678 1706 141 255 25 255
678 2242 137 255 25 255
678 2448 115 255 25 255
678 2596 137 255 25 255
679 966 25 255 79 255
679 1483 25 255 111 255
679 1581 25 255 89 255
679 1582 25 255 117 255
679 1883 25 255 87 255
680 681 97 25 255 255
680 1278 63 25 255 255
680 1279 69 25 255 255
680 2180 73 25 255 255
680 2474 77 25 255 255
681 1519 99 25 255 255
681 1668 91 25 255 255
681 2428 110 25 255 255
681 2474 93 25 255 255
682 717 25 54 255 255
682 847 25 101 255 255
682 2174 25 120 255 255
682 2575 25 65 255 255
682 2726 25 123 255 255
683 803 25 104 255 255
683 2129 25 157 255 255
683 2513 25 158 255 255
683 2797 25 154 255 255
684 862 161 255 25 255
684 1876 41 255 25 255
684 2037 127 255 25 255
684 2062 80 255 25 255
684 2063 103 255 25 255
684 2466 152 255 25 255
685 736 25 231 255 255
685 959 25 212 255 255
685 1004 25 255 247 255
685 1998 25 220 255 255
685 2377 25 217 255 255
685 2392 25 208 255 255
685 2672 25 255 240 255
686 795 162 255 25 255
686 2479 118 255 25 255
686 2531 107 255 25 255
686 2798 136 255 25 255
687 837 25 66 255 255
687 1179 25 95 255 255
687 1508 25 62 255 255
687 2370 25 97 255 255
688 689 88 255 25 255
688 920 88 255 25 255
688 1045 92 255 25 255
688 1954 98 255 25 255
688 2005 96 255 25 255
688 2501 95 255 25 255
689 855 81 255 25 255
689 920 85 255 25 255
689 1119 87 255 25 255
689 2005 93 255 25 255
689 2257 87 255 25 255
689 2478 87 255 25 255
689 2639 87 255 25 255
690 1324 61 255 25 255
690 1417 84 255 25 255
690 2167 36 255 25 255
690 2464 66 255 25 255
690 2479 88 255 25 255
691 1475 25 255 171 255
691 1620 25 255 184 255
691 2786 25 255 162 255
692 895 41 25 255 255
692 1068 60 25 255 255
692 1110 44 25 255 255
692 2534 84 25 255 255
693 1023 255 212 25 255
693 1386 255 223 25 255
693 1665 255 211 25 255
693 2556 255 242 25 255
694 748 163 255 25 255
694 851 163 255 25 255
694 1249 178 255 25 255
694 1736 157 255 25 255
694 1741 174 255 25 255
694 2351 159 255 25 255
694 2614 159 255 25 255
694 2666 154 255 25 255
695 974 25 255 247 255
695 1466 25 255 243 255
696 1258 255 110 25 255
696 2136 255 94 25 255
696 2171 255 82 25 255
697 1239 25 255 50 255
697 1593 35 255 25 255
697 2163 25 255 32 255
697 2391 25 255 31 255
698 712 39 25 255 255
698 1616 40 25 255 255
698 2069 38 25 255 255
698 2734 25 33 255 255
698 2744 38 25 255 255
699 1178 25 114 255 255
699 1179 25 131 255 255
699 1286 25 165 255 255
700 1311 25 255 43 255
700 2208 25 255 39 255
700 2294 25 255 48 255
701 751 25 255 175 255
701 1263 25 255 181 255
701 1810 25 255 199 255
701 2083 25 255 179 255
701 2091 25 255 180 255
701 2498 25 255 188 255
702 703 25 255 229 255
702 874 25 255 218 255
702 1841 25 255 232 255
702 1912 25 255 225 255
702 1944 25 255 214 255
702 2014 25 255 197 255
703 964 25 251 255 255
703 1841 25 255 243 255
703 1912 25 255 236 255
703 2221 25 255 244 255
703 2417 25 250 255 255
704 705 64 255 25 255
704 1353 74 255 25 255
704 1436 58 255 25 255
704 1958 48 255 25 255
704 2648 55 255 25 255
705 1353 80 255 25 255
705 1436 64 255 25 255
706 1528 130 255 25 255
706 1885 134 255 25 255
706 2035 141 255 25 255
706 2293 131 255 25 255
706 2642 131 255 25 255
707 1256 25 133 255 255
707 1812 25 145 255 255
707 2483 25 193 255 255
707 2541 25 195 255 255
707 2592 25 177 255 255
708 1517 116 255 25 255
708 1718 119 255 25 255
709 1264 104 255 25 255
709 1781 123 255 25 255
709 2156 125 255 25 255
709 2386 126 255 25 255
709 2663 116 255 25 255
710 1196 122 255 25 255
710 1414 125 255 25 255
710 2511 124 255 25 255
710 2512 128 255 25 255
710 2676 120 255 25 255
710 2712 135 255 25 255
711 841 25 127 255 255
711 1076 25 174 255 255
711 1384 25 128 255 255
711 2344 25 166 255 255
712 816 25 42 255 255
712 1616 37 25 255 255
712 2744 35 25 255 255
713 1002 121 255 25 255
713 1271 148 255 25 255
713 1524 129 255 25 255
713 2375 115 255 25 255
713 2772 130 255 25 255
714 748 150 255 25 255
714 1502 144 255 25 255
714 1790 161 255 25 255
714 1817 150 255 25 255
714 1979 147 255 25 255
715 1536 25 255 219 255
715 2100 25 255 232 255
715 2128 25 255 224 255
715 2303 25 255 209 255
715 2352 25 247 255 255
715 2508 25 255 247 255
716 858 255 154 25 255
716 1354 255 168 25 255
717 840 50 25 255 255
717 847 25 49 255 255
717 1079 55 25 255 255
717 1080 50 25 255 255
717 2575 37 25 255 255
718 732 25 255 114 255
718 758 25 255 123 255
718 776 25 255 79 255
718 2197 25 255 112 255
718 2228 25 255 101 255
718 2446 25 255 77 255
719 857 103 255 25 255
719 1355 110 255 25 255
719 1451 142 255 25 255
719 1832 131 255 25 255
719 2336 152 255 25 255
719 2750 122 255 25 255
720 972 83 255 25 255
720 1133 73 255 25 255
720 1774 60 255 25 255
720 2059 89 255 25 255
720 2188 82 255 25 255
720 2218 47 255 25 255
720 2802 37 255 25 255
721 1191 172 255 25 255
721 1587 176 255 25 255
721 1807 184 255 25 255
721 2692 186 255 25 255
721 2706 189 255 25 255
722 870 25 255 226 255
722 1658 25 255 226 255
722 2011 25 255 224 255
722 2092 25 255 218 255
722 2123 25 255 204 255
722 2300 25 255 231 255
723 1682 25 246 255 255
723 1683 25 255 245 255
723 1686 25 255 235 255
723 2616 25 244 255 255
724 725 200 255 25 255
724 868 207 255 25 255
724 1184 179 255 25 255
724 1662 176 255 25 255
724 2626 200 255 25 255
725 868 211 255 25 255
725 1184 183 255 25 255
726 1381 25 255 86 255
726 1485 25 255 129 255
726 1787 25 255 111 255
726 2018 25 255 92 255
726 2330 25 255 101 255
726 2364 25 255 98 255
726 2408 25 255 88 255
727 728 25 255 239 255
727 812 25 255 197 255
727 1298 25 255 193 255
727 2149 25 255 211 255
727 2295 25 255 244 255
727 2453 25 255 148 255
727 2646 25 255 201 255
728 812 25 255 211 255
728 1861 25 242 255 255
728 2485 25 255 215 255
729 730 131 255 25 255
729 1498 150 255 25 255
729 2429 118 255 25 255
730 1488 126 255 25 255
730 2305 170 255 25 255
730 2429 116 255 25 255
731 1143 25 154 255 255
731 1948 25 179 255 255
731 2497 25 214 255 255
731 2608 25 133 255 255
732 758 25 255 129 255
732 2228 25 255 107 255
732 2662 25 255 123 255
733 1535 117 255 25 255
733 1802 107 255 25 255
733 1832 125 255 25 255
733 2010 104 255 25 255
734 913 25 222 255 255
734 1525 25 255 239 255
734 2154 25 236 255 255
735 961 25 140 255 255
735 1048 25 145 255 255
735 1960 25 190 255 255
735 1994 25 150 255 255
736 1207 25 239 255 255
736 2377 25 229 255 255
736 2672 25 255 228 255
737 1243 102 255 25 255
737 1277 156 255 25 255
737 1509 131 255 25 255
737 1553 80 255 25 255
737 1561 61 255 25 255
737 1740 128 255 25 255
738 1166 25 231 255 255
738 1857 25 255 244 255
738 1995 25 231 255 255
738 2591 25 193 255 255
739 994 25 255 53 255
739 1016 25 255 36 255
739 1785 25 255 37 255
739 2391 25 255 38 255
740 1323 25 255 208 255
740 1845 25 255 204 255
740 2109 25 255 196 255
740 2505 25 255 209 255
740 2634 25 255 195 255
741 742 80 25 255 255
741 838 83 25 255 255
741 839 106 25 255 255
741 1214 131 25 255 255
741 1229 71 25 255 255
742 1118 53 25 255 255
742 1214 123 25 255 255
742 1229 63 25 255 255
742 1668 71 25 255 255
742 2428 90 25 255 255
743 1084 26 255 25 255
743 1108 25 255 42 255
743 1164 27 255 25 255
743 1227 25 255 35 255
743 1387 25 255 27 255
743 1529 40 255 25 255
743 1698 25 255 32 255
743 1720 33 255 25 255
743 1793 25 255 29 255
744 1020 255 224 25 255
744 1174 255 196 25 255
744 2280 255 183 25 255
744 2518 255 199 25 255
745 2228 25 255 92 255
745 2396 25 255 93 255
745 2423 25 255 89 255
745 2424 25 255 82 255
746 1058 25 255 31 255
746 1822 25 255 47 255
746 2284 25 255 55 255
747 1058 38 255 25 255
747 2434 52 255 25 255
747 2615 62 255 25 255
748 851 162 255 25 255
748 1249 176 255 25 255
748 1502 155 255 25 255
748 1643 157 255 25 255
748 1816 171 255 25 255
748 1817 161 255 25 255
748 1917 150 255 25 255
749 772 25 255 166 255
749 1332 25 255 174 255
749 1825 25 255 180 255
749 2068 25 255 183 255
749 2235 25 255 153 255
749 2775 25 255 136 255
750 808 217 255 25 255
750 809 223 255 25 255
750 1206 239 255 25 255
750 1277 214 255 25 255
750 1526 249 255 25 255
750 2626 216 255 25 255
751 1263 25 255 172 255
751 1763 25 255 166 255
751 2091 25 255 171 255
752 798 25 158 255 255
752 918 25 178 255 255
752 1370 25 157 255 255
752 1376 25 161 255 255
752 2079 25 179 255 255
752 2378 25 164 255 255
753 1234 33 25 255 255
753 1318 105 25 255 255
753 1684 111 25 255 255
753 2704 56 25 255 255
754 1140 126 25 255 255
754 1562 123 25 255 255
754 2110 89 25 255 255
754 2569 117 25 255 255
755 782 50 255 25 255
755 1285 54 255 25 255
755 2485 25 255 111 255
755 2750 61 255 25 255
756 859 25 171 255 255
756 1685 25 214 255 255
756 1980 25 193 255 255
756 2690 25 172 255 255
757 972 99 255 25 255
757 1524 114 255 25 255
757 2059 106 255 25 255
757 2188 99 255 25 255
757 2562 116 255 25 255
757 2685 99 255 25 255
758 2197 25 255 127 255
758 2357 25 255 147 255
759 1262 26 255 25 255
759 1270 25 255 131 255
759 1337 25 255 147 255
759 1708 25 255 77 255
759 1976 38 255 25 255
759 2308 25 255 137 255
760 1158 25 26 255 255
760 1530 25 37 255 255
760 1592 25 32 255 255
760 2183 25 32 255 255
760 2199 31 25 255 255
760 2757 29 25 255 255
761 1033 25 255 114 255
761 1125 25 255 122 255
761 1205 25 255 114 255
761 1623 25 255 114 255
761 2134 25 255 127 255
761 2288 25 255 117 255
762 763 110 255 25 255
762 764 98 255 25 255
762 900 92 255 25 255
762 1353 98 255 25 255
762 2620 110 255 25 255
763 764 100 255 25 255
763 1254 121 255 25 255
763 2047 122 255 25 255
763 2480 113 255 25 255
763 2620 113 255 25 255
764 900 82 255 25 255
764 1544 74 255 25 255
764 2480 101 255 25 255
765 1236 205 255 25 255
765 1700 224 255 25 255
765 2145 241 255 25 255
765 2436 250 255 25 255
765 2708 255 251 25 255
766 997 25 191 255 255
766 1208 25 199 255 255
766 1341 25 188 255 255
766 2458 25 208 255 255
766 2592 25 185 255 255
767 1789 31 25 255 255
767 1823 66 25 255 255
767 2661 67 25 255 255
768 1006 25 102 255 255
768 1083 25 73 255 255
768 1142 25 66 255 255
768 1694 25 108 255 255
768 1757 25 90 255 255
768 1867 25 68 255 255
769 1416 191 255 25 255
769 1541 161 255 25 255
769 1772 128 255 25 255
770 933 53 255 25 255
770 1219 62 255 25 255
770 1412 59 255 25 255
770 1967 66 255 25 255
771 1105 98 255 25 255
771 1218 88 255 25 255
771 1219 83 255 25 255
771 1273 87 255 25 255
771 1896 109 255 25 255
771 1967 86 255 25 255
771 1973 95 255 25 255
771 2642 113 255 25 255
772 773 25 255 152 255
772 1825 25 255 180 255
772 2775 25 255 136 255
773 1825 25 255 166 255
773 2224 25 255 112 255
773 2404 25 255 138 255
773 2775 25 255 121 255
774 927 25 143 255 255
774 1574 25 133 255 255
774 2394 25 125 255 255
775 1016 25 255 32 255
775 1747 25 255 36 255
775 1786 25 255 46 255
775 1831 115 255 25 255
775 2176 111 255 25 255
775 2214 25 255 30 255
776 1059 86 255 25 255
776 1786 25 255 54 255
776 2144 58 255 25 255
776 2197 25 255 83 255
776 2446 25 255 49 255
777 830 25 158 255 255
777 1078 25 185 255 255
777 1690 25 188 255 255
778 813 25 236 255 255
778 1744 25 239 255 255
778 2438 25 214 255 255
779 903 25 97 255 255
779 944 25 104 255 255
779 1050 25 72 255 255
779 1107 25 96 255 255
779 1739 25 89 255 255
779 1805 25 94 255 255
779 1863 25 77 255 255
780 1165 71 25 255 255
780 1327 85 25 255 255
780 1346 85 25 255 255
780 2754 71 25 255 255
781 787 25 72 255 255
781 802 25 45 255 255
781 1032 25 71 255 255
781 1276 25 43 255 255
781 1301 25 73 255 255
781 1514 25 54 255 255
782 866 114 255 25 255
782 1285 98 255 25 255
783 1307 40 255 25 255
783 2021 48 255 25 255
783 2481 25 255 28 255
783 2740 72 255 25 255
784 1500 25 255 79 255
784 2088 25 255 73 255
784 2198 25 255 82 255
784 2539 25 255 86 255
785 1033 25 255 103 255
785 1088 25 255 93 255
785 1205 25 255 104 255
785 1767 25 255 100 255
785 2087 25 255 98 255
785 2288 25 255 107 255
785 2387 25 255 92 255
785 2607 25 255 101 255
786 815 25 255 180 255
786 850 25 255 232 255
786 965 25 255 166 255
786 1503 25 255 177 255
787 887 25 106 255 255
787 1032 25 89 255 255
787 2084 25 121 255 255
788 1389 25 125 255 255
788 1422 25 150 255 255
788 1759 25 193 255 255
788 1900 25 185 255 255
788 1905 25 168 255 255
788 2031 25 182 255 255
788 2547 25 133 255 255
789 923 142 255 25 255
789 1537 156 255 25 255
789 2638 199 255 25 255
790 985 25 219 255 255
790 1349 25 154 255 255
790 1350 25 150 255 255
790 1577 25 202 255 255
790 1622 25 181 255 255
791 877 107 255 25 255
791 1200 25 255 44 255
791 1305 77 255 25 255
791 2266 55 255 25 255
791 2565 96 255 25 255
792 1974 25 255 232 255
792 2098 25 255 182 255
792 2594 25 255 217 255
793 1469 25 109 255 255
793 1848 25 169 255 255
793 2071 25 167 255 255
793 2217 25 162 255 255
793 2231 25 156 255 255
793 2392 25 179 255 255
793 2611 25 117 255 255
794 803 25 98 255 255
794 1568 25 132 255 255
794 1770 25 159 255 255
795 2191 189 255 25 255
795 2795 183 255 25 255
795 2798 163 255 25 255
796 1908 25 255 43 255
796 1975 30 255 25 255
796 2684 30 255 25 255
797 909 25 200 255 255
797 1726 25 223 255 255
797 1847 25 179 255 255
797 2040 25 229 255 255
797 2139 25 177 255 255
797 2153 25 188 255 255
798 1370 25 150 255 255
798 1376 25 155 255 255
799 1476 25 255 224 255
799 2700 25 232 255 255
800 861 255 252 25 255
800 1094 245 255 25 255
800 1315 238 255 25 255
800 1354 255 203 25 255
800 2146 255 221 25 255
800 2227 246 255 25 255
801 833 25 145 255 255
801 928 25 112 255 255
801 1669 25 134 255 255
801 1809 25 139 255 255
801 1939 25 135 255 255
802 1192 25 36 255 255
802 1276 25 34 255 255
802 1299 25 29 255 255
802 1645 25 32 255 255
802 1968 25 34 255 255
803 895 25 54 255 255
803 1925 25 76 255 255
804 869 25 255 242 255
804 896 25 255 203 255
804 1031 25 255 237 255
804 1995 25 230 255 255
805 1170 25 255 206 255
805 1457 25 255 208 255
805 1634 25 255 154 255
805 1974 25 255 209 255
805 2098 25 255 159 255
806 891 25 255 124 255
806 945 25 255 95 255
806 1634 25 255 124 255
806 2167 25 255 82 255
807 976 255 85 25 255
807 977 255 86 25 255
807 1150 255 120 25 255
807 1953 255 101 25 255
808 809 213 255 25 255
808 1277 204 255 25 255
808 2774 179 255 25 255
809 2626 211 255 25 255
810 884 161 25 255 255
810 1081 154 25 255 255
810 1214 174 25 255 255
810 1837 165 25 255 255
810 2125 169 25 255 255
811 1453 191 255 25 255
811 2402 145 255 25 255
811 2554 113 255 25 255
812 2453 25 255 121 255
812 2485 25 255 174 255
813 1744 25 246 255 255
813 2438 25 222 255 255
814 849 25 255 69 255
814 949 25 255 81 255
814 1089 25 255 87 255
815 965 25 255 134 255
816 1350 25 97 255 255
816 1482 25 87 255 255
817 942 25 53 255 255
817 1217 25 32 255 255
817 1435 26 25 255 255
817 1819 27 25 255 255
817 2325 25 43 255 255
818 1052 25 186 255 255
818 1076 25 187 255 255
818 1495 25 199 255 255
818 2545 25 204 255 255
819 1040 98 255 25 255
819 1434 25 255 38 255
819 1646 25 255 46 255
819 1662 108 255 25 255
819 1737 25 255 38 255
819 2219 74 255 25 255
820 1132 25 255 223 255
820 1431 25 255 241 255
820 1652 25 255 204 255
820 2462 25 255 215 255
821 1230 25 255 80 255
821 1591 25 255 56 255
821 1889 25 255 63 255
821 2130 25 255 54 255
822 1261 25 255 238 255
822 1833 25 255 202 255
822 2654 25 255 225 255
822 2668 25 255 199 255
823 1063 177 25 255 255
823 2340 169 25 255 255
824 825 136 25 255 255
824 864 112 25 255 255
824 1171 91 25 255 255
824 1329 118 25 255 255
824 1437 102 25 255 255
824 2120 123 25 255 255
825 1329 124 25 255 255
825 1462 128 25 255 255
825 1463 117 25 255 255
825 2120 128 25 255 255
826 956 32 255 25 255
826 975 25 255 25 255
826 1319 60 255 25 255
826 2024 50 255 25 255
826 2318 25 255 27 255
826 2715 25 255 30 255
827 848 25 255 210 255
827 985 25 255 228 255
827 1145 25 255 213 255
827 2042 25 255 218 255
827 2119 25 255 201 255
827 2506 25 255 217 255
827 2602 25 255 204 255
828 914 25 153 255 255
828 1624 25 102 255 255
828 1757 25 107 255 255
828 2189 25 116 255 255
828 2290 25 143 255 255
828 2734 25 84 255 255
829 1465 25 255 103 255
829 1571 25 255 102 255
829 2284 25 255 91 255
829 2792 25 255 140 255
830 1078 25 185 255 255
830 1809 25 153 255 255
831 988 186 255 25 255
831 1249 191 255 25 255
831 1331 195 255 25 255
831 1816 186 255 25 255
831 2691 189 255 25 255
832 1446 25 222 255 255
832 1745 25 233 255 255
832 1768 25 229 255 255
834 835 25 255 126 255
834 1307 25 255 83 255
834 2021 25 255 75 255
835 991 25 255 86 255
835 992 27 255 25 255
835 1270 25 255 160 255
835 1976 25 255 41 255
835 2021 25 255 66 255
836 1164 35 255 25 255
836 1228 28 255 25 255
836 2389 25 255 56 255
837 1508 25 45 255 255
837 1560 25 30 255 255
837 2370 25 80 255 255
837 2371 25 43 255 255
837 2727 25 64 255 255
838 839 101 25 255 255
838 1578 115 25 255 255
839 1578 137 25 255 255
839 1837 141 25 255 255
840 1079 57 25 255 255
840 2012 43 25 255 255
840 2076 25 32 255 255
840 2575 39 25 255 255
841 905 25 68 255 255
841 1384 25 91 255 255
841 1600 25 63 255 255
841 2344 25 128 255 255
842 919 124 255 25 255
842 1319 99 255 25 255
842 1401 122 255 25 255
842 1879 116 255 25 255
842 2311 130 255 25 255
843 1051 25 255 192 255
843 1257 25 255 224 255
843 1326 25 255 187 255
843 1328 25 255 199 255
843 2753 25 255 182 255
844 1092 25 255 48 255
844 1093 25 255 46 255
844 1477 25 255 38 255
844 1655 25 255 34 255
845 911 25 255 80 255
845 1152 25 255 71 255
845 1309 25 255 91 255
845 2116 25 255 89 255
846 1085 25 255 182 255
846 1135 25 255 185 255
846 2635 25 255 185 255
847 1080 25 48 255 255
847 1312 25 119 255 255
847 1709 25 120 255 255
847 2255 25 83 255 255
848 2042 25 255 220 255
848 2506 25 255 218 255
849 949 25 255 76 255
850 1728 25 232 255 255
850 2008 25 255 225 255
850 2177 25 255 207 255
851 1502 156 255 25 255
851 1643 158 255 25 255
851 1760 157 255 25 255
851 2614 157 255 25 255
852 853 25 255 110 255
852 1155 25 255 109 255
852 1321 25 255 102 255
852 1844 25 255 105 255
853 1155 25 255 105 255
853 1239 25 255 89 255
853 1403 25 255 91 255
853 1844 25 255 102 255
854 1368 255 226 25 255
854 1977 245 255 25 255
854 1996 255 240 25 255
854 2574 255 247 25 255
854 2599 253 255 25 255
855 1045 85 255 25 255
855 1954 90 255 25 255
855 2478 83 255 25 255
855 2488 60 255 25 255
856 898 25 158 255 255
856 1186 25 138 255 255
856 1513 25 205 255 255
856 1647 25 192 255 255
856 2162 25 132 255 255
856 2322 25 138 255 255
857 2453 28 255 25 255
858 1354 255 157 25 255
858 2755 255 154 25 255
859 914 25 171 255 255
859 993 25 143 255 255
859 2189 25 134 255 255
859 2690 25 147 255 255
860 1242 251 255 25 255
860 1277 227 255 25 255
860 1526 255 248 25 255
861 862 219 255 25 255
861 2146 255 240 25 255
861 2227 228 255 25 255
862 1189 203 255 25 255
862 2227 208 255 25 255
862 2466 190 255 25 255
863 864 82 25 255 255
863 1507 88 25 255 255
863 2301 59 25 255 255
864 1437 84 25 255 255
864 1507 100 25 255 255
864 2301 71 25 255 255
865 1203 25 255 150 255
865 1398 25 255 126 255
865 1632 25 255 128 255
865 2048 25 255 120 255
865 2053 25 255 168 255
865 2267 25 255 118 255
865 2595 25 255 147 255
866 1285 118 255 25 255
866 1451 145 255 25 255
866 2232 144 255 25 255
866 2750 125 255 25 255
867 1573 165 255 25 255
867 2232 150 255 25 255
868 1206 234 255 25 255
868 2626 211 255 25 255
869 896 25 255 179 255
869 1856 25 255 195 255
869 1857 25 255 220 255
869 1995 25 255 254 255
870 1382 25 255 244 255
870 1658 25 255 230 255
870 1840 25 255 240 255
870 2092 25 255 222 255
870 2563 25 255 238 255
871 1267 25 255 92 255
871 1642 25 255 93 255
871 2310 25 255 95 255
871 2558 25 255 87 255
871 2662 25 255 108 255
872 967 25 255 180 255
872 1588 25 255 128 255
872 2710 25 255 200 255
873 874 25 255 220 255
873 958 25 255 249 255
873 1912 25 255 227 255
873 1944 25 255 216 255
873 2131 25 255 233 255
873 2221 25 255 236 255
874 1912 25 255 224 255
874 1944 25 255 213 255
875 941 238 255 25 255
875 1062 190 255 25 255
875 1064 229 255 25 255
875 1189 210 255 25 255
876 1336 25 227 255 255
876 1545 25 229 255 255
876 1888 25 246 255 255
876 2472 25 246 255 255
877 1184 171 255 25 255
877 1305 149 255 25 255
877 1509 165 255 25 255
877 2565 168 255 25 255
878 1151 25 255 210 255
878 1233 25 255 194 255
878 1540 25 255 231 255
878 1948 25 220 255 255
878 2001 25 255 240 255
878 2054 25 177 255 255
878 2497 25 255 254 255
879 1291 25 255 41 255
879 1449 63 255 25 255
879 1735 25 255 72 255
879 1755 59 255 25 255
879 1756 25 255 67 255
881 1018 175 255 25 255
881 1019 179 255 25 255
881 1990 179 255 25 255
881 2487 199 255 25 255
881 2629 182 255 25 255
881 2759 188 255 25 255
881 2788 192 255 25 255
882 883 25 203 255 255
882 1209 25 203 255 255
882 1882 25 210 255 255
882 1982 25 214 255 255
883 969 25 183 255 255
883 1209 25 204 255 255
883 1379 25 204 255 255
883 1864 25 194 255 255
883 1882 25 211 255 255
884 889 135 25 255 255
884 1081 142 25 255 255
884 1531 140 25 255 255
884 1633 134 25 255 255
884 1697 130 25 255 255
884 1872 150 25 255 255
884 2125 157 25 255 255
885 1009 25 255 206 255
885 1077 25 255 204 255
885 1501 25 255 184 255
885 1595 25 255 190 255
885 1675 25 255 187 255
886 1041 255 160 25 255
886 1677 255 169 25 255
886 2707 255 180 25 255
887 2084 25 136 255 255
887 2445 25 164 255 255
888 1246 25 203 255 255
888 1433 25 191 255 255
888 1660 25 179 255 255
888 1690 25 209 255 255
888 1751 25 174 255 255
888 2009 25 248 255 255
889 1531 126 25 255 255
889 1633 120 25 255 255
889 2583 117 25 255 255
890 891 25 255 114 255
890 892 25 255 99 255
891 892 25 255 122 255
892 1154 25 255 128 255
892 1843 25 255 91 255
893 1066 25 255 133 255
893 1200 25 255 101 255
893 1738 25 255 99 255
893 2440 25 255 148 255
893 2689 25 255 71 255
894 1476 25 255 161 255
894 1708 25 255 117 255
894 2570 25 255 124 255
894 2700 25 255 214 255
895 1110 33 25 255 255
895 1925 25 42 255 255
896 1031 25 255 173 255
896 2197 25 255 128 255
897 1104 142 255 25 255
897 1954 112 255 25 255
898 1060 25 114 255 255
898 2322 25 130 255 255
899 921 25 255 90 255
899 1131 33 255 25 255
899 1420 25 255 76 255
899 1474 51 255 25 255
900 1353 83 255 25 255
900 1544 68 255 25 255
901 1549 25 65 255 255
901 2457 25 39 255 255
902 1419 84 255 25 255
902 1444 75 255 25 255
902 1604 80 255 25 255
902 1605 83 255 25 255
902 1695 82 255 25 255
902 2499 82 255 25 255
903 969 25 136 255 255
903 1107 25 110 255 255
903 1669 25 123 255 255
903 1739 25 102 255 255
903 2657 25 123 255 255
904 1682 25 222 255 255
904 1934 25 224 255 255
904 1970 25 227 255 255
904 2390 25 230 255 255
904 2483 25 210 255 255
904 2564 25 227 255 255
905 1192 25 42 255 255
905 1600 25 42 255 255
905 1645 25 37 255 255
906 1037 25 143 255 255
906 1038 25 139 255 255
906 2700 25 200 255 255
907 973 25 255 134 255
907 1839 25 255 164 255
907 2235 25 255 146 255
907 2507 25 255 176 255
908 1128 25 255 127 255
908 2187 25 255 146 255
908 2640 25 255 124 255
909 953 25 236 255 255
909 2040 25 231 255 255
909 2153 25 190 255 255
910 1148 25 117 255 255
910 1863 25 102 255 255
911 1152 25 255 73 255
911 1215 25 255 88 255
911 1309 25 255 94 255
911 1941 25 255 81 255
911 2095 25 255 77 255
911 2697 25 255 66 255
912 986 25 255 237 255
912 1101 25 255 216 255
912 2016 25 255 229 255
912 2410 25 255 243 255
912 2476 25 255 241 255
912 2660 25 255 240 255
913 953 25 246 255 255
913 1638 25 255 234 255
913 2153 25 201 255 255
914 1377 25 220 255 255
914 2189 25 159 255 255
915 2609 25 69 255 255
916 1094 220 255 25 255
916 1149 233 255 25 255
916 2289 218 255 25 255
916 2311 186 255 25 255
917 1049 176 255 25 255
917 2179 175 255 25 255
917 2530 156 255 25 255
917 2556 223 255 25 255
918 1410 25 198 255 255
918 1667 25 194 255 255
918 2331 25 206 255 255
918 2378 25 177 255 255
918 2406 25 188 255 255
919 1319 110 255 25 255
919 1401 134 255 25 255
919 1879 127 255 25 255
919 2037 133 255 25 255
919 2465 161 255 25 255
919 2779 141 255 25 255
920 2501 92 255 25 255
920 2639 87 255 25 255
921 1138 25 255 204 255
921 1348 25 255 106 255
921 1420 25 255 141 255
921 1567 25 255 169 255
921 1866 25 255 166 255
922 2357 25 255 151 255
923 1146 118 255 25 255
923 1419 106 255 25 255
923 1537 139 255 25 255
923 1918 134 255 25 255
923 2363 130 255 25 255
923 2638 182 255 25 255
924 940 25 255 112 255
924 1222 25 255 159 255
924 1527 25 255 71 255
924 1824 25 255 83 255
924 2246 25 255 93 255
925 1898 25 105 255 255
925 1963 25 171 255 255
925 2259 25 87 255 255
925 2560 25 178 255 255
925 2763 25 172 255 255
925 2787 25 77 255 255
926 1342 25 255 153 255
926 1742 25 255 150 255
926 1820 25 255 166 255
926 2356 25 255 166 255
927 1574 25 149 255 255
927 1610 25 160 255 255
927 1621 25 185 255 255
927 1961 25 164 255 255
928 1669 25 114 255 255
928 2265 25 86 255 255
928 2598 25 75 255 255
929 1024 25 255 127 255
929 1025 25 255 125 255
929 1272 25 255 114 255
929 2389 25 255 116 255
929 2782 25 255 135 255
930 2170 122 255 25 255
930 2615 85 255 25 255
930 2624 103 255 25 255
930 2795 137 255 25 255
930 2798 117 255 25 255
931 932 220 255 25 255
931 1670 255 214 25 255
931 1886 246 255 25 255
931 1965 253 255 25 255
932 1791 183 255 25 255
932 1886 221 255 25 255
932 1965 228 255 25 255
933 1073 46 255 25 255
933 1412 56 255 25 255
933 1921 54 255 25 255
933 1967 62 255 25 255
934 2033 44 25 255 255
934 2077 75 25 255 255
934 2776 51 25 255 255
935 1603 25 187 255 255
935 2217 25 170 255 255
935 2392 25 187 255 255
936 1360 25 255 137 255
936 1569 25 255 124 255
936 1834 25 255 143 255
936 2324 25 255 135 255
936 2467 25 255 104 255
937 1975 40 255 25 255
938 1176 162 255 25 255
938 1306 153 255 25 255
938 1931 156 255 25 255
938 2065 156 255 25 255
938 2202 162 255 25 255
938 2765 154 255 25 255
939 1563 62 25 255 255
939 2110 44 25 255 255
940 1443 25 255 92 255
940 2246 25 255 102 255
940 2459 25 255 112 255
941 1064 254 255 25 255
941 1189 235 255 25 255
941 1289 255 242 25 255
941 1906 255 232 25 255
942 1217 25 62 255 255
942 1340 25 93 255 255
942 1341 25 131 255 255
942 1456 25 124 255 255
942 2217 25 122 255 255
942 2325 25 74 255 255
942 2611 25 78 255 255
943 952 25 255 186 255
943 1630 25 255 137 255
943 2085 25 255 187 255
943 2451 25 255 168 255
943 2552 25 255 181 255
943 2584 25 255 160 255
943 2656 25 255 177 255
943 2705 25 255 186 255
944 1098 25 136 255 255
944 1148 25 112 255 255
944 1370 25 136 255 255
944 1610 25 142 255 255
944 1805 25 115 255 255
944 1863 25 97 255 255
944 1997 25 145 255 255
945 1013 25 255 106 255
945 1190 25 255 77 255
945 1634 25 255 109 255
945 2167 25 255 67 255
946 1181 95 255 25 255
946 1450 46 255 25 255
946 1931 114 255 25 255
946 2614 114 255 25 255
946 2681 67 255 25 255
946 2765 112 255 25 255
947 1875 25 255 144 255
947 2049 25 255 149 255
947 2566 25 255 154 255
947 2803 25 255 132 255
948 949 25 255 56 255
948 950 25 255 45 255
948 1291 25 255 42 255
948 2402 77 255 25 255
948 2554 45 255 25 255
949 950 25 255 77 255
949 2184 25 255 109 255
949 2205 25 255 112 255
949 2554 25 255 37 255
950 1291 25 255 63 255
950 1735 25 255 94 255
950 2205 25 255 101 255
951 1204 25 255 164 255
951 1589 25 255 162 255
951 2029 25 255 184 255
951 2230 25 255 118 255
951 2321 25 255 180 255
951 2373 25 255 156 255
952 1630 25 255 143 255
952 1830 25 255 206 255
952 2085 25 255 193 255
952 2137 25 255 208 255
952 2260 25 255 191 255
952 2376 25 255 209 255
953 1638 25 255 212 255
953 2040 25 255 245 255
953 2153 25 223 255 255
954 1559 25 255 88 255
954 1666 25 255 69 255
954 2367 25 255 100 255
954 2636 25 255 120 255
955 956 29 255 25 255
955 957 27 255 25 255
955 2475 32 255 25 255
956 957 26 255 25 255
956 975 25 255 29 255
956 2243 25 255 40 255
956 2318 25 255 31 255
957 2185 25 255 32 255
957 2318 25 255 33 255
957 2475 28 255 25 255
958 1202 25 208 255 255
958 1997 25 200 255 255
958 2221 25 247 255 255
958 2549 25 235 255 255
958 2582 25 209 255 255
958 2780 25 224 255 255
959 1848 25 190 255 255
959 1998 25 212 255 255
959 2392 25 200 255 255
960 1885 135 255 25 255
960 2090 135 255 25 255
960 2315 141 255 25 255
960 2605 134 255 25 255
960 2773 136 255 25 255
961 1048 25 117 255 255
961 1994 25 123 255 255
961 2727 25 96 255 255
961 2783 25 109 255 255
962 1092 25 255 74 255
962 1283 25 255 88 255
962 1397 25 255 99 255
962 1871 25 255 77 255
963 1515 25 255 193 255
963 1828 25 255 120 255
963 1878 25 255 151 255
963 2694 25 255 117 255
964 1667 25 214 255 255
964 2216 25 221 255 255
964 2221 25 246 255 255
964 2417 25 231 255 255
964 2780 25 223 255 255
965 1503 25 255 131 255
965 1945 25 255 122 255
965 2415 25 255 128 255
966 1227 25 255 55 255
966 1581 25 255 72 255
966 1883 25 255 70 255
966 1889 25 255 61 255
966 1903 25 255 65 255
966 2130 25 255 52 255
967 1588 25 255 153 255
967 1621 25 255 251 255
967 1673 25 255 180 255
967 2710 25 255 224 255
967 2785 25 255 214 255
968 1539 25 255 192 255
968 1861 25 255 252 255
968 1873 25 246 255 255
968 2485 25 255 200 255
969 1669 25 150 255 255
969 1864 25 173 255 255
970 987 25 255 177 255
970 1320 25 255 245 255
970 1440 25 255 158 255
970 1510 25 255 250 255
970 1659 25 255 221 255
970 1982 25 252 255 255
970 2114 25 255 251 255
970 2262 25 255 250 255
970 2278 25 255 237 255
971 1041 255 145 25 255
971 2280 255 164 25 255
971 2707 255 165 25 255
972 2059 100 255 25 255
972 2188 93 255 25 255
973 2235 25 255 127 255
974 2341 25 255 226 255
975 1319 50 255 25 255
975 2063 49 255 25 255
975 2243 25 255 46 255
976 977 255 61 25 255
976 1953 255 76 25 255
977 1150 255 96 25 255
977 1598 255 70 25 255
977 2160 255 80 25 255
978 1348 25 255 65 255
978 1539 25 255 118 255
979 2054 25 99 255 255
979 2259 25 78 255 255
980 981 25 255 89 255
980 1475 25 255 132 255
980 2786 25 255 123 255
981 1747 25 255 51 255
982 1296 25 131 255 255
982 1813 25 52 255 255
983 1375 252 255 25 255
983 1614 207 255 25 255
983 2055 223 255 25 255
984 2297 25 255 238 255
984 2682 25 255 241 255
984 2732 25 255 248 255
984 2771 25 255 252 255
985 1145 25 255 232 255
985 1622 25 223 255 255
985 2042 25 255 238 255
986 1097 25 244 255 255
986 2410 25 255 253 255
986 2731 25 255 247 255
987 1102 25 255 125 255
987 1394 25 255 96 255
987 1440 25 255 104 255
987 1799 25 255 97 255
987 2114 25 255 197 255
987 2407 25 255 167 255
988 989 175 255 25 255
988 2520 173 255 25 255
988 2691 183 255 25 255
989 2520 168 255 25 255
990 1248 175 255 25 255
990 1656 172 255 25 255
991 992 58 255 25 255
991 2021 25 255 35 255
992 1976 103 255 25 255
992 2021 77 255 25 255
993 2189 25 131 255 255
993 2690 25 144 255 255
994 1239 25 255 68 255
994 1785 25 255 48 255
994 2391 25 255 49 255
995 996 25 190 255 255
995 1609 25 191 255 255
995 1770 25 193 255 255
995 2345 25 176 255 255
996 1261 25 228 255 255
996 1609 25 202 255 255
996 1957 25 212 255 255
996 2006 25 218 255 255
996 2345 25 187 255 255
997 1208 25 192 255 255
997 1341 25 180 255 255
997 2089 25 196 255 255
998 999 25 202 255 255
998 1585 25 215 255 255
998 2031 25 216 255 255
999 1585 25 200 255 255
999 1916 25 185 255 255
999 2031 25 202 255 255
999 2143 25 181 255 255
1000 1654 25 255 189 255
1000 1678 25 255 210 255
1000 2248 25 255 203 255
1000 2619 25 255 213 255
1000 2782 25 255 169 255
1001 1856 25 255 169 255
1001 1857 25 255 194 255
1001 2747 25 255 157 255
1002 1198 108 255 25 255
1002 1838 115 255 25 255
1002 1911 107 255 25 255
1002 2375 102 255 25 255
1002 2698 101 255 25 255
1003 1733 25 255 100 255
1003 1887 25 255 89 255
1004 1998 25 255 247 255
1004 2595 25 255 180 255
1004 2672 25 255 198 255
1005 1203 25 255 215 255
1005 1676 25 237 255 255
1005 1888 25 245 255 255
1005 2053 25 255 233 255
1005 2545 25 227 255 255
1006 1057 25 163 255 255
1006 1083 25 98 255 255
1006 1542 25 101 255 255
1006 1694 25 133 255 255
1006 1731 25 136 255 255
1006 1818 25 163 255 255
1006 1913 25 161 255 255
1006 2043 25 169 255 255
1006 2173 25 167 255 255
1008 1240 25 103 255 255
1008 1441 25 147 255 255
1008 1703 25 97 255 255
1008 2166 25 117 255 255
1009 1051 25 255 204 255
1009 1077 25 255 220 255
1009 1501 25 255 200 255
1010 1352 233 255 25 255
1010 2557 249 255 25 255
1010 2751 232 255 25 255
1010 2799 228 255 25 255
1011 1734 62 255 25 255
1011 1772 74 255 25 255
1011 2115 52 255 25 255
1011 2328 57 255 25 255
1011 2733 53 255 25 255
1012 1243 80 255 25 255
1012 1553 58 255 25 255
1012 1910 58 255 25 255
1012 2358 97 255 25 255
1012 2416 46 255 25 255
1012 2752 88 255 25 255
1013 1190 25 255 103 255
1013 1634 25 255 135 255
1013 2273 25 255 138 255
1013 2419 25 255 112 255
1014 1015 25 255 129 255
1014 1207 25 255 211 255
1014 1631 25 255 143 255
1014 1681 25 255 205 255
1014 2112 25 255 124 255
1014 2672 25 255 169 255
1015 2112 25 255 106 255
1015 2113 25 255 120 255
1015 2161 25 255 101 255
1016 1593 34 255 25 255
1016 1747 25 255 33 255
1016 1785 25 255 31 255
1016 2214 25 255 28 255
1016 2391 25 255 32 255
1017 1263 25 255 177 255
1017 1763 25 255 171 255
1017 2498 25 255 185 255
1017 2671 25 255 175 255
1017 2743 25 255 179 255
1018 1019 169 255 25 255
1018 2514 164 255 25 255
1018 2590 159 255 25 255
1018 2629 172 255 25 255
1018 2759 178 255 25 255
1019 1990 172 255 25 255
1019 2514 168 255 25 255
1019 2629 175 255 25 255
1020 2454 255 235 25 255
1020 2495 214 255 25 255
1020 2518 255 230 25 255
1021 1090 222 255 25 255
1021 1619 227 255 25 255
1021 2013 203 255 25 255
1021 2209 222 255 25 255
1021 2393 229 255 25 255
1021 2745 204 255 25 255
1022 1023 255 216 25 255
1022 1104 226 255 25 255
1022 1665 255 215 25 255
1022 2450 255 232 25 255
1023 1665 255 210 25 255
1024 1025 25 255 126 255
1024 2782 25 255 136 255
1025 1272 25 255 113 255
1026 1027 127 255 25 255
1026 1325 155 255 25 255
1026 1985 117 255 25 255
1026 2686 121 255 25 255
1027 1319 102 255 25 255
1027 1985 108 255 25 255
1027 2024 92 255 25 255
1027 2311 133 255 25 255
1028 2028 255 249 25 255
1028 2058 255 241 25 255
1028 2536 255 224 25 255
1029 1448 25 255 74 255
1030 1032 25 162 255 255
1030 1204 25 255 233 255
1030 1589 25 255 231 255
1030 2084 25 193 255 255
1030 2535 25 242 255 255
1031 1257 25 255 228 255
1031 1328 25 255 204 255
1032 1301 25 90 255 255
1032 2084 25 119 255 255
1033 1205 25 255 109 255
1033 1623 25 255 108 255
1033 2087 25 255 103 255
1033 2738 25 255 103 255
1034 1216 25 255 61 255
1034 2211 25 255 44 255
1034 2585 25 255 100 255
1035 1313 50 255 25 255
1035 1765 51 255 25 255
1035 2211 34 255 25 255
1036 1451 172 255 25 255
1036 1650 186 255 25 255
1036 2122 212 255 25 255
1036 2232 171 255 25 255
1036 2336 181 255 25 255
1036 2426 216 255 25 255
1037 1038 25 101 255 255
1037 1175 25 85 255 255
1037 1618 25 90 255 255
1037 2700 25 162 255 255
1038 1618 25 86 255 255
1038 2452 25 63 255 255
1039 1407 255 251 25 255
1040 1254 132 255 25 255
1040 1557 148 255 25 255
1040 1662 145 255 25 255
1040 2047 133 255 25 255
1040 2480 124 255 25 255
1041 1447 255 119 25 255
1041 1677 255 144 25 255
1041 2707 255 155 25 255
1042 1725 25 120 255 255
1042 2749 25 72 255 255
1043 1357 66 25 255 255
1043 1823 75 25 255 255
1043 2186 51 25 255 255
1043 2661 77 25 255 255
1044 1130 25 218 255 255
1044 1576 25 173 255 255
1044 1647 25 212 255 255
1044 1762 25 164 255 255
1044 2152 25 230 255 255
1044 2431 25 170 255 255
1045 1954 99 255 25 255
1045 2478 91 255 25 255
1045 2501 96 255 25 255
1045 2639 91 255 25 255
1046 1489 25 255 239 255
1046 1777 25 255 245 255
1046 1963 25 251 255 255
1046 2560 25 255 251 255
1047 1624 25 67 255 255
1047 2077 41 25 255 255
1048 1482 25 112 255 255
1048 1907 25 136 255 255
1049 1426 106 255 25 255
1049 2169 117 255 25 255
1049 2442 157 255 25 255
1049 2486 113 255 25 255
1049 2530 124 255 25 255
1050 1067 25 62 255 255
1050 1739 25 78 255 255
1050 1863 25 66 255 255
1050 1925 25 63 255 255
1051 1326 25 255 180 255
1051 1501 25 255 182 255
1051 2269 25 255 181 255
1052 1495 25 194 255 255
1054 1458 245 255 25 255
1054 1899 243 255 25 255
1054 2567 255 247 25 255
1054 2658 246 255 25 255
1054 2801 244 255 25 255
1055 1068 57 25 255 255
1055 1463 69 25 255 255
1055 1701 43 25 255 255
1055 2120 81 25 255 255
1055 2588 61 25 255 255
1056 1280 25 255 39 255
1056 1371 25 255 61 255
1056 1774 26 255 25 255
1056 1933 25 255 52 255
1056 2802 25 255 47 255
1057 1795 25 207 255 255
1057 1913 25 197 255 255
1057 1949 25 202 255 255
1057 2015 25 205 255 255
1057 2173 25 203 255 255
1057 2678 25 205 255 255
1058 1822 25 255 41 255
1059 1786 83 255 25 255
1059 2127 200 255 25 255
1059 2144 145 255 25 255
1059 2176 190 255 25 255
1059 2206 202 255 25 255
1059 2395 177 255 25 255
1060 1641 25 57 255 255
1060 2263 25 65 255 255
1060 2322 25 93 255 255
1061 1064 213 255 25 255
1061 1100 200 255 25 255
1061 1244 171 255 25 255
1061 1295 179 255 25 255
1061 2096 178 255 25 255
1062 2437 160 255 25 255
1062 2679 166 255 25 255
1062 2729 159 255 25 255
1063 1684 161 25 255 255
1063 1999 170 25 255 255
1064 1289 255 251 25 255
1065 1298 25 255 122 255
1065 2646 25 255 130 255
1065 2667 25 255 49 255
1066 1137 25 255 138 255
1066 1200 25 255 105 255
1066 2097 25 255 149 255
1066 2304 25 255 145 255
1066 2440 25 255 152 255
1067 1739 25 79 255 255
1067 1925 25 64 255 255
1067 2258 25 37 255 255
1067 2354 25 29 255 255
1067 2572 25 61 255 255
1068 1231 80 25 255 255
1068 1232 62 25 255 255
1068 2120 91 25 255 255
1068 2534 91 25 255 255
1069 1606 179 255 25 255
1069 2361 165 255 25 255
1070 1284 189 255 25 255
1070 1969 196 255 25 255
1070 2664 201 255 25 255
1071 1381 25 255 59 255
1071 1723 25 255 64 255
1071 2337 25 255 61 255
1071 2526 25 255 46 255
1072 1073 63 255 25 255
1072 1541 116 255 25 255
1072 1967 79 255 25 255
1072 2733 62 255 25 255
1073 1734 50 255 25 255
1073 1921 50 255 25 255
1073 1967 58 255 25 255
1073 2115 40 255 25 255
1073 2328 46 255 25 255
1073 2733 41 255 25 255
1074 1699 25 255 123 255
1074 2083 25 255 150 255
1074 2503 25 255 136 255
1075 1201 31 255 25 255
1075 1380 25 255 27 255
1075 1890 47 255 25 255
1075 2151 25 255 27 255
1075 2362 29 255 25 255
1075 2374 58 255 25 255
1075 2644 43 255 25 255
1076 2545 25 200 255 255
1077 1513 25 255 242 255
1077 1595 25 255 204 255
1077 2118 25 255 215 255
1078 1690 25 215 255 255
1078 2348 25 239 255 255
1079 1080 56 25 255 255
1079 1615 48 25 255 255
1079 2012 48 25 255 255
1080 2255 25 34 255 255
1081 1318 136 25 255 255
1081 1697 124 25 255 255
1081 1837 147 25 255 255
1081 2704 88 25 255 255
1082 1177 25 123 255 255
1082 1378 25 81 255 255
1082 1493 25 104 255 255
1082 1549 25 91 255 255
1082 1798 25 101 255 255
1083 1689 25 56 255 255
1083 1867 25 64 255 255
1084 1387 25 255 28 255
1084 1653 25 255 27 255
1084 1720 32 255 25 255
1084 1897 25 255 38 255
1085 1135 25 255 188 255
1085 1712 25 255 187 255
1086 1415 70 255 25 255
1086 1749 62 255 25 255
1086 1940 71 255 25 255
1086 2320 68 255 25 255
1086 2475 47 255 25 255
1087 2526 25 255 33 255
1087 2561 26 255 25 255
1087 2721 31 255 25 255
1087 2724 37 255 25 255
1088 2198 25 255 87 255
1088 2387 25 255 86 255
1088 2607 25 255 94 255
1089 1475 25 255 126 255
1090 1492 226 255 25 255
1090 2209 224 255 25 255
1090 2385 236 255 25 255
1091 1158 25 35 255 255
1091 1592 25 41 255 255
1091 1648 25 42 255 255
1091 1764 25 45 255 255
1091 2598 25 50 255 255
1092 1093 25 255 58 255
1092 1283 25 255 74 255
1092 1870 25 255 50 255
1092 1871 25 255 64 255
1093 1283 25 255 72 255
1093 1477 25 255 49 255
1093 2701 25 255 67 255
1093 2730 25 255 56 255
1094 1315 207 255 25 255
1095 1192 25 54 255 255
1095 1237 25 88 255 255
1095 1240 25 80 255 255
1095 1490 25 73 255 255
1095 1703 25 75 255 255
1095 2133 25 57 255 255
1096 1274 34 25 255 255
1096 1560 35 25 255 255
1096 1813 30 25 255 255
1096 2653 25 30 255 255
1097 1259 25 188 255 255
1097 1338 25 227 255 255
1097 1577 25 226 255 255
1097 2317 25 246 255 255
1097 2410 25 237 255 255
1097 2483 25 215 255 255
1097 2731 25 243 255 255
1098 1221 25 153 255 255
1098 1370 25 149 255 255
1098 2553 25 150 255 255
1099 1421 25 255 172 255
1099 1515 25 255 226 255
1099 2075 25 255 201 255
1099 2173 25 245 255 255
1100 1416 214 255 25 255
1101 1484 25 255 158 255
1101 1826 25 255 153 255
1101 2016 25 255 218 255
1102 1224 25 255 119 255
1102 1799 25 255 98 255
1102 2407 25 255 168 255
1102 2503 25 255 136 255
1103 1346 68 25 255 255
1103 1616 41 25 255 255
1103 2069 40 25 255 255
1104 1714 187 255 25 255
1104 2450 216 255 25 255
1105 1896 108 255 25 255
1105 1972 95 255 25 255
1105 1973 95 255 25 255
1105 2239 110 255 25 255
1105 2271 106 255 25 255
1105 2380 100 255 25 255
1106 1537 162 255 25 255
1106 1657 166 255 25 255
1106 2638 205 255 25 255
1106 2651 173 255 25 255
1107 1805 25 108 255 255
1107 2394 25 116 255 255
1107 2657 25 123 255 255
1108 1227 25 255 54 255
1108 1484 25 255 87 255
1108 1698 25 255 52 255
1108 1826 25 255 81 255
1108 1883 25 255 70 255
1109 1194 25 255 35 255
1109 1281 26 255 25 255
1109 1477 25 255 27 255
1109 1655 27 255 25 255
1109 1806 31 255 25 255
1110 1925 25 40 255 255
1110 2354 45 25 255 255
1111 1135 25 255 206 255
1111 1330 25 255 210 255
1111 2348 25 255 231 255
1111 2804 25 255 211 255
1112 1779 255 239 25 255
1112 1996 255 242 25 255
1112 2574 255 249 25 255
1112 2778 255 243 25 255
1113 1432 25 176 255 255
1113 1574 25 152 255 255
1113 1586 25 164 255 255
1113 2568 25 170 255 255
1114 1358 25 255 35 255
1114 2093 31 255 25 255
1114 2517 25 255 27 255
1115 1116 25 255 182 255
1117 1346 90 25 255 255
1117 2077 80 25 255 255
1118 1229 45 25 255 255
1118 1664 40 25 255 255
1118 1668 53 25 255 255
1118 1865 25 32 255 255
1119 2257 89 255 25 255
1119 2478 89 255 25 255
1119 2639 88 255 25 255
1120 1385 144 255 25 255
1120 1404 164 255 25 255
1120 1547 156 255 25 255
1120 1597 146 255 25 255
1120 1724 160 255 25 255
1120 2687 148 255 25 255
1121 1304 25 210 255 255
1121 1335 25 202 255 255
1121 1336 25 208 255 255
1121 2344 25 186 255 255
1121 2472 25 228 255 255
1122 1192 25 39 255 255
1122 1276 25 37 255 255
1122 1490 25 57 255 255
1122 1877 25 50 255 255
1122 1968 25 36 255 255
1122 2050 25 49 255 255
1122 2102 25 39 255 255
1122 2133 25 42 255 255
1123 1365 204 255 25 255
1123 2201 200 255 25 255
1123 2332 210 255 25 255
1123 2487 210 255 25 255
1124 1641 25 37 255 255
1124 1710 25 34 255 255
1124 1971 25 47 255 255
1124 2281 25 37 255 255
1125 1623 25 255 116 255
1125 2803 25 255 121 255
1126 1566 25 255 182 255
1126 1712 25 255 182 255
1126 1984 25 255 177 255
1127 1128 25 255 100 255
1127 1411 25 255 86 255
1127 1590 25 255 88 255
1127 2072 25 255 94 255
1128 1461 25 255 117 255
1128 1590 25 255 98 255
1128 2072 25 255 104 255
1128 2640 25 255 107 255
1129 1130 25 215 255 255
1129 1727 25 204 255 255
1129 1728 25 204 255 255
1131 1348 25 255 33 255
1132 1652 25 255 208 255
1132 1659 25 255 219 255
1132 2124 25 255 231 255
1133 1911 90 255 25 255
1133 1919 66 255 25 255
1133 2188 83 255 25 255
1133 2218 48 255 25 255
1133 2600 98 255 25 255
1133 2685 83 255 25 255
1133 2698 84 255 25 255
1134 1215 25 255 106 255
1134 1260 25 255 127 255
1134 1309 25 255 112 255
1134 2413 25 255 116 255
1134 2484 25 255 109 255
1135 1687 25 255 195 255
1135 2635 25 255 191 255
1135 2804 25 255 197 255
1136 1522 25 255 211 255
1136 1914 25 255 224 255
1136 2107 25 250 255 255
1136 2286 25 245 255 255
1136 2319 25 248 255 255
1136 2673 25 217 255 255
1137 2097 25 255 150 255
1137 2304 25 255 146 255
1138 1759 25 246 255 255
1138 1866 25 255 216 255
1138 2107 25 250 255 255
1139 1156 25 255 127 255
1139 1230 25 255 129 255
1139 1322 25 255 170 255
1139 1554 25 255 193 255
1139 1730 25 255 197 255
1139 1796 25 255 196 255
1139 1897 25 255 107 255
1139 2075 25 255 170 255
1139 2748 25 255 201 255
1140 1562 127 25 255 255
1140 1986 115 25 255 255
1140 2569 121 25 255 255
1141 1409 214 255 25 255
1141 1498 185 255 25 255
1141 2442 186 255 25 255
1142 1867 25 57 255 255
1142 2193 25 52 255 255
1142 2213 25 59 255 255
1142 2586 25 58 255 255
1143 1144 25 143 255 255
1143 2608 25 124 255 255
1144 1773 25 123 255 255
1144 2608 25 122 255 255
1145 1845 25 255 213 255
1145 2119 25 255 205 255
1145 2634 25 255 204 255
1146 1419 98 255 25 255
1146 1423 153 255 25 255
1146 1918 126 255 25 255
1146 2740 96 255 25 255
1147 1933 25 255 61 255
1147 2088 25 255 67 255
1147 2314 25 255 69 255
1147 2387 25 255 75 255
1148 1863 25 85 255 255
1149 2289 226 255 25 255
1150 1792 255 191 25 255
1150 1953 255 110 25 255
1150 2132 255 134 25 255
1150 2160 255 113 25 255
1151 1233 25 255 142 255
1151 2103 25 255 103 255
1151 2481 25 255 113 255
1151 2497 25 255 201 255
1152 1613 25 255 61 255
1152 1814 25 255 64 255
1152 2226 25 255 51 255
1152 2291 25 255 49 255
1152 2697 25 255 56 255
1153 1693 25 183 255 255
1153 1916 25 178 255 255
1153 2143 25 174 255 255
1153 2604 25 145 255 255
1154 1468 25 255 172 255
1154 1843 25 255 113 255
1154 2683 25 255 150 255
1155 1239 25 255 88 255
1155 1923 25 255 153 255
1155 2184 25 255 117 255
1156 1421 25 255 104 255
1156 1653 25 255 60 255
1156 1897 25 255 70 255
1156 2045 25 255 57 255
1156 2075 25 255 133 255
1157 1938 177 255 25 255
1157 2241 184 255 25 255
1157 2395 180 255 25 255
1157 2647 176 255 25 255
1157 2706 185 255 25 255
1158 1648 25 34 255 255
1158 1764 25 38 255 255
1158 2183 25 33 255 255
1158 2757 28 25 255 255
1159 1160 25 255 54 255
1160 1200 25 255 59 255
1160 2266 40 255 25 255
1161 1366 25 255 103 255
1161 1430 25 255 87 255
1161 1711 25 255 113 255
1161 1822 25 255 75 255
1161 1926 25 255 117 255
1161 2334 25 255 112 255
1162 1942 25 134 255 255
1162 1978 25 77 255 255
1163 1657 164 255 25 255
1163 2651 171 255 25 255
1164 1272 25 255 64 255
1164 1529 40 255 25 255
1164 1793 25 255 30 255
1164 2244 52 255 25 255
1164 2389 25 255 65 255
1165 1327 79 25 255 255
1165 1783 58 25 255 255
1165 2117 65 25 255 255
1165 2350 69 25 255 255
1166 1175 25 141 255 255
1166 1620 25 255 235 255
1166 2591 25 180 255 255
1166 2700 25 218 255 255
1167 1168 255 241 25 255
1167 1265 255 253 25 255
1167 1831 230 255 25 255
1167 2058 253 255 25 255
1167 2176 227 255 25 255
1168 1265 255 231 25 255
1168 1269 255 217 25 255
1168 2058 255 234 25 255
1168 2441 255 220 25 255
1168 2536 255 217 25 255
1169 1393 212 255 25 255
1169 1771 217 255 25 255
1169 2302 213 255 25 255
1170 1974 25 255 245 255
1170 2649 25 233 255 255
1171 1329 79 25 255 255
1171 1558 56 25 255 255
1172 1173 25 206 255 255
1172 1457 25 250 255 255
1172 1852 25 219 255 255
1172 2649 25 219 255 255
1173 1568 25 165 255 255
1173 1852 25 188 255 255
1173 2174 25 154 255 255
1173 2649 25 187 255 255
1173 2726 25 157 255 255
1174 2280 255 186 25 255
1174 2707 255 187 25 255
1175 1618 25 70 255 255
1175 2452 25 47 255 255
1175 2591 25 104 255 255
1176 1760 159 255 25 255
1176 2202 166 255 25 255
1176 2765 157 255 25 255
1177 1798 25 117 255 255
1178 1179 25 90 255 255
1178 1508 25 58 255 255
1178 1993 25 48 255 255
1179 1286 25 141 255 255
1179 1508 25 74 255 255
1180 1644 25 255 58 255
1180 1806 25 255 35 255
1180 2362 25 255 40 255
1181 1450 66 255 25 255
1181 1688 104 255 25 255
1181 2614 134 255 25 255
1181 2666 129 255 25 255
1182 1183 25 178 255 255
1182 1432 25 184 255 255
1182 1479 25 177 255 255
1182 1586 25 172 255 255
1183 1424 25 181 255 255
1183 1479 25 175 255 255
1183 1523 25 176 255 255
1183 1851 25 178 255 255
1184 1662 159 255 25 255
1184 1691 149 255 25 255
1184 2565 160 255 25 255
1184 2689 99 255 25 255
1185 1375 255 242 25 255
1185 1423 232 255 25 255
1185 1803 255 245 25 255
1185 2432 243 255 25 255
1185 2441 255 230 25 255
1186 1647 25 164 255 255
1186 1762 25 115 255 255
1186 2162 25 103 255 255
1186 2431 25 122 255 255
1186 2544 25 99 255 255
1187 1188 25 255 165 255
1187 1459 25 255 160 255
1187 2123 25 255 178 255
1188 1459 25 255 157 255
1190 1707 25 255 73 255
1190 1908 25 255 69 255
1190 1975 25 255 46 255
1190 2419 25 255 83 255
1191 1306 152 255 25 255
1191 1317 149 255 25 255
1191 1587 159 255 25 255
1191 1807 168 255 25 255
1191 2144 136 255 25 255
1191 2236 159 255 25 255
1191 2395 169 255 25 255
1192 1645 25 33 255 255
1192 1968 25 35 255 255
1192 2133 25 40 255 255
1193 1945 25 255 144 255
1194 1281 25 255 46 255
1194 1477 25 255 49 255
1194 2276 25 255 66 255
1194 2730 25 255 56 255
1195 1628 25 255 240 255
1195 1770 25 221 255 255
1195 1957 25 229 255 255
1195 2006 25 235 255 255
1195 2250 25 252 255 255
1195 2528 25 255 252 255
1196 1235 133 255 25 255
1196 1516 116 255 25 255
1196 2512 125 255 25 255
1196 2630 133 255 25 255
1196 2676 117 255 25 255
1196 2723 110 255 25 255
1197 1581 25 255 93 255
1197 1582 25 255 120 255
1197 1903 25 255 86 255
1197 2113 25 255 117 255
1197 2161 25 255 97 255
1198 1838 115 255 25 255
1198 1911 107 255 25 255
1199 2056 95 255 25 255
1199 2335 93 255 25 255
1200 1738 25 255 71 255
1200 2266 26 255 25 255
1200 2565 67 255 25 255
1201 1344 25 255 36 255
1201 2151 25 255 38 255
1201 2550 26 255 25 255
1201 2644 32 255 25 255
1202 1251 25 190 255 255
1202 2553 25 167 255 255
1202 2582 25 184 255 255
1202 2633 25 176 255 255
1202 2780 25 198 255 255
1203 1888 25 255 209 255
1203 1909 25 255 140 255
1203 2048 25 255 130 255
1203 2053 25 255 178 255
1203 2187 25 255 153 255
1204 1589 25 255 190 255
1204 2029 25 255 212 255
1205 2288 25 255 113 255
1206 1526 255 250 25 255
1206 2626 227 255 25 255
1207 1603 25 215 255 255
1207 2377 25 224 255 255
1207 2493 25 219 255 255
1207 2672 25 255 233 255
1208 2089 25 205 255 255
1209 1882 25 211 255 255
1210 1915 25 255 183 255
1210 2268 25 255 180 255
1210 2473 25 255 165 255
1210 2528 25 255 206 255
1210 2579 25 255 167 255
1211 1874 43 25 255 255
1211 2180 57 25 255 255
1211 2677 49 25 255 255
1211 2728 43 25 255 255
1212 1400 25 197 255 255
1212 2577 25 196 255 255
1213 1596 153 255 25 255
1213 2430 153 255 25 255
1213 2509 158 255 25 255
1214 1837 166 25 255 255
1214 2125 170 25 255 255
1214 2428 142 25 255 255
1215 1309 25 255 99 255
1215 1941 25 255 87 255
1215 2095 25 255 83 255
1215 2314 25 255 83 255
1215 2484 25 255 96 255
1216 1870 25 255 47 255
1216 1871 25 255 61 255
1217 1819 25 32 255 255
1217 2611 25 57 255 255
1217 2768 25 34 255 255
1218 1273 77 255 25 255
1218 1972 86 255 25 255
1218 1973 85 255 25 255
1218 2121 78 255 25 255
1218 2165 92 255 25 255
1219 1273 72 255 25 255
1219 1967 71 255 25 255
1219 2004 71 255 25 255
1219 2448 75 255 25 255
1220 2282 25 255 148 255
1221 1370 25 154 255 255
1221 2378 25 160 255 255
1221 2553 25 155 255 255
1223 1443 25 255 49 255
1223 1958 26 255 25 255
1223 1989 25 255 45 255
1223 2550 25 255 26 255
1224 1799 25 255 91 255
1224 2159 25 255 99 255
1224 2482 25 255 98 255
1224 2503 25 255 129 255
1225 1566 25 255 190 255
1225 1583 25 255 179 255
1225 1594 25 255 189 255
1225 1984 25 255 186 255
1225 2671 25 255 182 255
1226 1408 232 255 25 255
1226 1409 225 255 25 255
1226 1715 227 255 25 255
1226 2556 231 255 25 255
1227 1387 25 255 39 255
1227 1883 25 255 62 255
1227 2130 25 255 44 255
1228 1290 32 255 25 255
1228 2389 25 255 71 255
1230 1322 25 255 135 255
1230 1591 25 255 70 255
1230 1897 25 255 72 255
1231 1232 75 25 255 255
1231 1437 83 25 255 255
1231 2120 104 25 255 255
1231 2301 70 25 255 255
1232 2719 25 25 255 255
1233 1540 25 255 163 255
1233 2034 25 255 128 255
1233 2103 25 255 87 255
1234 1773 25 82 255 255
1234 2051 25 53 255 255
1234 2608 25 80 255 255
1234 2704 25 33 255 255
1235 1236 162 255 25 255
1235 1516 129 255 25 255
1235 2252 183 255 25 255
1236 1700 195 255 25 255
1236 1868 128 255 25 255
1236 2252 198 255 25 255
1236 2708 229 255 25 255
1237 1441 25 141 255 255
1237 1703 25 92 255 255
1237 2166 25 112 255 255
1237 2789 25 138 255 255
1238 1895 25 255 143 255
1239 1403 25 255 74 255
1239 2163 25 255 55 255
1239 2391 25 255 53 255
1240 1490 25 81 255 255
1240 1576 25 113 255 255
1240 1703 25 83 255 255
1241 1514 25 46 255 255
1241 1548 25 38 255 255
1241 1635 25 39 255 255
1241 2215 25 34 255 255
1241 2787 25 43 255 255
1242 1277 224 255 25 255
1242 1509 199 255 25 255
1243 1553 71 255 25 255
1243 2358 110 255 25 255
1244 2096 168 255 25 255
1244 2437 157 255 25 255
1244 2679 163 255 25 255
1245 1532 25 255 54 255
1245 2159 25 255 75 255
1245 2421 25 255 62 255
1246 1660 25 181 255 255
1246 1672 25 197 255 255
1246 1920 25 194 255 255
1247 1578 174 25 255 255
1247 1837 177 25 255 255
1248 1656 176 255 25 255
1249 1331 194 255 25 255
1249 1741 186 255 25 255
1249 1816 185 255 25 255
1250 1572 25 255 134 255
1250 1880 25 255 112 255
1250 1932 25 255 113 255
1250 2026 25 255 103 255
1250 2164 25 255 100 255
1250 2369 25 255 109 255
1251 1667 25 197 255 255
1251 2216 25 203 255 255
1251 2553 25 175 255 255
1251 2780 25 206 255 255
1252 1493 25 111 255 255
1252 1549 25 98 255 255
1252 2604 25 118 255 255
1253 2025 25 255 109 255
1253 2307 25 255 105 255
1254 2047 130 255 25 255
1254 2480 121 255 25 255
1255 1322 25 255 181 255
1255 1339 25 255 181 255
1255 1343 25 255 151 255
1255 2445 25 255 244 255
1255 2603 25 255 242 255
1256 1812 25 97 255 255
1256 2032 25 85 255 255
1256 2168 25 69 255 255
1257 1328 25 255 225 255
1258 1543 255 121 25 255
1258 1981 255 128 25 255
1258 2171 255 100 25 255
1259 1349 25 140 255 255
1259 1472 25 109 255 255
1259 1506 25 115 255 255
1259 1577 25 189 255 255
1259 2483 25 178 255 255
1260 2066 25 255 141 255
1260 2134 25 255 135 255
1260 2288 25 255 125 255
1260 2413 25 255 124 255
1260 2484 25 255 117 255
1260 2790 25 255 124 255
1261 1438 25 253 255 255
1261 2006 25 247 255 255
1261 2654 25 255 239 255
1262 1614 118 255 25 255
1262 1708 25 255 42 255
1263 1763 25 255 172 255
1263 2498 25 255 185 255
1264 1564 76 255 25 255
1264 2156 109 255 25 255
1264 2663 100 255 25 255
1265 1803 255 246 25 255
1265 2127 247 255 25 255
1265 2176 237 255 25 255
1265 2441 255 231 25 255
1266 1666 25 255 118 255
1266 1673 25 255 161 255
1266 2367 25 255 149 255
1266 2785 25 255 195 255
1267 2022 25 255 90 255
1267 2299 25 255 96 255
1267 2435 25 255 111 255
1267 2558 25 255 89 255
1267 2662 25 255 110 255
1268 1418 72 255 25 255
1268 1420 25 255 70 255
1268 1474 57 255 25 255
1269 2104 255 216 25 255
1269 2441 255 218 25 255
1269 2536 255 215 25 255
1270 1337 25 255 219 255
1270 1976 25 255 84 255
1271 1838 142 255 25 255
1271 2600 141 255 25 255
1272 1793 25 255 70 255
1272 1826 25 255 101 255
1272 2389 25 255 104 255
1273 2004 75 255 25 255
1273 2121 76 255 25 255
1274 1560 39 25 255 255
1274 2653 25 26 255 255
1275 1284 174 255 25 255
1275 1918 154 255 25 255
1275 1928 167 255 25 255
1275 2651 170 255 25 255
1276 1514 25 43 255 255
1276 1548 25 35 255 255
1276 1968 25 33 255 255
1276 2102 25 35 255 255
1277 1509 176 255 25 255
1277 1526 235 255 25 255
1278 1279 51 25 255 255
1278 2064 40 25 255 255
1278 2180 55 25 255 255
1278 2677 47 25 255 255
1278 2728 41 25 255 255
1279 1800 49 25 255 255
1279 2064 47 25 255 255
1279 2474 65 25 255 255
1280 1774 34 255 25 255
1280 1910 34 255 25 255
1280 1933 25 255 44 255
1280 2226 25 255 34 255
1281 1644 25 255 54 255
1281 1806 25 255 31 255
1281 2276 25 255 56 255
1282 1397 25 255 116 255
1282 1627 25 255 136 255
1282 1754 25 255 133 255
1282 2009 25 255 167 255
1282 2404 25 255 130 255
1282 2571 25 255 134 255
1282 2659 25 255 135 255
1283 1397 25 255 99 255
1283 2701 25 255 83 255
1284 1928 175 255 25 255
1284 1969 188 255 25 255
1285 2750 109 255 25 255
1286 1424 25 181 255 255
1286 1523 25 176 255 255
1286 2295 25 210 255 255
1286 2359 25 189 255 255
1287 1519 58 25 255 255
1287 1664 38 25 255 255
1287 1704 25 28 255 255
1287 1801 37 25 255 255
1287 2551 28 25 255 255
1288 1510 25 229 255 255
1288 2262 25 229 255 255
1288 2589 25 221 255 255
1290 2283 76 255 25 255
1291 1449 45 255 25 255
1291 1735 25 255 91 255
1291 2402 60 255 25 255
1292 1293 255 213 25 255
1292 2454 255 208 25 255
1292 2518 255 204 25 255
1292 2567 255 217 25 255
1293 1386 255 228 25 255
1293 1665 255 216 25 255
1293 2454 255 219 25 255
1293 2567 255 227 25 255
1294 1755 136 255 25 255
1294 1894 134 255 25 255
1294 2028 212 255 25 255
1294 2610 158 255 25 255
1295 2096 175 255 25 255
1295 2679 171 255 25 255
1296 1861 25 202 255 255
1296 1873 25 191 255 255
1296 1905 25 182 255 255
1297 1368 255 201 25 255
1297 2708 255 211 25 255
1297 2800 255 202 25 255
1298 2453 25 255 116 255
1298 2646 25 255 169 255
1299 1645 25 25 255 255
1299 2061 28 25 255 255
1299 2081 25 29 255 255
1299 2581 25 26 255 255
1300 1701 69 25 255 255
1300 2534 108 25 255 255
1300 2757 66 25 255 255
1301 1514 25 73 255 255
1301 1898 25 98 255 255
1302 1744 25 255 246 255
1302 1830 25 255 226 255
1302 2376 25 255 229 255
1302 2699 25 255 227 255
1303 1491 205 255 25 255
1303 1790 193 255 25 255
1303 1956 206 255 25 255
1303 2365 208 255 25 255
1303 2496 204 255 25 255
1304 2472 25 232 255 255
1304 2789 25 192 255 255
1305 1509 135 255 25 255
1305 2266 97 255 25 255
1306 1317 145 255 25 255
1306 2060 140 255 25 255
1306 2065 151 255 25 255
1306 2202 157 255 25 255
1306 2236 155 255 25 255
1306 2309 152 255 25 255
1306 2338 156 255 25 255
1307 2021 26 255 25 255
1308 1503 25 255 142 255
1308 1742 25 255 148 255
1308 2177 25 255 153 255
1308 2356 25 255 164 255
1308 2460 25 255 148 255
1309 2116 25 255 102 255
1309 2413 25 255 109 255
1310 1313 97 255 25 255
1311 1481 25 255 32 255
1311 2208 25 255 37 255
1311 2294 25 255 45 255
1311 2739 25 255 32 255
1312 1709 25 143 255 255
1312 1726 25 194 255 255
1312 2094 25 161 255 255
1312 2139 25 149 255 255
1312 2508 25 189 255 255
1314 1926 25 255 133 255
1314 2334 25 255 128 255
1314 2473 25 255 137 255
1314 2579 25 255 138 255
1315 1316 184 255 25 255
1315 2227 208 255 25 255
1315 2465 193 255 25 255
1315 2779 173 255 25 255
1316 2465 177 255 25 255
1317 1512 143 255 25 255
1317 2309 149 255 25 255
1318 1837 147 25 255 255
1318 2340 147 25 255 255
1318 2704 89 25 255 255
1319 2024 75 255 25 255
1319 2037 107 255 25 255
1319 2063 84 255 25 255
1319 2311 116 255 25 255
1320 1510 25 244 255 255
1321 1478 25 255 70 255
1321 1629 25 255 95 255
1321 1719 25 255 57 255
1321 1844 25 255 94 255
1321 2039 25 255 58 255
1321 2163 25 255 64 255
1321 2584 25 255 115 255
1322 1554 25 255 199 255
1322 1955 25 255 231 255
1322 2603 25 255 237 255
1323 1431 25 255 240 255
1323 2462 25 255 215 255
1323 2505 25 255 219 255
1324 2167 25 255 29 255
1324 2464 51 255 25 255
1326 2269 25 255 177 255
1327 2350 83 25 255 255
1328 2753 25 255 183 255
1329 1462 110 25 255 255
1329 2588 91 25 255 255
1330 2235 25 255 170 255
1330 2507 25 255 199 255
1330 2804 25 255 201 255
1331 1402 198 255 25 255
1331 1741 190 255 25 255
1331 1862 201 255 25 255
1331 1951 201 255 25 255
1331 2691 192 255 25 255
1332 2068 25 255 191 255
1332 2235 25 255 160 255
1333 1592 25 46 255 255
1333 1705 25 42 255 255
1333 2368 25 60 255 255
1333 2598 25 55 255 255
1333 2618 25 46 255 255
1334 1372 25 255 96 255
1334 1373 25 255 96 255
1334 1617 25 255 100 255
1334 2019 25 255 79 255
1334 2396 25 255 94 255
1334 2423 25 255 91 255
1334 2424 25 255 83 255
1334 2688 25 255 108 255
1335 1336 25 205 255 255
1335 1545 25 208 255 255
1335 2344 25 183 255 255
1336 1545 25 214 255 255
1337 2308 25 255 225 255
1337 2449 25 224 255 255
1338 2410 25 240 255 255
1338 2476 25 242 255 255
1338 2483 25 217 255 255
1338 2660 25 243 255 255
1339 1343 25 255 146 255
1339 1784 25 255 145 255
1339 1964 25 255 137 255
1340 1341 25 140 255 255
1340 2325 25 84 255 255
1340 2592 25 137 255 255
1341 1456 25 171 255 255
1341 2592 25 175 255 255
1342 1820 25 255 172 255
1342 1821 25 255 173 255
1343 1363 25 255 100 255
1343 1964 25 255 107 255
1344 2550 25 255 30 255
1345 1407 255 232 25 255
1345 2427 255 224 25 255
1345 2793 255 196 25 255
1347 1517 88 255 25 255
1347 1522 25 255 83 255
1347 1853 25 255 36 255
1348 1539 25 255 109 255
1348 1567 25 255 120 255
1349 1350 25 126 255 255
1349 1506 25 105 255 255
1349 1577 25 178 255 255
1350 1482 25 113 255 255
1350 1622 25 154 255 255
1351 2496 205 255 25 255
1352 1491 219 255 25 255
1352 1580 234 255 25 255
1352 1956 219 255 25 255
1352 2538 227 255 25 255
1352 2557 248 255 25 255
1352 2606 226 255 25 255
1352 2751 231 255 25 255
1352 2799 227 255 25 255
1354 2146 255 190 25 255
1354 2755 255 167 25 255
1355 1832 112 255 25 255
1355 2237 50 255 25 255
1355 2667 62 255 25 255
1356 1927 217 255 25 255
1356 1946 234 255 25 255
1356 2696 208 255 25 255
1357 2661 70 25 255 255
1358 1442 25 255 37 255
1358 2036 25 255 47 255
1358 2093 25 255 25 255
1358 2459 25 255 73 255
1358 2517 25 255 33 255
1359 1527 38 255 25 255
1359 1748 66 255 25 255
1359 1802 80 255 25 255
1359 1988 36 255 25 255
1359 2010 76 255 25 255
1359 2455 42 255 25 255
1360 1833 25 255 163 255
1360 1834 25 255 151 255
1360 2078 25 255 153 255
1360 2324 25 255 144 255
1361 1761 60 255 25 255
1361 2000 58 255 25 255
1361 2723 85 255 25 255
1362 1606 186 255 25 255
1362 2360 179 255 25 255
1362 2443 186 255 25 255
1362 2716 188 255 25 255
1363 1903 25 255 76 255
1364 1582 25 255 174 255
1364 1683 25 255 227 255
1364 1686 25 255 217 255
1364 2016 25 255 221 255
1365 1555 209 255 25 255
1365 2201 195 255 25 255
1365 2332 206 255 25 255
1365 2456 198 255 25 255
1366 2334 25 255 120 255
1367 2273 25 255 147 255
1367 2419 25 255 121 255
1369 1960 25 218 255 255
1370 2378 25 156 255 255
1371 1500 25 255 77 255
1371 1933 25 255 66 255
1371 2155 25 255 91 255
1371 2559 25 255 82 255
1371 2737 25 255 112 255
1371 2802 25 255 61 255
1372 1373 25 255 98 255
1372 1374 25 255 94 255
1372 2207 25 255 94 255
1372 2396 25 255 97 255
1373 1374 25 255 94 255
1373 1617 25 255 103 255
1373 1642 25 255 98 255
1373 2207 25 255 95 255
1374 2207 25 255 90 255
1375 1423 230 255 25 255
1375 2055 236 255 25 255
1375 2441 255 232 25 255
1376 2079 25 175 255 255
1376 2251 25 175 255 255
1377 1804 25 255 217 255
1378 1789 25 49 255 255
1378 1798 25 76 255 255
1378 2203 25 58 255 255
1379 1864 25 194 255 255
1379 1882 25 211 255 255
1379 2114 25 221 255 255
1379 2229 25 199 255 255
1380 1381 25 255 57 255
1380 1890 28 255 25 255
1380 2018 25 255 63 255
1380 2714 25 255 57 255
1380 2724 25 255 25 255
1381 1723 25 255 74 255
1381 2018 25 255 74 255
1381 2337 25 255 70 255
1381 2364 25 255 81 255
1382 1840 25 254 255 255
1382 1922 25 249 255 255
1382 2471 25 242 255 255
1382 2513 25 223 255 255
1382 2563 25 255 253 255
1383 1453 239 255 25 255
1383 2104 255 234 25 255
1383 2105 255 243 25 255
1384 1600 25 65 255 255
1384 1625 25 90 255 255
1385 1464 124 255 25 255
1385 2046 120 255 25 255
1386 1665 255 221 25 255
1386 1715 252 255 25 255
1386 2556 255 252 25 255
1386 2567 255 232 25 255
1387 1591 25 255 38 255
1387 1897 25 255 41 255
1387 2130 25 255 36 255
1388 1942 25 173 255 255
1388 2256 25 160 255 255
1388 2343 25 143 255 255
1388 2650 25 153 255 255
1388 2695 25 147 255 255
1389 1902 25 76 255 255
1389 2547 25 109 255 255
1390 1460 134 255 25 255
1390 1520 137 255 25 255
1390 2082 133 255 25 255
1390 2234 137 255 25 255
1390 2666 138 255 25 255
1391 1504 25 255 232 255
1391 1808 25 253 255 255
1391 2106 25 255 237 255
1391 2722 25 255 249 255
1392 1399 25 255 222 255
1392 2247 25 255 230 255
1392 2447 25 255 220 255
1392 2477 25 255 211 255
1393 1771 218 255 25 255
1393 2625 201 255 25 255
1393 2664 209 255 25 255
1394 1440 25 255 76 255
1394 1799 25 255 68 255
1394 2455 25 255 48 255
1395 1718 133 255 25 255
1395 2409 118 255 25 255
1395 2495 155 255 25 255
1395 2637 149 255 25 255
1396 2213 25 65 255 255
1396 2586 25 64 255 255
1397 2659 25 255 129 255
1398 1599 25 255 104 255
1398 2048 25 255 107 255
1398 2267 25 255 105 255
1399 2247 25 255 234 255
1399 2477 25 255 215 255
1399 2491 25 255 226 255
1399 2560 25 255 243 255
1400 1892 25 176 255 255
1400 2577 25 179 255 255
1401 2311 139 255 25 255
1401 2779 139 255 25 255
1402 1951 201 255 25 255
1402 1952 197 255 25 255
1402 2238 192 255 25 255
1402 2691 192 255 25 255
1402 2781 188 255 25 255
1403 1844 25 255 87 255
1403 2163 25 255 56 255
1404 1405 158 255 25 255
1404 1547 162 255 25 255
1404 1724 166 255 25 255
1404 2760 168 255 25 255
1405 1724 154 255 25 255
1405 1780 145 255 25 255
1405 2090 140 255 25 255
1405 2315 146 255 25 255
1405 2760 156 255 25 255
1405 2766 146 255 25 255
1406 1850 25 255 162 255
1406 1881 25 255 145 255
1407 1492 241 255 25 255
1407 1771 238 255 25 255
1408 1409 232 255 25 255
1408 1746 237 255 25 255
1410 1667 25 201 255 255
1410 2331 25 213 255 255
1410 2398 25 219 255 255
1410 2417 25 218 255 255
1411 1590 25 255 84 255
1411 1626 25 255 81 255
1411 2072 25 255 90 255
1411 2230 25 255 91 255
1411 2555 25 255 83 255
1411 2558 25 255 83 255
1412 1921 60 255 25 255
1412 2680 65 255 25 255
1413 1414 129 255 25 255
1413 2676 124 255 25 255
1413 2712 138 255 25 255
1414 2676 120 255 25 255
1414 2712 135 255 25 255
1415 1604 79 255 25 255
1415 1829 77 255 25 255
1415 1940 80 255 25 255
1415 2320 76 255 25 255
1415 2770 82 255 25 255
1416 1772 146 255 25 255
1417 2479 95 255 25 255
1418 1474 93 255 25 255
1418 2655 140 255 25 255
1419 1444 78 255 25 255
1419 1868 83 255 25 255
1419 2481 34 255 25 255
1419 2499 85 255 25 255
1419 2740 85 255 25 255
1420 1474 25 255 50 255
1420 1866 25 255 153 255
1421 1515 25 255 172 255
1421 1828 25 255 99 255
1421 1878 25 255 130 255
1421 2045 25 255 71 255
1421 2075 25 255 148 255
1422 2031 25 183 255 255
1423 2241 192 255 25 255
1423 2432 207 255 25 255
1423 2740 139 255 25 255
1424 1523 25 181 255 255
1424 1851 25 184 255 255
1424 2359 25 194 255 255
1425 1426 55 255 25 255
1425 1653 32 255 25 255
1425 1720 41 255 25 255
1425 2045 35 255 25 255
1426 1962 52 255 25 255
1426 2045 47 255 25 255
1426 2169 79 255 25 255
1426 2486 75 255 25 255
1427 1478 25 255 32 255
1427 1630 25 255 55 255
1427 1637 66 255 25 255
1427 1755 63 255 25 255
1427 1894 62 255 25 255
1427 2039 30 255 25 255
1428 1830 25 255 213 255
1428 2085 25 255 201 255
1428 2196 25 255 203 255
1428 2422 25 255 211 255
1428 2705 25 255 200 255
1429 1430 25 255 72 255
1429 1822 25 255 60 255
1430 1822 25 255 68 255
1431 1432 25 218 255 255
1431 2017 25 232 255 255
1431 2505 25 255 241 255
1431 2568 25 212 255 255
1432 1586 25 176 255 255
1432 2568 25 182 255 255
1433 1690 25 200 255 255
1433 1751 25 165 255 255
1433 2074 25 172 255 255
1434 1504 25 255 152 255
1434 1646 25 255 96 255
1434 1737 25 255 88 255
1435 1692 25 32 255 255
1435 1819 25 25 255 255
1435 2249 25 26 255 255
1435 2325 25 46 255 255
1436 1958 48 255 25 255
1436 2550 45 255 25 255
1437 2120 94 25 255 255
1437 2301 60 25 255 255
1438 2006 25 243 255 255
1438 2250 25 255 250 255
1438 2312 25 254 255 255
1438 2654 25 255 243 255
1439 2064 26 25 255 255
1439 2126 25 43 255 255
1439 2158 25 30 255 255
1439 2504 25 35 255 255
1439 2761 25 37 255 255
1440 1652 25 255 137 255
1440 1659 25 255 149 255
1440 2282 25 255 118 255
1440 2455 25 255 57 255
1441 1446 25 193 255 255
1441 1745 25 204 255 255
1441 2166 25 148 255 255
1441 2789 25 174 255 255
1442 1443 25 255 48 255
1442 1958 27 255 25 255
1442 2036 25 255 44 255
1442 2093 29 255 25 255
1442 2648 34 255 25 255
1443 1958 25 255 38 255
1443 1989 25 255 59 255
1443 2246 25 255 73 255
1443 2459 25 255 84 255
1444 1605 78 255 25 255
1444 1940 75 255 25 255
1444 2103 35 255 25 255
1444 2481 26 255 25 255
1445 1488 113 255 25 255
1445 1649 125 255 25 255
1445 2429 103 255 25 255
1445 2741 91 255 25 255
1446 1745 25 219 255 255
1446 1768 25 214 255 255
1446 2789 25 189 255 255
1448 1765 31 255 25 255
1448 2211 25 255 36 255
1449 2402 114 255 25 255
1450 1688 55 255 25 255
1450 2019 25 255 48 255
1450 2020 25 255 46 255
1450 2446 25 255 40 255
1450 2502 25 255 27 255
1450 2681 38 255 25 255
1451 2232 155 255 25 255
1451 2336 165 255 25 255
1451 2750 136 255 25 255
1452 1672 25 226 255 255
1452 1942 25 223 255 255
1452 2128 25 255 237 255
1453 2038 230 255 25 255
1453 2402 175 255 25 255
1454 1670 255 128 25 255
1454 1680 255 98 25 255
1455 1518 25 255 53 255
1455 1887 25 255 65 255
1455 2537 25 255 47 255
1456 1603 25 180 255 255
1456 2217 25 163 255 255
1457 2154 25 255 252 255
1458 1521 232 255 25 255
1458 1899 242 255 25 255
1458 2601 239 255 25 255
1458 2801 243 255 25 255
1459 2123 25 255 169 255
1459 2737 25 255 151 255
1460 1736 141 255 25 255
1460 2082 132 255 25 255
1461 2072 25 255 110 255
1461 2699 25 255 172 255
1462 1463 103 25 255 255
1462 2588 95 25 255 255
1463 2120 104 25 255 255
1463 2588 84 25 255 255
1464 2046 113 255 25 255
1465 2284 25 255 84 255
1465 2683 25 255 123 255
1465 2792 25 255 133 255
1466 1924 25 255 205 255
1467 2434 56 255 25 255
1467 2615 67 255 25 255
1468 2594 25 255 206 255
1468 2683 25 255 172 255
1468 2792 25 255 182 255
1469 2061 25 39 255 255
1469 2231 25 103 255 255
1469 2366 25 59 255 255
1469 2548 25 38 255 255
1469 2611 25 64 255 255
1469 2768 25 42 255 255
1470 1891 25 255 243 255
1470 2011 25 255 228 255
1470 2123 25 255 209 255
1470 2300 25 255 236 255
1471 1633 125 25 255 255
1471 1697 120 25 255 255
1471 1872 140 25 255 255
1471 2125 147 25 255 255
1471 2428 119 25 255 255
1472 1473 25 56 255 255
1472 1812 25 88 255 255
1472 2168 25 61 255 255
1472 2296 25 51 255 255
1473 2296 25 39 255 255
1475 2786 25 255 143 255
1476 2570 25 255 148 255
1476 2700 25 255 237 255
1477 1655 25 255 37 255
1477 2730 25 255 48 255
1478 1629 25 255 74 255
1478 1630 25 255 72 255
1478 2039 25 255 37 255
1479 1586 25 169 255 255
1479 1851 25 178 255 255
1479 1961 25 171 255 255
1480 1788 25 255 146 255
1480 1846 25 255 169 255
1480 2138 25 255 150 255
1480 2264 25 255 174 255
1480 2329 25 255 141 255
1480 2346 25 255 174 255
1480 2791 25 255 172 255
1481 2000 38 255 25 255
1481 2294 25 255 36 255
1481 2739 28 255 25 255
1482 1622 25 144 255 255
1482 1907 25 127 255 255
1483 1582 25 255 132 255
1483 1883 25 255 102 255
1483 2016 25 255 179 255
1484 1826 25 255 106 255
1484 1883 25 255 95 255
1485 1556 25 255 143 255
1485 1787 25 255 136 255
1485 2382 25 255 171 255
1485 2668 25 255 163 255
1486 1754 25 255 144 255
1486 2659 25 255 146 255
1487 1778 25 255 176 255
1487 1992 25 255 182 255
1487 2001 25 255 196 255
1488 2305 167 255 25 255
1488 2429 114 255 25 255
1489 2491 25 255 231 255
1489 2560 25 255 248 255
1490 1576 25 106 255 255
1490 2050 25 66 255 255
1490 2133 25 59 255 255
1490 2544 25 82 255 255
1491 1956 206 255 25 255
1491 2496 205 255 25 255
1491 2606 213 255 25 255
1492 1771 226 255 25 255
1492 2385 239 255 25 255
1493 1549 25 89 255 255
1494 1504 25 255 198 255
1494 1737 25 255 134 255
1495 1676 25 221 255 255
1496 1497 25 255 216 255
1496 2593 25 255 239 255
1497 1966 25 255 216 255
1497 2593 25 255 243 255
1498 1649 158 255 25 255
1498 2429 136 255 25 255
1498 2442 169 255 25 255
1499 1875 25 255 143 255
1499 2049 25 255 149 255
1499 2067 25 255 142 255
1499 2566 25 255 153 255
1499 2803 25 255 132 255
1500 1933 25 255 69 255
1500 2087 25 255 89 255
1500 2088 25 255 75 255
1500 2539 25 255 87 255
1500 2559 25 255 84 255
1500 2623 25 255 88 255
1501 1675 25 255 180 255
1501 2269 25 255 178 255
1502 1643 151 255 25 255
1502 1760 151 255 25 255
1502 1917 144 255 25 255
1503 2415 25 255 139 255
1503 2460 25 255 147 255
1504 1737 25 255 151 255
1504 2106 25 255 220 255
1504 2306 25 255 192 255
1505 1783 48 25 255 255
1505 1902 25 28 255 255
1505 1904 47 25 255 255
1505 2350 59 25 255 255
1505 2653 27 25 255 255
1506 2193 25 64 255 255
1506 2213 25 71 255 255
1507 1563 99 25 255 255
1508 1560 25 26 255 255
1508 1993 25 32 255 255
1509 2266 113 255 25 255
1510 2262 25 239 255 255
1510 2589 25 230 255 255
1511 1564 26 255 25 255
1511 2225 25 255 63 255
1511 2372 25 255 73 255
1511 2515 25 255 62 255
1511 2542 25 255 49 255
1512 1930 151 255 25 255
1512 1931 149 255 25 255
1512 2309 151 255 25 255
1513 1647 25 231 255 255
1513 2118 25 255 238 255
1514 1548 25 46 255 255
1514 1898 25 79 255 255
1514 2787 25 51 255 255
1515 1878 25 255 184 255
1515 2173 25 245 255 255
1515 2190 25 250 255 255
1516 2676 114 255 25 255
1517 1791 147 255 25 255
1518 1887 25 255 68 255
1518 2408 25 255 64 255
1519 1664 65 25 255 255
1519 1668 78 25 255 255
1519 1801 64 25 255 255
1519 2474 80 25 255 255
1520 1736 145 255 25 255
1520 2234 141 255 25 255
1520 2351 147 255 25 255
1520 2666 141 255 25 255
1521 1766 219 255 25 255
1521 1899 230 255 25 255
1521 2500 208 255 25 255
1521 2601 227 255 25 255
1522 1853 25 255 123 255
1522 1914 25 255 183 255
1522 2286 25 255 222 255
1522 2762 25 255 167 255
1524 1901 128 255 25 255
1524 2375 110 255 25 255
1524 2562 125 255 25 255
1524 2685 108 255 25 255
1524 2772 125 255 25 255
1525 2154 25 255 224 255
1525 2273 25 255 167 255
1527 1748 41 255 25 255
1527 1824 25 255 50 255
1527 1988 25 255 40 255
1527 2246 25 255 61 255
1528 1732 128 255 25 255
1528 1896 123 255 25 255
1528 2293 128 255 25 255
1528 2642 128 255 25 255
1529 1720 46 255 25 255
1529 2244 66 255 25 255
1529 2741 67 255 25 255
1530 1592 25 44 255 255
1530 1764 25 49 255 255
1530 2183 25 44 255 255
1531 1633 126 25 255 255
1531 1872 141 25 255 255
1532 1989 25 255 50 255
1532 2159 25 255 65 255
1532 2421 25 255 52 255
1532 2543 25 255 58 255
1532 2550 25 255 31 255
1533 1718 143 255 25 255
1534 2138 25 255 120 255
1534 2147 25 255 100 255
1534 2329 25 255 111 255
1534 2463 25 255 89 255
1534 2720 25 255 97 255
1535 1607 101 255 25 255
1535 1721 123 255 25 255
1535 1832 125 255 25 255
1535 2010 104 255 25 255
1536 2009 25 255 216 255
1536 2128 25 255 222 255
1536 2571 25 255 182 255
1537 1657 156 255 25 255
1537 2363 144 255 25 255
1537 2638 195 255 25 255
1538 1827 25 255 86 255
1538 2218 25 255 50 255
1538 2223 25 255 76 255
1538 2718 25 255 85 255
1539 1567 25 255 173 255
1539 2485 25 255 170 255
1540 1992 25 255 194 255
1540 2001 25 255 208 255
1541 2381 184 255 25 255
1542 1731 25 110 255 255
1542 2725 25 59 255 255
1543 2171 255 93 25 255
1544 2093 50 255 25 255
1544 2648 55 255 25 255
1545 1888 25 234 255 255
1546 1790 187 255 25 255
1546 2111 205 255 25 255
1546 2323 185 255 25 255
1546 2745 190 255 25 255
1547 2275 159 255 25 255
1547 2411 153 255 25 255
1547 2687 146 255 25 255
1547 2760 160 255 25 255
1548 1635 25 39 255 255
1548 2102 25 37 255 255
1549 2604 25 96 255 255
1550 2024 41 255 25 255
1550 2135 25 255 37 255
1550 2181 25 255 34 255
1550 2347 29 255 25 255
1550 2715 25 255 40 255
1551 1833 25 255 183 255
1551 2078 25 255 173 255
1551 2405 25 255 190 255
1552 1811 25 255 221 255
1552 2348 25 255 234 255
1552 2498 25 255 209 255
1553 1561 30 255 25 255
1553 1849 25 255 38 255
1553 2416 37 255 25 255
1554 1955 25 255 254 255
1554 2597 25 255 246 255
1554 2748 25 255 230 255
1555 1927 220 255 25 255
1555 2332 215 255 25 255
1556 1787 25 255 126 255
1556 1788 25 255 131 255
1556 2382 25 255 160 255
1557 2047 146 255 25 255
1557 2626 182 255 25 255
1558 1563 76 25 255 255
1558 1986 80 25 255 255
1558 2569 86 25 255 255
1559 1729 25 255 181 255
1559 2237 25 255 75 255
1559 2383 25 255 157 255
1559 2532 25 255 131 255
1559 2636 25 255 141 255
1560 1663 30 25 255 255
1560 1813 35 25 255 255
1560 1993 34 25 255 255
1560 2371 27 25 255 255
1561 1849 25 255 56 255
1562 2110 90 25 255 255
1563 2110 74 25 255 255
1564 2156 96 255 25 255
1564 2758 45 255 25 255
1565 1943 25 112 255 255
1565 1995 25 175 255 255
1565 2665 25 125 255 255
1566 1594 25 255 189 255
1566 1712 25 255 190 255
1566 1984 25 255 185 255
1568 1770 25 181 255 255
1568 2649 25 177 255 255
1569 1572 25 255 137 255
1569 1696 25 255 106 255
1569 2324 25 255 130 255
1569 2467 25 255 99 255
1570 1749 62 255 25 255
1570 1750 65 255 25 255
1570 2080 41 255 25 255
1570 2475 47 255 25 255
1571 2794 25 255 94 255
1572 1628 25 255 180 255
1572 2078 25 255 158 255
1572 2164 25 255 121 255
1572 2324 25 255 148 255
1572 2327 25 255 155 255
1572 2333 25 255 130 255
1572 2412 25 255 113 255
1572 2444 25 255 111 255
1573 1650 184 255 25 255
1573 2232 169 255 25 255
1574 1586 25 151 255 255
1574 1961 25 154 255 255
1574 2394 25 131 255 255
1574 2568 25 158 255 255
1574 2657 25 138 255 255
1575 1778 25 255 197 255
1575 2001 25 255 217 255
1575 2142 25 255 213 255
1575 2401 25 255 215 255
1575 2621 25 255 226 255
1576 1762 25 130 255 255
1576 2544 25 114 255 255
1577 1987 25 246 255 255
1577 2317 25 247 255 255
1577 2674 25 243 255 255
1578 1837 154 25 255 255
1579 1612 43 25 255 255
1579 2110 56 25 255 255
1580 1619 235 255 25 255
1580 2385 242 255 25 255
1580 2393 237 255 25 255
1580 2538 229 255 25 255
1580 2557 250 255 25 255
1581 1582 25 255 110 255
1581 1903 25 255 75 255
1582 1686 25 255 180 255
1582 2016 25 255 184 255
1582 2113 25 255 133 255
1583 2671 25 255 170 255
1584 2414 25 255 165 255
1584 2627 25 255 175 255
1584 2645 25 255 170 255
1584 2791 25 255 177 255
1585 1693 25 202 255 255
1585 1916 25 198 255 255
1586 1961 25 166 255 255
1587 2395 173 255 25 255
1588 1666 25 255 85 255
1588 1673 25 255 128 255
1588 1824 25 255 82 255
1589 1702 25 255 150 255
1590 1836 25 255 88 255
1590 2400 25 255 91 255
1590 2640 25 255 94 255
1591 1897 25 255 48 255
1591 2130 25 255 44 255
1592 1705 25 36 255 255
1592 1764 25 44 255 255
1592 2199 25 26 255 255
1592 2598 25 48 255 255
1593 1831 131 255 25 255
1593 2163 30 255 25 255
1593 2214 36 255 25 255
1593 2391 31 255 25 255
1594 1712 25 255 189 255
1594 2671 25 255 181 255
1594 2743 25 255 185 255
1596 1901 136 255 25 255
1596 2245 132 255 25 255
1596 2430 138 255 25 255
1596 2772 133 255 25 255
1597 1776 133 255 25 255
1597 2298 142 255 25 255
1597 2687 136 255 25 255
1598 2160 255 88 25 255
1599 1784 25 255 105 255
1599 1815 25 255 97 255
1599 1964 25 255 97 255
1599 2048 25 255 98 255
1599 2267 25 255 96 255
1600 1625 25 63 255 255
1600 1645 25 33 255 255
1601 1658 25 255 248 255
1601 1840 25 250 255 255
1601 1891 25 248 255 255
1601 1922 25 245 255 255
1601 1935 25 235 255 255
1601 2129 25 218 255 255
1601 2300 25 255 254 255
1602 1654 25 255 164 255
1602 2389 25 255 125 255
1602 2602 25 255 171 255
1602 2782 25 255 144 255
1603 2217 25 178 255 255
1603 2377 25 205 255 255
1604 1695 81 255 25 255
1604 1829 77 255 25 255
1604 1868 80 255 25 255
1604 2499 81 255 25 255
1604 2770 83 255 25 255
1605 1695 85 255 25 255
1605 1940 84 255 25 255
1606 2201 190 255 25 255
1607 2010 87 255 25 255
1608 1997 25 165 255 255
1608 2582 25 174 255 255
1608 2633 25 167 255 255
1609 1770 25 206 255 255
1609 1957 25 214 255 255
1610 1997 25 163 255 255
1611 1745 25 235 255 255
1611 2438 25 220 255 255
1612 1859 25 47 255 255
1612 1860 25 44 255 255
1613 1814 25 255 62 255
1613 2226 25 255 48 255
1613 2416 25 255 42 255
1614 2055 191 255 25 255
1615 2012 34 25 255 255
1615 2076 25 41 255 255
1616 2069 36 25 255 255
1617 1642 25 255 102 255
1617 2292 25 255 117 255
1617 2310 25 255 104 255
1617 2688 25 255 115 255
1618 2452 25 52 255 255
1619 2393 236 255 25 255
1621 1729 25 233 255 255
1621 1947 25 208 255 255
1621 1961 25 190 255 255
1621 2710 25 238 255 255
1621 2785 25 248 255 255
1622 1907 25 168 255 255
1623 1936 25 255 112 255
1623 2559 25 255 98 255
1623 2623 25 255 102 255
1623 2738 25 255 104 255
1623 2803 25 255 113 255
1624 2189 25 108 255 255
1625 2081 25 62 255 255
1625 2231 25 118 255 255
1625 2366 25 74 255 255
1626 2022 25 255 83 255
1626 2299 25 255 89 255
1626 2555 25 255 83 255
1626 2558 25 255 82 255
1627 1754 25 255 148 255
1627 2571 25 255 148 255
1627 2585 25 255 141 255
1628 1794 25 255 207 255
1628 2078 25 255 183 255
1628 2250 25 255 222 255
1628 2327 25 255 180 255
1628 2528 25 255 216 255
1628 2654 25 255 216 255
1629 1630 25 255 97 255
1629 2584 25 255 119 255
1630 2260 25 255 143 255
1630 2584 25 255 117 255
1631 1632 25 255 128 255
1631 2112 25 255 121 255
1631 2595 25 255 147 255
1631 2672 25 255 165 255
1632 2112 25 255 108 255
1632 2267 25 255 106 255
1632 2595 25 255 135 255
1633 1697 116 25 255 255
1633 1872 136 25 255 255
1633 2583 117 25 255 255
1635 2102 25 39 255 255
1636 1778 25 255 151 255
1636 2044 25 255 154 255
1636 2178 25 255 118 255
1636 2272 25 255 114 255
1637 1719 62 255 25 255
1637 1894 93 255 25 255
1637 2039 61 255 25 255
1637 2610 117 255 25 255
1638 1983 25 255 191 255
1638 2040 25 255 216 255
1639 1640 25 209 255 255
1639 2445 25 202 255 255
1639 2603 25 205 255 255
1639 2617 25 197 255 255
1640 2617 25 207 255 255
1641 1710 25 33 255 255
1641 1971 25 46 255 255
1641 2195 25 33 255 255
1641 2215 25 33 255 255
1641 2263 25 45 255 255
1642 2310 25 255 99 255
1643 1917 146 255 25 255
1644 1806 25 255 49 255
1644 2362 25 255 54 255
1646 2192 25 255 120 255
1646 2306 25 255 136 255
1646 2529 25 255 70 255
1647 2118 25 255 251 255
1647 2152 25 236 255 255
1647 2431 25 176 255 255
1648 2598 25 49 255 255
1648 2757 25 29 255 255
1649 2442 159 255 25 255
1649 2741 114 255 25 255
1650 2232 169 255 25 255
1650 2426 214 255 25 255
1651 1652 25 255 185 255
1651 2282 25 255 166 255
1651 2462 25 255 195 255
1652 1659 25 255 201 255
1652 2282 25 255 170 255
1652 2462 25 255 200 255
1653 1720 30 255 25 255
1653 1897 25 255 40 255
1654 2248 25 255 198 255
1654 2506 25 255 204 255
1654 2602 25 255 191 255
1654 2782 25 255 164 255
1657 1918 151 255 25 255
1657 2363 148 255 25 255
1657 2651 167 255 25 255
1658 1840 25 255 240 255
1658 2300 25 255 235 255
1659 2124 25 255 224 255
1659 2278 25 255 228 255
1659 2693 25 255 227 255
1660 1661 25 129 255 255
1660 1753 25 157 255 255
1660 2094 25 169 255 255
1661 1709 25 123 255 255
1661 1950 25 75 255 255
1661 2094 25 141 255 255
1662 1691 145 255 25 255
1662 2219 120 255 25 255
1663 2371 25 33 255 255
1663 2727 25 55 255 255
1664 1668 58 25 255 255
1664 1865 25 27 255 255
1665 2450 255 226 25 255
1665 2454 255 212 25 255
1666 1673 25 255 112 255
1666 1824 25 255 66 255
1666 2367 25 255 101 255
1667 2216 25 203 255 255
1667 2378 25 180 255 255
1667 2417 25 214 255 255
1667 2553 25 174 255 255
1668 2428 90 25 255 255
1669 1739 25 116 255 255
1669 1864 25 160 255 255
1669 2265 25 109 255 255
1669 2439 25 162 255 255
1669 2587 25 153 255 255
1670 1674 255 157 25 255
1670 1680 255 134 25 255
1670 1886 255 213 25 255
1670 1965 255 206 25 255
1671 1672 25 184 255 255
1671 1942 25 181 255 255
1671 2070 25 174 255 255
1671 2175 25 171 255 255
1671 2256 25 168 255 255
1672 1942 25 187 255 255
1672 2070 25 179 255 255
1672 2525 25 186 255 255
1673 2785 25 255 190 255
1674 1677 255 152 25 255
1674 1680 255 127 25 255
1674 1965 255 199 25 255
1674 2157 255 161 25 255
1675 2196 25 255 191 255
1675 2269 25 255 180 255
1675 2435 25 255 156 255
1676 2053 25 255 234 255
1677 2157 255 162 25 255
1678 1679 25 255 226 255
1678 2619 25 255 229 255
1679 1987 25 255 235 255
1679 2317 25 255 234 255
1681 1686 25 255 243 255
1681 2089 25 228 255 255
1681 2493 25 225 255 255
1682 1683 25 248 255 255
1682 1970 25 234 255 255
1682 2390 25 237 255 255
1682 2616 25 227 255 255
1683 1686 25 255 233 255
1683 2016 25 255 237 255
1683 2390 25 255 253 255
1684 1999 158 25 255 255
1687 2635 25 255 195 255
1687 2804 25 255 201 255
1688 2502 61 255 25 255
1688 2666 118 255 25 255
1689 1867 25 51 255 255
1689 2193 25 46 255 255
1689 2296 25 39 255 255
1689 2725 25 44 255 255
1690 2009 25 255 252 255
1690 2074 25 190 255 255
1691 2219 110 255 25 255
1691 2220 83 255 25 255
1691 2689 86 255 25 255
1692 2041 25 34 255 255
1692 2168 25 45 255 255
1692 2249 25 31 255 255
1692 2270 25 51 255 255
1692 2325 25 51 255 255
1693 1916 25 187 255 255
1694 1757 25 121 255 255
1694 2173 25 173 255 255
1694 2190 25 178 255 255
1694 2290 25 158 255 255
1695 1940 82 255 25 255
1695 2770 85 255 25 255
1696 1932 25 255 103 255
1696 2026 25 255 93 255
1696 2164 25 255 91 255
1696 2412 25 255 82 255
1696 2467 25 255 86 255
1698 1793 25 255 39 255
1698 1826 25 255 71 255
1699 2083 25 255 146 255
1700 1713 248 255 25 255
1700 1868 146 255 25 255
1700 2436 239 255 25 255
1701 2757 36 25 255 255
1702 1784 25 255 113 255
1702 1815 25 255 105 255
1702 1836 25 255 102 255
1703 2166 25 98 255 255
1704 2281 25 37 255 255
1704 2551 25 31 255 255
1704 2761 25 39 255 255
1705 2199 27 25 255 255
1705 2618 25 36 255 255
1706 2448 107 255 25 255
1706 2596 129 255 25 255
1706 2643 118 255 25 255
1707 1908 25 255 68 255
1707 2419 25 255 82 255
1707 2684 25 255 46 255
1708 2308 25 255 155 255
1708 2700 25 255 193 255
1709 1769 25 123 255 255
1709 2094 25 162 255 255
1709 2255 25 106 255 255
1710 2215 25 30 255 255
1710 2259 25 49 255 255
1710 2281 25 34 255 255
1710 2787 25 40 255 255
1711 1926 25 255 136 255
1711 2268 25 255 154 255
1711 2327 25 255 144 255
1711 2372 25 255 108 255
1713 2436 255 234 25 255
1713 2638 255 248 25 255
1713 2793 255 204 25 255
1714 2450 238 255 25 255
1714 2637 186 255 25 255
1715 2556 233 255 25 255
1716 1853 25 255 68 255
1716 2521 25 255 89 255
1717 2275 160 255 25 255
1717 2411 154 255 25 255
1717 2514 160 255 25 255
1718 2495 153 255 25 255
1719 2039 26 255 25 255
1719 2163 25 255 30 255
1721 2283 114 255 25 255
1721 2500 162 255 25 255
1722 1723 25 255 49 255
1722 1835 25 255 28 255
1722 1919 45 255 25 255
1722 2218 27 255 25 255
1722 2313 55 255 25 255
1722 2670 38 255 25 255
1723 1835 25 255 58 255
1723 2099 25 255 79 255
1723 2218 25 255 54 255
1723 2330 25 255 89 255
1723 2337 25 255 75 255
1723 2364 25 255 86 255
1723 2463 25 255 76 255
1723 2526 25 255 61 255
1724 1780 153 255 25 255
1724 2729 158 255 25 255
1725 1753 25 157 255 255
1725 1758 25 166 255 255
1725 2094 25 169 255 255
1725 2352 25 181 255 255
1726 1983 25 255 230 255
1726 2040 25 253 255 255
1726 2139 25 202 255 255
1726 2303 25 255 229 255
1726 2508 25 242 255 255
1726 2784 25 255 219 255
1727 1728 25 208 255 255
1729 1947 25 230 255 255
1729 2295 25 250 255 255
1729 2359 25 229 255 255
1729 2383 25 255 229 255
1729 2636 25 255 213 255
1729 2785 25 255 239 255
1730 1795 25 246 255 255
1730 1796 25 255 230 255
1730 2490 25 244 255 255
1730 2748 25 255 235 255
1731 2043 25 178 255 255
1731 2597 25 192 255 255
1732 1896 125 255 25 255
1732 2239 126 255 25 255
1732 2293 129 255 25 255
1732 2605 131 255 25 255
1732 2773 133 255 25 255
1733 1834 25 255 129 255
1733 2467 25 255 90 255
1733 2537 25 255 72 255
1734 1921 58 255 25 255
1734 2328 53 255 25 255
1735 1756 25 255 116 255
1735 2205 25 255 129 255
1736 1741 166 255 25 255
1736 2082 140 255 25 255
1736 2234 145 255 25 255
1736 2351 151 255 25 255
1736 2443 169 255 25 255
1736 2709 155 255 25 255
1737 2219 25 255 26 255
1738 2565 69 255 25 255
1738 2689 25 255 41 255
1739 2265 25 88 255 255
1739 2368 25 81 255 255
1739 2572 25 77 255 255
1740 2358 136 255 25 255
1740 2752 128 255 25 255
1741 1862 194 255 25 255
1742 2356 25 255 168 255
1743 2341 25 255 222 255
1743 2756 25 255 213 255
1748 1802 83 255 25 255
1749 1750 66 255 25 255
1749 1869 66 255 25 255
1749 2320 69 255 25 255
1750 1868 74 255 25 255
1750 1869 68 255 25 255
1751 1939 25 143 255 255
1751 2074 25 155 255 255
1752 2418 25 199 255 255
1752 2603 25 201 255 255
1752 2617 25 193 255 255
1753 1959 25 157 255 255
1753 2094 25 169 255 255
1754 2659 25 255 146 255
1755 1756 25 255 34 255
1755 1894 90 255 25 255
1757 2290 25 140 255 255
1757 2734 25 81 255 255
1758 2577 25 176 255 255
1759 1873 25 221 255 255
1759 1900 25 229 255 255
1759 1905 25 212 255 255
1760 2052 139 255 25 255
1760 2060 142 255 25 255
1760 2202 159 255 25 255
1760 2614 153 255 25 255
1760 2765 151 255 25 255
1761 2000 50 255 25 255
1761 2347 46 255 25 255
1762 2431 25 128 255 255
1762 2544 25 105 255 255
1763 2091 25 255 171 255
1763 2671 25 255 170 255
1763 2764 25 255 171 255
1764 2183 25 44 255 255
1765 2211 46 255 25 255
1765 2684 46 255 25 255
1766 1899 228 255 25 255
1766 2305 214 255 25 255
1766 2658 231 255 25 255
1767 2087 25 255 99 255
1767 2539 25 255 98 255
1767 2607 25 255 102 255
1768 2789 25 195 255 255
1769 1950 25 75 255 255
1769 2255 25 85 255 255
1770 1957 25 216 255 255
1770 2528 25 245 255 255
1771 2302 219 255 25 255
1771 2664 213 255 25 255
1772 2448 82 255 25 255
1772 2680 75 255 25 255
1773 2608 25 104 255 255
1774 2802 26 255 25 255
1775 2122 233 255 25 255
1775 2425 219 255 25 255
1775 2500 213 255 25 255
1775 2601 232 255 25 255
1775 2801 236 255 25 255
1776 2687 135 255 25 255
1777 1963 25 248 255 255
1777 2023 25 255 209 255
1777 2044 25 255 215 255
1777 2711 25 255 250 255
1777 2763 25 250 255 255
1778 2001 25 255 196 255
1778 2044 25 255 179 255
1778 2142 25 255 192 255
1778 2401 25 255 194 255
1778 2477 25 255 190 255
1779 1996 255 232 25 255
1779 2778 255 233 25 255
1780 2315 145 255 25 255
1780 2729 149 255 25 255
1781 2386 129 255 25 255
1781 2663 118 255 25 255
1782 1865 25 51 255 255
1782 1943 25 73 255 255
1782 2172 25 38 255 255
1782 2665 25 86 255 255
1783 2117 58 25 255 255
1783 2350 63 25 255 255
1783 2653 31 25 255 255
1784 1815 25 255 107 255
1784 1964 25 255 106 255
1786 2176 100 255 25 255
1786 2197 25 255 86 255
1787 1788 25 255 124 255
1787 2330 25 255 108 255
1788 2285 25 255 129 255
1788 2329 25 255 124 255
1788 2330 25 255 114 255
1789 2203 25 51 255 255
1790 1817 171 255 25 255
1790 1979 168 255 25 255
1790 2111 199 255 25 255
1790 2323 180 255 25 255
1790 2365 197 255 25 255
1790 2496 193 255 25 255
1791 1886 209 255 25 255
1791 2655 172 255 25 255
1792 2101 248 255 25 255
1792 2132 255 196 25 255
1792 2426 250 255 25 255
1792 2612 255 237 25 255
1793 1826 25 255 68 255
1794 2405 25 255 202 255
1794 2654 25 255 218 255
1795 1796 25 248 255 255
1795 1949 25 210 255 255
1795 2015 25 213 255 255
1795 2233 25 248 255 255
1795 2490 25 212 255 255
1795 2678 25 213 255 255
1796 2075 25 255 203 255
1796 2233 25 255 229 255
1797 1874 36 25 255 255
1797 2274 30 25 255 255
1797 2703 26 25 255 255
1797 2728 36 25 255 255
1798 2203 25 78 255 255
1799 1988 25 255 56 255
1799 2159 25 255 78 255
1799 2246 25 255 76 255
1799 2455 25 255 50 255
1800 1801 42 25 255 255
1800 2064 38 25 255 255
1800 2158 32 25 255 255
1800 2474 57 25 255 255
1800 2551 33 25 255 255
1801 2474 59 25 255 255
1801 2551 35 25 255 255
1802 2010 93 255 25 255
1803 2127 243 255 25 255
1803 2206 245 255 25 255
1803 2432 238 255 25 255
1803 2441 255 235 25 255
1804 2420 25 255 141 255
1804 2489 25 255 129 255
1805 2394 25 114 255 255
1807 2236 172 255 25 255
1807 2692 182 255 25 255
1807 2745 184 255 25 255
1808 2339 25 252 255 255
1808 2722 25 254 255 255
1809 1939 25 143 255 255
1810 1811 25 255 215 255
1810 2083 25 255 194 255
1810 2498 25 255 203 255
1811 2498 25 255 205 255
1812 2168 25 81 255 255
1812 2483 25 157 255 255
1813 1993 29 25 255 255
1814 1849 25 255 69 255
1814 2416 25 255 45 255
1815 1836 25 255 95 255
1815 2048 25 255 100 255
1816 1817 170 255 25 255
1818 1913 25 197 255 255
1818 2043 25 204 255 255
1818 2490 25 204 255 255
1819 2249 26 25 255 255
1819 2548 29 25 255 255
1819 2768 25 25 255 255
1820 1821 25 255 187 255
1820 2356 25 255 185 255
1823 2661 79 25 255 255
1827 2223 25 255 91 255
1827 2718 25 255 100 255
1827 2767 25 255 114 255
1828 1878 25 255 111 255
1828 1962 25 255 47 255
1828 2045 25 255 52 255
1828 2694 25 255 76 255
1829 1868 78 255 25 255
1829 2320 75 255 25 255
1830 2085 25 255 207 255
1830 2137 25 255 222 255
1830 2196 25 255 210 255
1830 2376 25 255 223 255
1830 2422 25 255 218 255
1830 2699 25 255 221 255
1831 2058 237 255 25 255
1831 2176 211 255 25 255
1831 2214 119 255 25 255
1832 2336 154 255 25 255
1833 1834 25 255 168 255
1833 2078 25 255 170 255
1833 2668 25 255 176 255
1834 2467 25 255 118 255
1834 2668 25 255 165 255
1835 2141 25 255 26 255
1835 2526 25 255 40 255
1835 2670 29 255 25 255
1835 2769 25 255 34 255
1836 2048 25 255 96 255
1836 2400 25 255 94 255
1838 1911 114 255 25 255
1838 2600 122 255 25 255
1839 2507 25 255 187 255
1839 2804 25 255 189 255
1840 1922 25 253 255 255
1841 2014 25 255 211 255
1841 2339 25 255 249 255
1841 2398 25 248 255 255
1841 2722 25 255 247 255
1842 1962 46 255 25 255
1842 2005 78 255 25 255
1842 2261 78 255 25 255
1842 2530 80 255 25 255
1842 2533 57 255 25 255
1843 2531 26 255 25 255
1844 2163 25 255 67 255
1845 2505 25 255 215 255
1845 2634 25 255 201 255
1846 2264 25 255 180 255
1846 2382 25 255 181 255
1847 2139 25 158 255 255
1847 2153 25 169 255 255
1848 2392 25 186 255 255
1849 2116 25 255 87 255
1849 2413 25 255 93 255
1849 2416 25 255 49 255
1849 2790 25 255 93 255
1850 1881 25 255 168 255
1850 1923 25 255 193 255
1850 2118 25 255 198 255
1850 2152 25 255 220 255
1850 2777 25 255 182 255
1851 1947 25 193 255 255
1851 1961 25 175 255 255
1851 2359 25 192 255 255
1852 2726 25 170 255 255
1854 2041 25 34 255 255
1854 2249 25 30 255 255
1854 2725 25 40 255 255
1855 2373 25 255 211 255
1855 2388 25 255 250 255
1855 2576 25 255 250 255
1855 2732 25 255 248 255
1856 1857 25 255 197 255
1856 2747 25 255 161 255
1857 1995 25 253 255 255
1857 2747 25 255 186 255
1858 1875 25 255 123 255
1858 1936 25 255 110 255
1858 1937 25 255 114 255
1858 2559 25 255 97 255
1858 2737 25 255 127 255
1859 1860 25 69 255 255
1860 2719 25 62 255 255
1861 1873 25 216 255 255
1861 2485 25 255 230 255
1862 1951 205 255 25 255
1862 2494 210 255 25 255
1862 2696 205 255 25 255
1863 1925 25 67 255 255
1864 2229 25 189 255 255
1864 2439 25 185 255 255
1865 2172 25 36 255 255
1865 2281 25 43 255 255
1866 2107 25 255 221 255
1867 2193 25 53 255 255
1868 1869 74 255 25 255
1868 2320 77 255 25 255
1868 2499 81 255 25 255
1869 2320 72 255 25 255
1870 1871 25 255 53 255
1872 2125 158 25 255 255
1873 1905 25 196 255 255
1874 2728 38 25 255 255
1875 1937 25 255 132 255
1875 2066 25 255 144 255
1875 2067 25 255 139 255
1875 2566 25 255 150 255
1875 2803 25 255 129 255
1876 2025 25 255 102 255
1876 2062 25 255 53 255
1876 2178 25 255 101 255
1876 2272 25 255 97 255
1877 2050 25 59 255 255
1877 2544 25 74 255 255
1880 1932 25 255 112 255
1880 2369 25 255 108 255
1881 2057 25 255 165 255
1881 2578 25 255 157 255
1881 2777 25 255 165 255
1882 1982 25 221 255 255
1882 2114 25 228 255 255
1884 2546 84 255 25 255
1885 2035 141 255 25 255
1885 2090 135 255 25 255
1885 2275 149 255 25 255
1885 2293 132 255 25 255
1885 2766 141 255 25 255
1885 2773 136 255 25 255
1888 2472 25 251 255 255
1889 1903 25 255 64 255
1889 2130 25 255 51 255
1890 2374 63 255 25 255
1890 2724 49 255 25 255
1891 2300 25 255 248 255
1892 1893 25 171 255 255
1892 2577 25 175 255 255
1893 2577 25 174 255 255
1894 2610 113 255 25 255
1895 2521 25 255 115 255
1896 2239 121 255 25 255
1896 2271 118 255 25 255
1896 2642 124 255 25 255
1898 2787 25 76 255 255
1899 2658 242 255 25 255
1900 2031 25 218 255 255
1901 2245 129 255 25 255
1901 2562 130 255 25 255
1901 2772 130 255 25 255
1902 1904 26 25 255 255
1902 2399 25 34 255 255
1902 2653 25 45 255 255
1903 2161 25 255 79 255
1904 2736 46 25 255 255
1905 2622 25 174 255 255
1906 2146 255 214 25 255
1908 1975 25 255 41 255
1908 2684 25 255 42 255
1909 2048 25 255 110 255
1909 2187 25 255 133 255
1909 2400 25 255 108 255
1909 2640 25 255 111 255
1910 2226 31 255 25 255
1910 2752 80 255 25 255
1911 2600 114 255 25 255
1911 2698 100 255 25 255
1912 2131 25 255 238 255
1912 2221 25 255 240 255
1913 1949 25 200 255 255
1913 2490 25 202 255 255
1914 2107 25 255 230 255
1914 2762 25 255 179 255
1915 2334 25 255 156 255
1915 2579 25 255 166 255
1916 2143 25 179 255 255
1918 2363 139 255 25 255
1918 2651 158 255 25 255
1919 2218 40 255 25 255
1919 2313 68 255 25 255
1920 1959 25 170 255 255
1920 2527 25 174 255 255
1922 1935 25 238 255 255
1922 2471 25 242 255 255
1923 1924 25 255 197 255
1923 2152 25 255 229 255
1923 2184 25 255 166 255
1924 2184 25 255 160 255
1924 2205 25 255 163 255
1925 2354 25 30 255 255
1926 2268 25 255 158 255
1926 2334 25 255 135 255
1926 2473 25 255 143 255
1927 1946 239 255 25 255
1927 2332 217 255 25 255
1927 2487 217 255 25 255
1929 1966 25 255 253 255
1929 2593 25 229 255 255
1930 1931 155 255 25 255
1930 2309 156 255 25 255
1930 2338 160 255 25 255
1931 2065 154 255 25 255
1931 2338 158 255 25 255
1931 2765 151 255 25 255
1932 2026 25 255 103 255
1933 2088 25 255 63 255
1933 2226 25 255 47 255
1933 2291 25 255 46 255
1933 2697 25 255 53 255
1934 2390 25 238 255 255
1934 2564 25 235 255 255
1935 2129 25 211 255 255
1935 2471 25 232 255 255
1935 2513 25 212 255 255
1936 1937 25 255 120 255
1936 2559 25 255 102 255
1936 2803 25 255 117 255
1937 2803 25 255 120 255
1938 2706 183 255 25 255
1940 2770 84 255 25 255
1941 2095 25 255 76 255
1942 2256 25 171 255 255
1943 2665 25 105 255 255
1944 2459 25 255 157 255
1945 2384 25 255 148 255
1945 2415 25 255 130 255
1946 2381 237 255 25 255
1946 2487 234 255 25 255
1946 2494 235 255 25 255
1946 2557 255 249 25 255
1947 1961 25 187 255 255
1947 2359 25 204 255 255
1948 2054 25 152 255 255
1948 2497 25 229 255 255
1949 2490 25 208 255 255
1951 1952 200 255 25 255
1951 2494 210 255 25 255
1951 2691 195 255 25 255
1952 2691 191 255 25 255
1953 2132 255 115 25 255
1953 2136 255 94 25 255
1953 2171 255 82 25 255
1953 2612 255 156 25 255
1954 2005 102 255 25 255
1954 2179 123 255 25 255
1955 2403 25 217 255 255
1955 2418 25 215 255 255
1955 2603 25 217 255 255
1956 2365 209 255 25 255
1956 2538 214 255 25 255
1957 2006 25 230 255 255
1958 2550 35 255 25 255
1958 2648 44 255 25 255
1959 1991 25 141 255 255
1959 2182 25 154 255 255
1959 2527 25 161 255 255
1959 2675 25 158 255 255
1960 1994 25 172 255 255
1962 2045 31 255 25 255
1962 2486 59 255 25 255
1962 2533 47 255 25 255
1962 2694 25 255 43 255
1963 2560 25 242 255 255
1963 2763 25 236 255 255
1964 2267 25 255 97 255
1965 2157 255 209 25 255
1966 2593 25 255 238 255
1969 2073 194 255 25 255
1969 2522 197 255 25 255
1969 2625 192 255 25 255
1969 2664 200 255 25 255
1970 2390 25 241 255 255
1972 1973 93 255 25 255
1972 2165 100 255 25 255
1972 2242 110 255 25 255
1972 2380 98 255 25 255
1974 2098 25 255 198 255
1974 2524 25 255 251 255
1974 2594 25 255 233 255
1974 2649 25 231 255 255
1977 2253 221 255 25 255
1977 2289 218 255 25 255
1977 2599 234 255 25 255
1977 2746 230 255 25 255
1978 2628 25 77 255 255
1978 2749 25 66 255 255
1979 2236 158 255 25 255
1979 2323 166 255 25 255
1980 2287 25 194 255 255
1980 2690 25 170 255 255
1981 2280 255 151 25 255
1982 2114 25 232 255 255
1982 2262 25 232 255 255
1983 2040 25 255 224 255
1983 2784 25 255 188 255
1985 2024 81 255 25 255
1985 2347 69 255 25 255
1986 2569 106 25 255 255
1987 2317 25 255 243 255
1987 2674 25 255 246 255
1988 2246 25 255 62 255
1988 2455 25 255 36 255
1989 2543 25 255 64 255
1989 2550 25 255 36 255
1991 2182 25 138 255 255
1991 2650 25 134 255 255
1991 2695 25 128 255 255
1992 2001 25 255 202 255
1994 2370 25 122 255 255
1994 2727 25 106 255 255
1996 2574 255 241 25 255
1997 2549 25 202 255 255
1997 2582 25 176 255 255
2000 2347 45 255 25 255
2000 2739 38 255 25 255
2001 2142 25 255 212 255
2001 2621 25 255 225 255
2002 2170 149 255 25 255
2002 2191 170 255 25 255
2002 2194 148 255 25 255
2002 2326 134 255 25 255
2002 2470 139 255 25 255
2002 2523 145 255 25 255
2003 2004 76 255 25 255
2003 2121 77 255 25 255
2003 2448 80 255 25 255
2003 2540 84 255 25 255
2003 2643 90 255 25 255
2004 2121 75 255 25 255
2004 2448 78 255 25 255
2005 2179 121 255 25 255
2005 2261 100 255 25 255
2006 2250 25 253 255 255
2006 2312 25 247 255 255
2007 2434 44 255 25 255
2007 2542 25 255 25 255
2007 2613 52 255 25 255
2008 2177 25 255 181 255
2008 2356 25 255 192 255
2009 2571 25 255 180 255
2011 2123 25 255 207 255
2011 2300 25 255 234 255
2012 2076 25 41 255 255
2013 2492 188 255 25 255
2013 2692 185 255 25 255
2013 2706 188 255 25 255
2013 2745 187 255 25 255
2014 2106 25 255 200 255
2014 2192 25 255 156 255
2014 2722 25 255 212 255
2015 2652 25 213 255 255
2015 2678 25 211 255 255
2016 2390 25 255 248 255
2016 2564 25 255 250 255
2016 2660 25 255 242 255
2017 2124 25 245 255 255
2017 2279 25 230 255 255
2017 2568 25 197 255 255
2017 2589 25 219 255 255
2017 2657 25 177 255 255
2017 2693 25 242 255 255
2017 2742 25 234 255 255
2018 2408 25 255 76 255
2018 2714 25 255 75 255
2019 2020 25 255 62 255
2019 2424 25 255 69 255
2019 2446 25 255 55 255
2020 2502 25 255 40 255
2022 2299 25 255 91 255
2022 2558 25 255 84 255
2023 2044 25 255 176 255
2023 2272 25 255 137 255
2023 2688 25 255 147 255
2023 2711 25 255 211 255
2024 2347 53 255 25 255
2024 2715 34 255 25 255
2025 2178 25 255 111 255
2026 2164 25 255 90 255
2027 2641 104 255 25 255
2027 2686 101 255 25 255
2027 2723 99 255 25 255
2028 2038 243 255 25 255
2029 2030 25 255 249 255
2029 2321 25 255 228 255
2030 2321 25 255 245 255
2030 2516 25 242 255 255
2032 2168 25 69 255 255
2032 2270 25 75 255 255
2032 2325 25 75 255 255
2032 2592 25 128 255 255
2033 2316 25 71 255 255
2033 2736 26 25 255 255
2033 2776 25 31 255 255
2034 2433 25 255 120 255
2035 2275 156 255 25 255
2035 2590 150 255 25 255
2035 2642 138 255 25 255
2036 2459 25 255 79 255
2037 2063 106 255 25 255
2037 2465 158 255 25 255
2037 2466 155 255 25 255
2041 2168 25 43 255 255
2041 2249 25 28 255 255
2042 2506 25 255 226 255
2043 2490 25 210 255 255
2043 2597 25 225 255 255
2043 2748 25 240 255 255
2044 2272 25 255 142 255
2044 2477 25 255 193 255
2046 2713 96 255 25 255
2047 2620 122 255 25 255
2048 2400 25 255 99 255
2049 2566 25 255 156 255
2049 2803 25 255 134 255
2050 2544 25 74 255 255
2051 2353 40 25 255 255
2051 2608 25 76 255 255
2051 2703 25 41 255 255
2051 2704 25 30 255 255
2051 2717 25 51 255 255
2052 2060 129 255 25 255
2052 2580 122 255 25 255
2054 2126 25 80 255 255
2054 2717 25 80 255 255
2057 2196 25 255 189 255
2057 2552 25 255 181 255
2057 2578 25 255 171 255
2057 2777 25 255 179 255
2058 2536 255 232 25 255
2059 2245 116 255 25 255
2059 2430 122 255 25 255
2059 2468 115 255 25 255
2059 2562 117 255 25 255
2060 2202 149 255 25 255
2060 2580 125 255 25 255
2061 2081 25 29 255 255
2061 2366 25 42 255 255
2061 2548 29 25 255 255
2061 2581 25 25 255 255
2062 2063 59 255 25 255
2062 2243 25 255 36 255
2062 2631 25 255 41 255
2063 2243 38 255 25 255
2064 2086 26 25 255 255
2064 2158 30 25 255 255
2064 2504 25 25 255 255
2064 2728 37 25 255 255
2065 2338 159 255 25 255
2066 2067 25 255 143 255
2066 2134 25 255 141 255
2069 2734 25 37 255 255
2070 2461 25 164 255 255
2070 2525 25 176 255 255
2070 2675 25 164 255 255
2070 2702 25 167 255 255
2071 2231 25 161 255 255
2072 2299 25 255 97 255
2072 2555 25 255 91 255
2073 2492 191 255 25 255
2073 2522 196 255 25 255
2073 2625 191 255 25 255
2075 2233 25 255 203 255
2076 2575 25 45 255 255
2077 2776 49 25 255 255
2078 2324 25 255 151 255
2080 2185 25 255 34 255
2080 2475 27 255 25 255
2080 2573 25 255 34 255
2081 2366 25 49 255 255
2082 2234 136 255 25 255
2083 2091 25 255 175 255
2083 2503 25 255 159 255
2085 2705 25 255 193 255
2086 2274 25 29 255 255
2086 2504 25 35 255 255
2086 2728 26 25 255 255
2087 2539 25 255 96 255
2087 2623 25 255 96 255
2087 2738 25 255 98 255
2088 2198 25 255 78 255
2088 2387 25 255 77 255
2089 2493 25 206 255 255
2090 2315 141 255 25 255
2090 2766 141 255 25 255
2091 2671 25 255 175 255
2091 2764 25 255 177 255
2092 2123 25 255 201 255
2092 2155 25 255 161 255
2092 2645 25 255 191 255
2092 2737 25 255 183 255
2093 2648 46 255 25 255
2094 2352 25 193 255 255
2094 2508 25 208 255 255
2095 2314 25 255 73 255
2096 2679 171 255 25 255
2097 2790 25 255 137 255
2099 2337 25 255 75 255
2100 2352 25 235 255 255
2100 2508 25 250 255 255
2103 2481 25 255 58 255
2104 2105 255 226 25 255
2106 2192 25 255 181 255
2106 2306 25 255 197 255
2106 2722 25 255 236 255
2107 2319 25 242 255 255
2108 2336 173 255 25 255
2108 2425 190 255 25 255
2109 2634 25 255 193 255
2111 2365 214 255 25 255
2111 2745 202 255 25 255
2112 2267 25 255 99 255
2113 2161 25 255 110 255
2114 2229 25 216 255 255
2114 2349 25 226 255 255
2114 2407 25 255 240 255
2115 2328 43 255 25 255
2115 2733 39 255 25 255
2116 2413 25 255 106 255
2118 2152 25 255 234 255
2118 2777 25 255 195 255
2119 2634 25 255 193 255
2121 2165 91 255 25 255
2121 2540 83 255 25 255
2122 2801 239 255 25 255
2123 2737 25 255 169 255
2124 2693 25 255 239 255
2124 2742 25 255 247 255
2125 2428 137 25 255 255
2126 2504 25 44 255 255
2126 2717 25 51 255 255
2126 2761 25 46 255 255
2127 2176 217 255 25 255
2127 2206 229 255 25 255
2129 2513 25 195 255 255
2129 2797 25 190 255 255
2131 2221 25 255 246 255
2132 2612 255 180 25 255
2134 2288 25 255 125 255
2135 2181 25 255 38 255
2135 2510 25 255 45 255
2135 2715 25 255 44 255
2136 2171 255 84 25 255
2137 2376 25 255 225 255
2138 2329 25 255 128 255
2138 2414 25 255 147 255
2138 2791 25 255 159 255
2140 2654 25 255 221 255
2141 2561 30 255 25 255
2141 2670 40 255 25 255
2141 2721 35 255 25 255
2141 2724 41 255 25 255
2141 2769 27 255 25 255
2144 2395 149 255 25 255
2144 2446 60 255 25 255
2144 2681 88 255 25 255
2145 2436 255 252 25 255
2145 2708 255 244 25 255
2146 2755 255 186 25 255
2147 2148 25 255 112 255
2147 2720 25 255 92 255
2148 2645 25 255 148 255
2148 2720 25 255 109 255
2148 2767 25 255 128 255
2149 2295 25 255 230 255
2149 2383 25 255 201 255
2149 2646 25 255 187 255
2150 2151 25 255 53 255
2150 2362 25 255 47 255
2150 2796 25 255 69 255
2151 2362 25 255 41 255
2151 2796 25 255 63 255
2155 2645 25 255 137 255
2155 2718 25 255 103 255
2155 2737 25 255 129 255
2155 2767 25 255 118 255
2155 2802 25 255 78 255
2156 2191 159 255 25 255
2156 2386 131 255 25 255
2156 2546 117 255 25 255
2156 2735 143 255 25 255
2156 2758 79 255 25 255
2158 2551 25 25 255 255
2158 2761 25 33 255 255
2159 2246 25 255 85 255
2159 2482 25 255 86 255
2159 2543 25 255 80 255
2162 2322 25 103 255 255
2164 2412 25 255 79 255
2165 2242 116 255 25 255
2165 2540 98 255 25 255
2165 2596 115 255 25 255
2165 2643 104 255 25 255
2168 2270 25 59 255 255
2170 2191 168 255 25 255
2170 2469 128 255 25 255
2170 2523 143 255 25 255
2170 2624 128 255 25 255
2170 2795 162 255 25 255
2172 2281 25 29 255 255
2173 2190 25 212 255 255
2173 2678 25 209 255 255
2174 2726 25 137 255 255
2175 2256 25 161 255 255
2175 2650 25 154 255 255
2175 2669 25 161 255 255
2177 2356 25 255 173 255
2177 2460 25 255 157 255
2178 2272 25 255 107 255
2179 2261 121 255 25 255
2180 2677 58 25 255 255
2181 2208 25 255 34 255
2181 2347 28 255 25 255
2181 2510 25 255 42 255
2182 2461 25 155 255 255
2182 2650 25 148 255 255
2182 2669 25 154 255 255
2182 2675 25 155 255 255
2184 2205 25 255 132 255
2185 2208 25 255 36 255
2185 2277 25 255 44 255
2185 2475 25 255 28 255
2185 2573 25 255 39 255
2187 2640 25 255 125 255
2188 2685 92 255 25 255
2190 2290 25 197 255 255
2191 2735 173 255 25 255
2191 2795 183 255 25 255
2192 2306 25 255 153 255
2192 2355 25 255 81 255
2192 2529 25 255 86 255
2193 2213 25 56 255 255
2194 2379 139 255 25 255
2194 2470 136 255 25 255
2195 2215 25 30 255 255
2195 2263 25 42 255 255
2196 2422 25 255 208 255
2196 2552 25 255 191 255
2196 2699 25 255 211 255
2196 2705 25 255 196 255
2197 2357 25 255 136 255
2198 2387 25 255 86 255
2198 2539 25 255 91 255
2198 2607 25 255 95 255
2199 2757 35 25 255 255
2200 2349 25 196 255 255
2200 2439 25 183 255 255
2200 2587 25 175 255 255
2201 2456 194 255 25 255
2204 2451 25 255 156 255
2204 2552 25 255 169 255
2204 2578 25 255 160 255
2204 2656 25 255 165 255
2206 2395 207 255 25 255
2208 2277 25 255 41 255
2208 2347 29 255 25 255
2208 2739 25 255 28 255
2209 2385 236 255 25 255
2209 2393 231 255 25 255
2210 2261 106 255 25 255
2210 2530 108 255 25 255
2212 2458 25 216 255 255
2213 2586 25 62 255 255
2215 2787 25 39 255 255
2216 2780 25 212 255 255
2217 2611 25 116 255 255
2218 2463 25 255 50 255
2218 2718 25 255 63 255
2218 2802 25 255 38 255
2219 2220 58 255 25 255
2220 2689 34 255 25 255
2221 2780 25 237 255 255
2222 2264 25 255 204 255
2222 2382 25 255 205 255
2222 2563 25 255 234 255
2222 2791 25 255 202 255
2224 2701 25 255 82 255
2224 2730 25 255 71 255
2224 2775 25 255 96 255
2225 2372 25 255 74 255
2225 2515 25 255 63 255
2226 2291 25 255 36 255
2226 2416 25 255 31 255
2227 2465 201 255 25 255
2227 2466 199 255 25 255
2228 2396 25 255 94 255
2228 2424 25 255 83 255
2228 2446 25 255 70 255
2229 2349 25 204 255 255
2229 2439 25 191 255 255
2230 2310 25 255 100 255
2230 2373 25 255 138 255
2230 2558 25 255 92 255
2231 2366 25 105 255 255
2235 2507 25 255 169 255
2235 2775 25 255 123 255
2236 2323 170 255 25 255
2237 2532 25 255 97 255
2238 2691 186 255 25 255
2238 2781 182 255 25 255
2239 2242 124 255 25 255
2239 2271 119 255 25 255
2239 2380 112 255 25 255
2239 2605 128 255 25 255
2240 2409 64 255 25 255
2241 2432 203 255 25 255
2242 2380 114 255 25 255
2242 2596 126 255 25 255
2242 2605 130 255 25 255
2243 2307 25 255 81 255
2243 2631 25 255 63 255
2245 2430 132 255 25 255
2245 2562 126 255 25 255
2246 2543 25 255 78 255
2247 2401 25 255 227 255
2247 2447 25 255 232 255
2247 2560 25 255 251 255
2247 2621 25 255 238 255
2248 2506 25 255 219 255
2248 2619 25 255 222 255
2250 2312 25 255 245 255
2250 2654 25 255 233 255
2251 2331 25 206 255 255
2251 2406 25 188 255 255
2252 2253 218 255 25 255
2252 2519 226 255 25 255
2252 2708 251 255 25 255
2252 2800 255 250 25 255
2253 2519 225 255 25 255
2253 2746 226 255 25 255
2256 2650 25 151 255 255
2257 2478 89 255 25 255
2258 2354 46 25 255 255
2258 2572 25 36 255 255
2259 2787 25 58 255 255
2261 2530 102 255 25 255
2263 2322 25 81 255 255
2264 2346 25 255 185 255
2264 2382 25 255 187 255
2264 2791 25 255 183 255
2265 2368 25 74 255 255
2265 2598 25 69 255 255
2268 2327 25 255 165 255
2268 2473 25 255 161 255
2268 2528 25 255 202 255
2269 2435 25 255 153 255
2269 2662 25 255 152 255
2269 2753 25 255 172 255
2270 2325 25 65 255 255
2272 2688 25 255 113 255
2273 2419 25 255 119 255
2274 2728 31 25 255 255
2275 2411 158 255 25 255
2275 2514 163 255 25 255
2275 2760 165 255 25 255
2275 2766 155 255 25 255
2277 2573 25 255 44 255
2278 2279 25 254 255 255
2278 2693 25 255 243 255
2279 2589 25 233 255 255
2279 2693 25 255 254 255
2280 2707 255 174 25 255
2283 2500 147 255 25 255
2285 2329 25 255 124 255
2285 2330 25 255 114 255
2286 2287 25 216 255 255
2286 2673 25 206 255 255
2287 2397 25 180 255 255
2287 2673 25 188 255 255
2288 2387 25 255 100 255
2288 2484 25 255 108 255
2289 2311 178 255 25 255
2291 2697 25 255 42 255
2292 2310 25 255 114 255
2292 2373 25 255 151 255
2292 2688 25 255 125 255
2293 2773 133 255 25 255
2295 2359 25 224 255 255
2295 2383 25 255 234 255
2296 2725 25 39 255 255
2297 2373 25 255 203 255
2297 2682 25 255 233 255
2297 2732 25 255 240 255
2298 2361 155 255 25 255
2298 2709 155 255 25 255
2299 2435 25 255 113 255
2299 2555 25 255 91 255
2303 2508 25 255 235 255
2303 2784 25 255 187 255
2305 2658 228 255 25 255
2307 2433 25 255 107 255
2307 2631 25 255 86 255
2308 2449 25 235 255 255
2309 2338 160 255 25 255
2310 2373 25 255 138 255
2310 2558 25 255 92 255
2313 2600 100 255 25 255
2313 2632 88 255 25 255
2314 2387 25 255 79 255
2314 2484 25 255 86 255
2315 2437 150 255 25 255
2315 2729 150 255 25 255
2316 2397 25 133 255 255
2316 2690 25 126 255 255
2317 2674 25 255 246 255
2317 2731 25 255 245 255
2318 2715 25 255 43 255
2319 2673 25 210 255 255
2321 2373 25 255 200 255
2321 2516 25 255 245 255
2321 2682 25 255 230 255
2321 2771 25 255 241 255
2325 2592 25 118 255 255
2326 2469 113 255 25 255
2326 2470 122 255 25 255
2326 2523 129 255 25 255
2326 2613 93 255 25 255
2327 2333 25 255 130 255
2327 2528 25 255 191 255
2329 2330 25 255 108 255
2329 2463 25 255 96 255
2330 2364 25 255 96 255
2330 2463 25 255 86 255
2331 2398 25 227 255 255
2331 2406 25 203 255 255
2332 2487 212 255 25 255
2333 2372 25 255 94 255
2333 2444 25 255 87 255
2339 2398 25 245 255 255
2339 2722 25 255 250 255
2341 2342 25 255 204 255
2342 2756 25 255 195 255
2343 2628 25 103 255 255
2343 2695 25 128 255 255
2345 2513 25 185 255 255
2346 2791 25 255 183 255
2347 2739 34 255 25 255
2349 2439 25 200 255 255
2349 2587 25 191 255 255
2351 2666 147 255 25 255
2352 2508 25 220 255 255
2353 2703 49 25 255 255
2353 2704 60 25 255 255
2355 2517 26 255 25 255
2355 2529 25 255 30 255
2358 2752 118 255 25 255
2360 2361 168 255 25 255
2360 2443 182 255 25 255
2360 2709 168 255 25 255
2361 2411 156 255 25 255
2361 2709 160 255 25 255
2367 2636 25 255 152 255
2367 2785 25 255 178 255
2368 2572 25 64 255 255
2368 2598 25 63 255 255
2368 2618 25 54 255 255
2370 2727 25 95 255 255
2371 2727 25 58 255 255
2372 2444 25 255 75 255
2372 2542 25 255 60 255
2373 2682 25 255 206 255
2373 2688 25 255 150 255
2373 2732 25 255 213 255
2374 2644 59 255 25 255
2374 2670 59 255 25 255
2374 2724 60 255 25 255
2375 2685 94 255 25 255
2377 2392 25 205 255 255
2378 2553 25 157 255 255
2379 2386 133 255 25 255
2379 2470 130 255 25 255
2381 2487 215 255 25 255
2381 2759 204 255 25 255
2383 2532 25 255 179 255
2384 2415 25 255 154 255
2385 2393 243 255 25 255
2385 2557 255 253 25 255
2386 2663 122 255 25 255
2387 2484 25 255 92 255
2388 2576 25 255 253 255
2388 2732 25 255 251 255
2389 2782 25 255 125 255
2390 2564 25 242 255 255
2394 2657 25 130 255 255
2396 2423 25 255 92 255
2397 2673 25 171 255 255
2398 2417 25 232 255 255
2400 2640 25 255 100 255
2401 2447 25 255 217 255
2401 2477 25 255 208 255
2401 2621 25 255 222 255
2402 2554 96 255 25 255
2403 2418 25 209 255 255
2405 2654 25 255 210 255
2408 2714 25 255 71 255
2409 2637 132 255 25 255
2410 2476 25 252 255 255
2412 2444 25 255 69 255
2412 2758 25 255 47 255
2413 2790 25 255 113 255
2414 2627 25 255 167 255
2414 2791 25 255 169 255
2418 2603 25 209 255 255
2420 2488 25 255 61 255
2420 2489 25 255 102 255
2423 2424 25 255 81 255
2424 2446 25 255 60 255
2425 2500 202 255 25 255
2426 2612 255 244 25 255
2427 2638 254 255 25 255
2427 2664 237 255 25 255
2430 2468 130 255 25 255
2430 2509 143 255 25 255
2434 2469 80 255 25 255
2434 2613 61 255 25 255
2434 2615 63 255 25 255
2435 2662 25 255 127 255
2436 2793 255 213 25 255
2437 2679 160 255 25 255
2437 2729 154 255 25 255
2443 2696 197 255 25 255
2443 2709 175 255 25 255
2443 2716 192 255 25 255
2445 2603 25 209 255 255
2445 2617 25 201 255 255
2446 2681 32 255 25 255
2447 2477 25 255 213 255
2448 2643 92 255 25 255
2448 2680 74 255 25 255
2450 2454 255 228 25 255
2451 2584 25 255 148 255
2451 2656 25 255 165 255
2454 2518 255 209 25 255
2456 2716 195 255 25 255
2461 2669 25 158 255 255
2461 2675 25 158 255 255
2463 2720 25 255 81 255
2465 2466 183 255 25 255
2467 2537 25 255 61 255
2468 2509 135 255 25 255
2468 2774 137 255 25 255
2469 2523 123 255 25 255
2469 2613 88 255 25 255
2469 2615 91 255 25 255
2469 2624 108 255 25 255
2471 2513 25 216 255 255
2473 2579 25 255 148 255
2476 2660 25 255 254 255
2478 2639 88 255 25 255
2481 2740 32 255 25 255
2486 2530 93 255 25 255
2486 2533 69 255 25 255
2487 2759 201 255 25 255
2487 2788 205 255 25 255
2488 2489 25 255 48 255
2489 2694 25 255 81 255
2490 2748 25 240 255 255
2491 2560 25 255 242 255
2492 2625 189 255 25 255
2492 2647 182 255 25 255
2492 2706 190 255 25 255
2494 2557 240 255 25 255
2494 2606 217 255 25 255
2494 2751 222 255 25 255
2495 2637 169 255 25 255
2500 2601 214 255 25 255
2501 2639 93 255 25 255
2502 2713 57 255 25 255
2503 2796 25 255 112 255
2504 2703 25 34 255 255
2504 2717 25 44 255 255
2506 2602 25 255 212 255
2506 2619 25 255 228 255
2507 2804 25 255 200 255
2509 2774 149 255 25 255
2510 2715 25 255 48 255
2511 2512 127 255 25 255
2512 2630 139 255 25 255
2512 2712 138 255 25 255
2513 2563 25 230 255 255
2514 2590 158 255 25 255
2516 2771 25 246 255 255
2519 2746 234 255 25 255
2524 2594 25 255 236 255
2524 2649 25 227 255 255
2525 2702 25 174 255 255
2526 2561 25 255 33 255
2526 2769 25 255 37 255
2527 2675 25 162 255 255
2527 2702 25 165 255 255
2530 2533 80 255 25 255
2531 2798 108 255 25 255
2537 2546 55 255 25 255
2539 2607 25 255 98 255
2540 2643 96 255 25 255
2541 2616 25 217 255 255
2542 2613 41 255 25 255
2546 2735 130 255 25 255
2548 2768 26 25 255 255
2550 2644 38 255 25 255
2551 2761 25 32 255 255
2552 2578 25 255 173 255
2552 2656 25 255 178 255
2552 2705 25 255 188 255
2553 2633 25 161 255 255
2557 2751 247 255 25 255
2559 2623 25 255 92 255
2559 2737 25 255 119 255
2561 2721 31 255 25 255
2561 2769 25 255 28 255
2567 2658 255 248 25 255
2568 2657 25 157 255 255
2574 2599 252 255 25 255
2574 2746 248 255 25 255
2582 2633 25 178 255 255
2586 2734 25 59 255 255
2586 2744 25 38 255 255
2589 2657 25 179 255 255
2590 2642 141 255 25 255
2590 2759 171 255 25 255
2591 2665 25 131 255 255
2595 2672 25 255 172 255
2596 2643 114 255 25 255
2597 2748 25 255 254 255
2599 2746 239 255 25 255
2600 2632 110 255 25 255
2601 2801 237 255 25 255
2603 2617 25 203 255 255
2605 2773 135 255 25 255
2606 2751 225 255 25 255
2609 2754 25 39 255 255
2611 2768 25 49 255 255
2614 2666 148 255 25 255
2614 2765 151 255 25 255
2615 2624 92 255 25 255
2623 2738 25 255 97 255
2625 2664 196 255 25 255
2628 2749 25 72 255 255
2630 2641 129 255 25 255
2630 2686 127 255 25 255
2630 2712 146 255 25 255
2630 2723 125 255 25 255
2636 2785 25 255 199 255
2641 2686 109 255 25 255
2641 2723 107 255 25 255
2645 2767 25 255 147 255
2647 2706 182 255 25 255
2650 2669 25 151 255 255
2650 2695 25 138 255 255
2652 2678 25 212 255 255
2670 2724 46 255 25 255
2671 2743 25 255 178 255
2671 2764 25 255 175 255
2675 2702 25 161 255 255
2677 2728 43 25 255 255
2682 2771 25 255 247 255
2683 2792 25 255 160 255
2691 2781 182 255 25 255
2692 2706 187 255 25 255
2692 2745 186 255 25 255
2696 2716 200 255 25 255
2703 2717 25 42 255 255
2708 2800 255 219 25 255
2711 2763 25 248 255 255
2718 2767 25 255 113 255
2718 2802 25 255 73 255
2721 2724 41 255 25 255
2732 2771 25 255 254 255
2734 2744 25 37 255 255
2747 2786 25 255 142 255
2759 2788 194 255 25 255
2760 2766 157 255 25 255
2778 2800 255 223 25 255
2795 2798 157 255 25 255
TRANSFORM
0 0 600
0 0 0
5 5 5