VERTICES 1400
64.150 -32.935 -10.902
35.861 10.816 -2.728
40.880 22.714 19.260
-7.701 -21.748 -11.390
45.654 -13.676 3.238
-41.869 -9.676 7.357
-35.588 -44.796 13.370
79.287 -1.922 3.718
72.912 49.142 -7.963
-52.474 26.511 -21.403
-46.384 -31.174 14.679
-53.859 -22.939 7.436
48.388 38.559 28.189
-20.300 23.848 -14.541
-35.700 34.603 29.691
-29.031 14.280 -6.770
-27.334 -41.177 8.419
84.465 4.958 -2.267
77.177 -27.385 -0.950
-33.542 -25.038 0.127
-33.590 -56.449 6.614
-41.802 -56.138 8.253
35.737 41.310 -30.106
-39.692 20.757 -14.673
81.493 -24.721 -0.043
93.614 -22.427 -2.160
-9.875 -33.930 4.331
84.921 14.498 16.880
76.781 -22.986 -8.331
36.003 48.043 24.965
25.248 45.449 19.334
-17.791 -48.010 -20.510
2.372 37.520 20.073
2.611 52.267 26.531
38.670 -20.089 -25.226
40.981 -14.604 -22.938
-62.458 42.235 7.910
2.056 -41.254 -0.578
33.816 9.446 -8.424
55.084 -29.666 -1.198
64.651 -8.335 0.744
50.451 42.295 22.974
-4.628 -46.792 -4.067
55.736 13.686 22.433
-31.429 2.635 10.841
-47.675 42.560 31.576
-7.155 22.947 -25.751
-4.448 50.612 -13.598
62.308 2.375 -21.568
60.979 -8.967 -23.197
54.533 -39.736 -12.151
59.652 54.327 -4.816
67.845 33.944 8.866
44.471 31.549 32.349
33.956 46.995 23.513
-7.160 -54.357 1.698
-47.246 43.970 20.751
-15.854 55.344 -30.916
-22.697 -57.465 -25.231
-13.129 -35.814 -21.959
-38.914 -36.226 -11.097
23.561 37.334 -11.100
-36.516 -16.520 -13.947
-26.583 38.895 33.847
-17.893 53.807 4.472
-52.293 -54.459 -1.720
1.687 17.941 11.165
72.946 24.597 24.291
-50.909 -57.489 1.661
-13.442 56.269 -22.516
-57.722 46.907 -9.176
-66.208 -59.512 4.594
-33.940 55.897 12.588
-27.833 -14.751 -19.001
-33.427 -39.923 3.333
56.897 33.998 0.548
47.351 48.980 -38.521
-6.185 41.165 22.292
-15.208 -52.515 -26.061
15.243 8.711 -23.005
-39.130 -48.821 -19.302
-6.690 -37.646 2.720
-19.910 19.203 -0.559
-14.333 -63.471 1.709
55.558 14.431 28.083
56.524 23.966 28.613
-12.242 -63.002 0.653
-63.823 49.928 -16.579
77.489 -3.390 -10.839
91.784 -22.665 -6.455
-34.313 48.435 39.444
-65.630 31.155 2.654
-37.411 55.246 -3.650
96.885 -30.025 2.383
51.848 8.997 -24.626
-41.724 -14.134 -7.382
-69.673 -44.224 -0.572
-61.349 -50.620 20.256
67.741 8.627 -3.342
-37.420 51.198 18.324
-44.754 16.111 -14.351
-70.014 -32.013 22.308
-62.216 46.053 -25.183
-19.562 -22.765 6.965
-48.064 35.130 24.029
-23.775 -36.462 -27.677
-6.306 19.742 -22.325
-29.769 -27.399 5.809
74.727 -20.966 -4.906
49.540 47.964 -31.965
73.493 -14.315 -7.466
74.484 -13.895 -4.875
38.354 52.305 13.957
-29.687 53.299 -2.103
-69.055 -57.232 6.405
94.797 -16.083 -3.078
-32.628 11.921 12.972
-59.862 -25.318 21.687
27.516 49.915 11.045
53.105 13.569 18.098
65.826 -23.081 -7.227
-38.033 -27.988 8.730
-72.679 -34.756 17.740
71.698 55.555 14.583
37.301 28.302 5.587
-25.174 44.610 25.737
44.077 24.312 16.149
79.917 45.128 6.566
79.658 44.659 4.022
-70.199 -30.238 6.746
-39.566 -37.179 -13.322
-4.458 -59.956 -19.343
-60.604 16.755 12.748
43.748 10.853 19.983
-66.713 -22.764 26.278
50.083 21.316 1.837
-14.296 -3.317 -8.923
-12.371 37.291 -22.162
-64.020 -32.300 1.193
-62.034 -29.431 0.111
-67.377 -57.421 9.842
-18.710 -73.112 -12.043
80.398 34.269 27.076
-32.297 55.482 -11.732
-11.820 -37.667 4.596
84.489 -16.447 -11.555
-15.459 -62.843 -11.018
27.057 41.165 3.392
-6.057 -40.695 0.887
-15.690 -47.324 5.522
21.417 49.426 12.907
33.964 30.376 -24.678
-15.222 16.349 -3.498
74.976 13.998 16.523
31.090 -37.554 -9.971
31.606 47.383 7.902
-44.971 -40.256 15.033
58.861 18.142 -8.516
-55.675 25.109 -14.148
2.787 48.707 1.659
-80.947 -25.389 4.416
-23.315 -37.352 8.140
41.278 26.400 25.815
-53.741 -45.708 -8.505
50.674 2.791 16.966
25.623 35.215 5.311
-58.269 -30.992 12.503
53.089 24.384 -18.860
41.001 48.900 -34.340
-19.654 -24.613 5.443
68.289 -20.612 -13.387
50.779 34.758 23.780
44.515 44.858 20.064
21.212 46.983 22.270
-27.722 -45.900 -26.046
-3.526 45.531 23.624
81.554 -6.244 -3.692
-15.234 -45.370 3.928
-4.892 -27.738 -15.283
-7.085 -31.403 -11.551
20.440 -4.351 3.622
-64.740 -55.763 12.245
25.037 46.261 8.020
-77.393 -51.690 0.122
10.881 -71.083 -21.581
-61.591 43.767 -27.272
-38.004 -40.913 -5.275
-74.037 -57.143 6.722
-49.947 -20.973 -10.479
-61.707 -23.835 -4.459
-24.257 -68.824 -13.049
29.674 -6.291 -17.980
9.346 -26.712 -9.314
-3.232 31.268 18.633
-70.942 -49.052 -2.369
5.351 41.782 -11.975
52.626 39.292 -27.430
-33.316 16.625 15.667
-26.856 21.165 -6.533
-13.814 52.236 15.068
26.041 49.436 7.097
-39.781 -36.319 -1.557
-57.472 41.145 -19.253
-12.754 -6.648 -11.121
-59.172 -34.523 16.500
-39.868 -35.918 -6.431
-42.612 -21.238 -13.989
23.467 50.378 8.248
46.731 7.978 25.466
-53.198 -49.976 9.659
-8.021 -44.267 -14.916
-32.465 -39.456 -20.199
67.120 40.185 3.167
-23.426 55.885 -18.689
-55.081 -44.391 2.444
-32.300 -48.379 -22.876
-17.707 27.367 16.500
75.949 44.860 -1.032
48.550 25.728 -25.589
100.000 -18.880 -1.187
-68.446 50.257 -18.268
-46.730 38.957 -20.646
-47.505 40.321 -15.115
-13.145 -12.940 -14.570
-29.739 40.559 -26.437
40.661 53.707 -39.352
-43.944 -26.517 -9.654
-23.264 -64.525 -7.707
8.982 -22.579 -2.386
-23.636 54.674 -30.159
-56.461 44.059 15.885
39.034 -37.678 -15.793
-81.560 -27.644 7.423
-22.009 -55.775 -1.207
63.223 13.489 -8.351
2.274 -30.537 -1.667
-11.833 10.449 -9.178
-60.026 36.620 16.052
-46.210 -34.099 4.323
-32.301 -24.094 12.123
43.301 49.184 20.844
-39.673 -31.497 -16.988
-33.288 13.322 -11.463
24.692 -7.913 -23.490
-10.793 -34.723 -26.950
33.528 -42.788 -13.154
34.983 -41.234 -13.077
-42.060 38.819 43.973
-2.022 22.786 14.172
-33.558 -32.916 10.861
-9.623 -57.626 -14.956
-11.851 -56.234 -13.469
-34.834 -18.896 2.369
-44.000 -51.916 10.052
45.673 54.123 31.786
-27.482 33.539 33.032
46.303 35.950 15.353
49.014 -5.640 13.525
-54.088 -23.798 19.014
-57.869 -50.855 20.126
22.892 3.919 -16.999
54.268 56.140 20.423
24.288 -15.015 -25.624
-33.785 -25.476 -19.807
80.005 46.100 23.011
75.299 48.995 24.921
-53.197 1.748 10.805
-63.348 -32.394 18.769
-2.948 54.277 1.025
-61.874 -27.473 -2.615
53.392 23.255 22.479
45.615 13.188 17.849
49.455 7.782 23.940
51.765 28.680 20.622
-53.036 -48.597 14.446
-47.604 -48.530 14.518
20.654 45.244 27.023
27.496 45.950 26.463
53.353 -34.712 -14.646
30.062 48.215 11.678
-49.976 -29.862 -11.118
78.772 -10.724 -3.225
83.925 -8.437 -4.655
-71.069 -44.603 3.814
70.879 -21.241 -9.247
-15.921 28.943 16.393
-23.124 -61.805 -26.646
41.609 48.744 20.639
-65.610 -50.769 8.428
-69.833 -51.812 10.306
-7.081 -51.834 -3.356
36.611 -7.821 -8.672
34.605 -7.436 -11.220
-40.057 16.820 18.546
-29.492 52.493 -16.502
98.378 -18.560 -4.235
86.928 -13.872 -3.046
-38.908 42.346 39.820
-51.881 11.602 16.029
96.258 -12.517 -4.008
5.094 -41.418 -4.251
76.360 35.273 6.164
-17.254 -25.836 5.897
-60.534 -44.399 17.599
-61.273 -44.064 15.270
15.946 25.527 -9.027
49.202 -39.784 -12.076
-65.506 22.568 5.313
27.058 35.087 0.244
-69.968 -43.932 2.230
14.182 -37.291 -12.655
-12.677 -46.510 -30.378
-45.023 -25.357 1.120
-3.889 -33.837 -16.297
10.591 0.198 -25.061
45.057 50.393 -31.057
88.049 -26.795 -5.442
-18.723 41.219 -28.012
-66.547 -50.992 0.101
-28.220 50.904 29.773
-28.465 44.961 21.428
8.748 26.657 8.136
47.728 21.270 17.287
41.035 56.758 -11.024
43.559 44.779 22.643
46.100 41.553 23.127
27.464 -35.435 -4.467
-51.528 -46.959 19.868
-61.683 8.493 3.713
35.611 56.171 -0.777
-31.578 -33.837 -20.609
-46.198 -34.316 1.253
-8.784 -35.000 -5.448
-6.544 -27.531 -1.225
-5.055 -30.489 0.388
51.087 25.369 21.089
-46.241 -57.593 1.427
24.629 38.078 -3.096
50.549 18.066 18.417
-46.311 43.802 -24.715
-54.884 43.416 -26.173
-56.313 43.436 -22.672
-29.396 48.626 36.302
-35.914 -41.884 -21.912
-70.601 -48.794 7.363
-3.161 48.560 11.001
-37.673 -50.196 9.630
5.871 -13.281 2.602
37.944 35.137 -32.016
-35.953 -36.952 -18.935
20.078 -34.604 -10.210
-67.839 -57.901 15.949
-42.277 22.478 -22.856
-2.793 52.697 13.729
71.852 44.677 -4.352
-2.104 50.742 29.089
81.177 -0.895 -7.209
-34.567 35.776 37.231
-7.838 -28.444 -2.794
-31.147 -25.756 11.628
-28.468 53.750 15.938
-59.780 -39.613 16.479
17.148 50.436 16.328
45.618 -37.524 -15.111
-10.658 29.410 -26.384
-60.616 -31.534 17.590
50.900 30.460 16.790
-27.838 -58.880 -6.077
52.668 24.610 33.187
51.481 31.707 1.269
-62.236 -32.373 12.558
1.608 -17.332 -8.036
-6.952 38.091 14.886
35.034 52.263 -16.495
46.257 28.641 3.751
-44.008 2.646 14.075
-25.379 27.286 -16.969
-76.252 -32.989 15.313
-25.588 42.574 30.874
-67.458 -49.587 10.771
3.627 -52.630 -1.665
-67.562 -29.023 23.861
-39.785 -22.637 -15.198
-10.920 -53.477 -33.220
-65.629 28.424 7.420
-16.284 55.935 -13.326
-61.692 -30.619 14.489
66.983 56.384 6.337
-33.688 -25.194 14.274
-39.069 -23.834 13.587
33.882 53.693 24.962
5.433 -26.576 -12.146
8.889 22.278 -21.547
47.478 0.789 18.689
-6.498 -52.291 0.457
64.417 30.506 8.119
-4.574 -40.296 -16.168
73.293 -18.625 -9.601
-9.958 41.852 -29.703
47.850 -12.010 -24.254
44.008 54.916 9.387
-65.534 -30.128 5.389
-65.852 -30.083 3.234
41.133 -9.488 -19.333
40.041 50.860 18.342
-68.938 -48.200 -5.463
25.524 -36.511 -15.227
-67.873 -53.779 21.346
-45.122 -53.999 -12.567
-42.628 -23.193 -15.873
43.519 27.307 28.905
-9.926 -35.326 -17.566
-59.576 -47.916 -1.989
-63.286 20.236 -6.326
97.920 -30.119 -0.274
19.491 -16.921 -25.618
41.633 -40.919 -12.401
-43.663 -26.895 11.572
-21.945 7.009 -5.668
39.403 54.089 -37.199
-7.927 -44.717 -33.376
-6.476 -42.334 -34.241
-17.331 12.790 -5.430
-5.103 43.992 -19.555
-73.026 -49.584 3.418
-5.611 -38.140 -15.921
67.321 -28.794 -10.673
-5.228 -32.190 -15.504
41.843 53.879 0.679
-17.453 21.692 11.173
50.499 43.081 -29.477
43.123 46.037 -35.277
48.264 -32.917 -20.560
59.610 21.941 -2.767
-36.172 -53.476 -18.442
83.179 -24.778 -8.104
49.630 30.087 19.227
70.091 12.305 1.533
70.075 16.469 3.035
-8.326 52.537 12.306
65.493 6.149 -14.924
46.674 24.045 34.143
41.878 29.145 24.816
36.725 30.774 21.610
-23.519 -43.652 -28.876
36.534 -34.507 -0.932
-57.513 29.377 17.506
-60.231 -21.770 22.814
54.673 34.738 -7.168
-42.869 -32.211 -6.464
48.654 11.716 3.935
-43.496 -12.827 -0.873
-36.480 -25.530 -7.475
-37.921 -25.812 -5.496
43.440 20.248 23.230
49.366 -35.787 -9.044
-72.459 -27.221 19.634
88.922 17.578 11.756
48.688 12.593 31.637
55.321 15.877 21.240
-8.577 -11.780 -12.181
65.071 14.347 -3.534
37.065 -10.259 -18.302
-15.328 -52.281 -12.631
31.234 47.213 -33.356
-68.475 -54.396 3.585
-66.223 -54.589 0.488
77.559 55.425 1.960
60.866 12.928 -17.703
-57.725 47.080 11.498
-62.590 50.756 -23.210
-15.165 -18.971 -19.723
46.942 -27.949 -24.266
61.544 -22.839 -0.786
-50.089 -52.447 -13.242
-7.152 0.295 -5.842
-53.591 -52.202 -12.667
-8.270 55.273 -11.942
-21.658 42.359 -25.257
5.677 45.984 22.500
38.536 43.866 17.150
55.590 28.254 -0.441
29.778 20.286 -19.392
80.294 -25.232 -0.502
-13.324 -33.074 -20.935
-68.786 -51.249 13.942
-37.904 55.366 22.716
21.835 -39.224 -13.015
-23.127 -48.340 -26.093
15.514 -26.218 -21.145
71.036 0.482 -2.754
-29.177 -23.053 -18.122
-56.528 -53.305 4.745
-61.178 -30.554 -0.982
84.120 24.586 4.139
71.541 -7.717 -5.870
27.186 44.392 9.253
26.884 -41.759 -12.151
-29.717 28.804 -18.635
-22.105 -54.370 4.198
7.236 42.373 -1.334
-38.702 -26.473 -10.095
6.711 -6.522 5.290
-15.072 -8.039 -6.517
82.405 -7.920 -8.664
25.763 38.956 7.210
-44.370 37.369 40.537
-45.329 45.328 39.392
-64.481 37.225 5.720
73.313 37.804 6.532
-18.863 19.558 -7.836
62.277 53.523 14.039
-19.151 53.789 -16.387
70.596 23.795 7.062
-41.050 -36.820 -12.887
-63.151 50.422 -11.396
-61.708 44.399 -14.942
-10.418 9.211 -4.697
-59.098 -32.688 14.523
-34.310 -40.839 3.100
40.728 -37.898 -9.580
96.823 -11.978 -1.783
64.700 -24.114 -14.538
52.331 31.907 24.445
44.250 -7.633 11.265
-54.430 -51.798 0.077
16.333 -27.217 -0.275
11.626 -18.951 2.879
-6.316 -30.295 -2.653
48.825 38.276 23.711
-3.109 55.411 29.245
-11.995 14.094 1.193
20.406 44.009 19.207
-39.819 -56.434 3.344
39.255 -6.372 -9.788
43.889 -2.483 -20.102
-65.354 -31.374 2.037
-43.129 33.048 21.498
53.332 47.263 -23.410
-24.046 52.923 34.895
6.212 -67.476 -22.921
-57.224 50.541 -28.961
71.458 -7.823 -10.612
-22.674 -21.531 -21.454
40.550 -42.666 -12.943
-8.401 -35.505 1.922
-27.131 32.656 25.334
-11.293 -37.017 -25.961
53.313 35.865 17.333
43.145 15.717 25.267
-63.758 16.056 4.795
-71.325 -21.414 0.084
-18.984 -34.348 -28.258
52.161 21.421 20.281
44.304 45.520 21.720
-37.495 -34.889 5.961
-10.366 -26.226 2.607
-31.842 -36.479 10.158
66.558 13.777 -4.096
-9.515 -39.255 -11.509
-25.556 -62.732 -28.050
36.228 47.154 -34.407
-65.517 45.476 -19.388
3.274 16.445 9.870
-3.167 -36.516 -3.073
-38.172 -35.322 8.686
-67.242 -29.814 4.212
78.315 40.358 5.087
-13.518 -30.975 -24.178
-26.172 -52.578 7.044
54.922 -27.598 -21.711
-16.638 -12.254 1.618
-6.680 47.169 -25.944
-12.074 56.173 18.421
49.237 9.281 14.139
-24.663 -45.435 8.929
-24.773 -30.863 -26.281
-10.153 -42.249 -6.196
-30.791 1.582 -15.880
-34.099 -28.114 8.076
43.031 39.118 -28.348
45.164 19.462 19.254
59.917 -36.968 -11.495
54.558 19.505 22.722
47.172 24.309 -24.149
60.936 -15.478 2.540
73.803 -12.835 -10.209
-70.015 -32.432 1.838
-3.163 -38.412 -3.159
-55.149 48.897 -8.545
0.584 36.054 21.190
48.186 52.077 -14.528
-21.041 15.895 -4.254
-67.577 -30.785 5.897
-43.734 39.232 35.361
-72.355 -31.822 5.023
-61.442 51.293 -13.332
-74.602 -53.228 -0.491
74.551 17.282 2.928
46.022 42.308 20.199
-11.713 -30.457 -25.295
-80.828 -24.151 7.263
-68.308 -47.863 4.349
-9.374 17.627 8.252
-14.776 44.294 -28.475
-12.666 -48.410 -27.741
-51.036 -44.148 -9.578
-64.105 41.304 -18.287
-52.205 17.352 -14.246
-32.848 8.580 -13.660
-64.306 -24.756 19.448
61.354 48.102 28.233
66.250 -2.437 -18.657
-51.618 -51.751 5.219
48.385 37.670 18.915
51.327 -20.559 -24.924
-19.952 -44.560 5.414
-48.498 -36.265 -10.054
20.759 50.630 15.894
-76.421 -25.734 7.113
45.832 -33.353 -1.228
42.674 -5.826 -2.357
15.016 -31.486 -9.848
8.445 -32.711 -12.723
-61.346 -41.054 -2.735
-19.857 -65.605 -10.707
39.761 40.415 -36.810
-69.324 -30.633 3.737
46.476 2.626 11.346
-26.997 16.179 0.500
-37.309 -20.132 -7.551
-27.896 -25.003 9.079
-16.929 -24.790 2.340
1.905 43.928 23.780
47.228 41.111 -29.173
20.611 52.364 18.929
27.546 51.565 20.180
61.640 -21.648 -20.488
48.517 3.821 -24.379
-73.330 -25.742 25.229
-84.576 -37.766 16.528
44.468 11.635 18.498
-16.010 -54.294 -12.005
45.694 46.447 -38.124
-36.091 -26.913 -12.765
-68.969 51.991 -19.299
-43.312 -24.221 16.236
-32.662 39.601 35.899
-5.618 4.562 -16.091
-68.387 -29.439 0.655
-39.495 -40.455 -8.149
74.087 52.746 7.596
-8.345 -28.866 -1.858
61.814 36.700 26.655
-52.040 -4.710 -4.072
67.494 39.755 29.089
-10.427 12.640 1.258
46.379 7.601 12.502
52.251 -9.186 -25.070
-74.546 -29.665 23.461
32.386 35.539 -28.788
-64.820 -32.532 8.880
-19.096 -53.360 4.973
43.423 46.524 19.794
-61.198 29.958 14.815
39.555 34.781 -26.110
46.638 16.808 27.588
87.262 21.248 5.640
80.558 17.238 20.419
42.985 14.900 20.548
21.968 48.763 30.408
-7.926 -31.006 -31.066
69.982 -10.689 -6.608
60.107 -34.223 -11.342
47.855 35.266 18.038
20.728 52.419 7.085
-42.210 -47.458 11.511
-65.685 -38.675 1.000
37.168 42.794 22.656
47.384 36.923 18.302
72.222 10.351 3.882
23.543 -0.600 -2.478
-22.599 9.548 -4.972
-61.845 -57.561 12.089
-22.585 47.614 -29.520
54.876 28.807 -3.477
-6.046 -44.628 -31.592
50.406 28.692 21.546
-0.455 -48.515 -4.170
41.543 25.455 4.148
55.414 -37.642 -11.987
52.635 56.702 -6.588
29.653 -9.824 -1.434
10.261 -18.923 -21.758
-24.753 -30.085 8.414
-9.288 47.720 -30.622
-48.280 54.637 9.412
-5.776 12.291 -20.719
-12.268 17.782 -17.199
52.322 30.639 22.318
51.782 32.742 24.182
-66.075 51.866 -26.380
-33.430 -8.295 9.525
21.637 -12.568 4.349
-0.498 -11.724 -5.507
53.008 20.122 21.454
-69.373 -41.602 2.416
-36.833 -22.849 -15.920
-63.313 -31.892 5.519
46.236 23.524 3.402
-41.593 -21.185 -15.550
-39.870 -33.704 -9.043
43.566 22.240 16.788
-7.111 46.773 27.839
5.751 5.933 8.092
-50.369 40.672 -19.796
46.682 23.367 16.998
43.257 47.132 22.636
-24.518 -7.290 6.686
-15.312 -53.946 2.252
25.005 27.856 -6.259
36.565 45.545 15.595
53.048 25.606 21.432
70.810 18.725 5.092
41.465 46.903 26.279
0.146 41.148 24.835
14.992 52.521 16.579
-48.826 51.325 15.053
-56.820 51.153 0.048
13.518 24.502 3.052
-57.215 43.754 -16.264
-48.560 9.059 -13.457
3.025 28.129 11.519
79.194 9.105 14.184
-22.461 1.576 -10.579
-15.568 -40.882 -29.103
-27.989 4.367 5.575
-32.435 -27.584 7.321
36.622 48.839 12.759
-6.695 31.200 14.587
-24.654 50.965 37.737
-38.131 -55.327 6.954
-56.030 21.313 17.860
-17.801 -54.348 -8.629
84.536 30.887 23.475
-34.719 -40.043 6.878
13.180 -30.073 -14.700
-57.589 -28.941 -1.299
45.020 22.851 17.143
-6.495 -42.013 -31.050
-76.598 -52.336 4.384
-70.347 -44.768 -4.240
25.128 -30.374 -22.927
33.142 45.089 -32.341
1.026 1.131 -22.270
3.470 8.270 -24.200
72.689 37.555 0.075
77.203 53.039 -5.739
73.419 1.928 4.804
18.526 52.702 9.081
-12.730 25.421 -20.917
1.208 -3.034 4.197
-2.275 2.148 4.216
-36.329 -37.485 -0.795
25.167 35.516 -2.416
25.258 24.004 -7.328
61.029 -16.238 -22.384
46.702 42.392 24.088
-50.038 -23.581 2.392
-56.281 -21.991 -4.899
62.517 17.996 -2.814
87.492 -26.238 0.397
-51.005 -24.691 -5.931
-15.712 -46.584 -31.429
-44.642 25.985 -25.479
-12.728 -3.800 -9.219
12.661 32.765 -8.092
-31.020 -40.431 6.176
47.363 24.833 17.809
-27.249 22.476 22.928
-62.520 -30.577 16.169
-52.360 -48.342 -3.040
-67.213 -25.884 26.983
-4.414 24.151 12.248
-22.206 -23.021 7.403
-31.569 48.649 19.530
-45.173 -34.426 3.395
-39.001 9.248 15.058
-21.665 -56.769 -6.029
-64.269 33.957 -4.164
51.055 32.176 20.733
48.291 19.382 17.864
-63.310 49.721 -21.701
-8.221 -29.946 -3.919
-76.367 -33.637 10.578
-37.881 -36.461 1.336
-49.462 -26.203 18.374
-78.456 -28.777 5.504
-15.595 -48.704 -30.247
-54.983 -43.790 12.414
-62.615 41.823 -0.843
-51.667 -38.756 -13.813
-42.893 -42.045 0.801
-47.061 -42.581 -0.892
-49.305 34.169 20.832
65.468 -11.057 -19.736
-7.914 3.183 -10.225
-43.793 -35.095 -2.262
-67.044 51.049 -11.449
-45.427 -9.866 3.143
38.825 -10.307 -3.106
51.373 -18.507 4.315
15.570 5.184 5.552
-13.568 -29.901 -24.444
68.487 26.322 8.723
-3.746 -29.598 -3.316
32.097 -23.035 3.630
-43.792 -33.370 -8.608
16.261 -35.465 -12.784
34.884 48.784 13.003
36.618 47.643 13.408
54.482 19.224 20.903
-32.743 -23.458 -15.008
-44.823 -35.993 -12.144
70.147 -24.355 -9.646
-27.503 -49.875 -27.298
-24.701 -52.732 -25.440
-9.804 38.906 -26.334
61.848 49.509 -20.211
50.562 36.036 24.644
-63.259 -31.533 1.996
38.748 -34.738 -20.846
55.518 -1.490 4.655
-43.204 -40.288 -7.816
-57.938 -52.443 1.414
54.468 -1.188 -24.671
28.501 32.652 1.630
42.268 19.449 3.188
50.665 29.454 18.719
-21.432 -41.610 5.915
40.463 -27.047 -25.878
68.966 2.347 -9.542
-24.912 4.900 -1.947
-27.878 -47.679 8.046
-45.475 -31.708 -5.700
-20.385 -54.352 -15.397
-22.025 -51.667 -19.832
-33.403 30.649 -24.739
-12.078 49.387 29.396
-48.994 -6.237 5.511
38.548 33.739 -30.074
-10.050 -23.125 -17.133
-46.486 54.802 33.047
-47.604 -9.531 -3.822
-30.535 55.214 33.719
63.764 8.367 -2.965
-13.171 7.244 -6.249
-12.197 3.762 -6.219
-37.636 53.028 38.420
-2.685 -15.786 -10.695
-16.068 54.948 -8.417
46.012 27.663 14.826
7.291 15.201 -23.974
-11.883 -46.728 -11.064
-54.469 -24.450 15.776
-65.234 50.277 -13.928
13.582 23.147 -17.497
-46.936 -42.703 3.707
-2.904 13.777 8.571
-10.086 -28.870 2.485
41.860 -18.183 3.416
37.775 34.899 -25.307
-49.414 -54.712 4.885
69.470 55.106 3.597
1.822 -31.140 -3.558
-16.624 52.317 22.651
-52.632 -29.602 12.378
44.423 18.188 19.006
-20.599 -61.558 -15.242
-38.985 -58.141 -8.411
76.829 -14.746 -12.388
44.349 -3.963 11.497
48.112 22.968 18.135
-18.288 -26.950 -21.815
88.849 -7.426 -4.176
72.285 -17.861 -8.765
67.589 -26.305 -10.161
-2.870 38.699 24.229
31.532 49.557 11.909
-12.172 -43.895 -16.878
85.398 3.323 2.482
-1.650 34.701 -21.658
-58.156 43.443 -9.080
20.330 47.930 11.889
-40.706 -53.730 11.616
-62.881 -29.513 3.337
64.551 -30.423 -10.828
-30.130 -54.828 -17.698
-51.047 -36.385 -11.816
43.668 0.899 13.142
-35.196 21.085 23.628
45.952 21.050 16.972
26.138 21.878 -8.201
14.626 53.648 27.674
46.015 16.940 17.621
50.561 32.398 -25.549
-20.707 45.162 -27.528
72.740 26.725 8.242
60.376 32.808 6.034
-40.007 -36.041 1.003
-61.769 44.650 -23.480
-42.594 36.556 26.399
17.569 20.895 -11.400
28.505 39.192 -26.343
-22.181 -15.049 5.508
35.509 34.706 -26.749
55.935 43.158 26.327
-0.319 51.689 -4.581
49.667 36.605 20.608
-8.510 -29.155 -5.326
1.412 -5.854 -19.935
-38.676 33.758 -26.981
-73.015 -34.817 5.909
76.964 -30.181 -3.068
-69.204 -48.360 6.184
-59.312 47.014 -30.126
4.438 -53.087 -4.218
-6.581 8.389 3.238
-49.661 -33.523 2.869
4.773 43.652 5.492
70.815 -4.921 -5.521
66.942 28.958 22.497
-39.171 -41.746 -2.886
-40.496 -34.193 7.974
-58.174 -34.596 15.687
3.912 -43.779 -1.736
-40.183 -26.739 -7.595
-44.176 -50.846 -15.852
28.496 -40.846 -13.747
-75.739 -31.247 5.185
-41.990 5.247 -14.423
-39.926 55.613 7.219
16.352 1.771 -24.301
32.042 13.012 -7.998
64.245 42.554 -2.191
67.345 42.865 -8.041
-34.419 -43.848 -21.584
-60.344 29.644 -10.368
52.204 25.978 22.585
-28.959 -25.986 -22.145
-6.974 -13.228 -13.061
51.865 37.875 -22.799
34.210 50.304 13.135
-19.046 -58.876 7.797
-54.523 31.400 -14.311
28.542 30.651 3.828
11.388 34.971 0.127
38.074 44.722 15.856
69.241 8.220 -0.443
-9.322 -8.538 -11.793
50.497 15.089 17.069
-44.708 54.191 25.430
10.995 0.561 6.985
-39.154 -35.487 11.558
-48.917 -32.212 -8.723
-16.062 -72.668 -14.550
50.285 11.441 15.850
10.799 15.963 7.716
37.973 8.541 -19.587
-15.961 39.182 25.166
-61.200 43.387 -11.355
13.925 -8.531 5.616
-37.002 48.844 -27.180
-47.198 -50.958 5.871
-75.807 -37.409 11.155
-56.125 -30.865 15.398
-37.456 -25.249 -7.073
18.224 17.964 -12.436
-48.119 55.241 -2.014
49.916 30.251 17.882
42.749 50.132 18.668
-13.976 -55.254 -13.552
78.996 10.975 -4.068
-25.255 -26.844 -22.984
-60.966 -43.119 0.299
54.850 21.242 23.427
-54.233 -23.398 -9.615
45.213 38.172 18.460
-46.944 -42.197 1.915
-41.660 -34.318 -11.351
-63.014 -30.414 1.699
-69.097 -30.043 4.805
-0.062 -61.487 -16.095
56.663 31.502 -19.126
90.906 -20.875 -0.237
-50.337 0.009 -11.487
25.414 47.041 -10.095
-24.848 -52.754 -22.087
-1.334 56.193 15.428
25.556 1.745 -11.451
49.601 33.596 22.412
-32.474 20.142 -10.120
-40.329 -3.601 -14.978
2.962 38.253 10.616
32.323 -17.981 2.948
-32.237 55.391 26.492
46.546 -3.705 10.586
-4.439 -15.067 -10.404
47.032 9.759 13.439
-47.184 -48.162 10.478
10.692 -68.688 -22.260
50.838 32.034 18.511
-26.423 46.481 35.401
-11.361 -7.497 -10.087
23.221 45.509 14.594
-7.180 -51.916 -32.319
-11.452 1.593 -7.532
-24.967 -24.742 6.599
57.548 34.756 -11.017
26.895 -37.402 -10.891
46.916 53.305 -35.706
-65.221 -48.619 18.486
45.150 5.603 12.509
-42.314 -39.962 -9.082
-63.340 -49.551 9.351
81.409 -27.070 -6.047
-14.824 -51.584 -4.238
-48.545 -30.775 -6.227
-24.959 -61.726 -28.276
45.701 41.007 20.771
-3.030 -8.915 -7.380
-34.887 -36.440 3.448
52.168 52.660 6.575
31.124 19.393 -2.057
27.955 43.823 12.303
27.021 34.008 2.510
79.585 25.865 25.193
39.818 -0.971 -9.507
-28.502 55.433 -25.327
27.430 42.614 2.048
29.412 39.278 15.157
73.108 10.638 9.924
-48.160 -55.487 -6.913
15.754 -7.201 -25.280
19.711 15.408 -11.911
43.672 23.682 15.358
38.256 -28.483 2.958
49.189 33.400 16.189
28.446 41.813 -19.898
65.502 55.808 21.828
66.585 32.169 26.432
31.567 -25.595 -25.858
29.931 30.683 12.806
28.972 37.255 -27.077
46.281 36.538 18.868
-62.953 -31.905 -0.006
-5.554 39.081 -26.523
-11.101 -57.035 -14.847
-7.418 -46.643 -15.292
16.971 21.643 -1.561
-31.752 -51.702 -22.462
-40.977 -22.201 -13.148
-10.016 -27.320 -2.255
70.715 -2.413 -4.352
30.236 38.199 -25.158
-63.997 -31.251 3.631
-34.345 -26.481 10.035
-38.428 -34.981 4.406
-47.875 44.522 24.506
74.534 39.878 28.869
73.662 45.628 28.457
-44.975 -26.106 -7.483
-45.583 22.965 20.110
-23.868 13.981 -3.539
-20.597 -52.336 -27.822
19.654 -19.327 3.914
-10.246 -16.105 -9.580
45.975 -7.427 9.718
-71.952 -32.020 3.137
70.002 7.124 -3.711
-15.768 -38.466 -31.039
-38.180 31.774 24.231
-52.668 -29.360 -2.237
-18.970 3.678 -6.453
35.533 43.320 -36.126
32.691 37.608 -23.794
58.694 35.633 23.677
-38.905 36.420 37.313
55.853 -17.601 -24.183
-65.573 -33.901 -0.057
-43.488 -35.455 -0.771
-43.013 -54.922 -15.678
23.708 35.855 -5.008
-63.596 15.070 -2.359
-21.680 -33.808 6.494
73.113 0.300 -8.391
-52.052 -49.934 -9.606
-55.074 -42.879 16.664
35.029 35.872 -24.488
-45.390 46.600 37.775
70.415 20.683 8.377
-49.091 -42.876 3.979
-61.339 -59.115 6.716
8.565 -9.211 -23.706
-49.374 -41.568 -14.170
85.722 -32.898 -0.845
2.269 52.830 15.308
28.835 39.102 -28.524
23.747 45.140 7.824
-9.610 -56.668 -15.610
-10.964 -30.662 -24.021
80.843 25.973 4.272
-61.132 -31.563 13.834
-12.911 51.051 -18.237
0.010 19.601 -23.644
46.597 20.345 -24.881
68.459 -0.975 -4.249
56.518 32.708 2.071
-12.669 -30.036 -26.239
-5.029 -18.797 -14.327
48.187 34.030 19.399
85.384 14.207 0.361
-30.980 -52.647 7.954
3.285 -26.810 -11.897
38.672 17.815 -24.749
-35.931 -26.665 -11.549
20.023 -34.114 -15.083
-51.556 -33.077 8.626
-48.656 -33.748 5.101
-13.837 -49.151 3.723
49.385 -9.467 4.491
30.932 -36.946 -16.235
18.153 20.299 -6.556
47.744 22.151 17.330
-7.024 -46.258 1.221
-57.970 2.303 4.409
47.774 11.909 16.134
-8.327 56.177 7.036
-11.160 24.615 12.894
-64.090 -31.498 15.775
24.144 31.166 -5.583
19.927 51.671 24.177
19.715 49.787 22.109
92.873 -16.306 -6.150
-6.027 -58.399 -15.377
-4.220 53.320 13.845
-18.418 -26.241 -27.384
28.220 28.593 -21.133
5.049 42.161 15.505
55.844 11.013 -23.121
-79.294 -29.115 14.614
57.050 18.484 -2.604
31.643 29.408 3.054
51.344 16.383 19.203
-15.578 -0.315 -8.316
41.198 33.977 -24.653
-27.630 19.550 12.713
-41.689 54.282 -9.959
-67.178 -30.103 2.079
32.461 47.240 21.451
-71.699 -33.433 8.101
-58.943 11.014 -9.001
35.786 7.213 -7.187
61.633 0.569 3.007
-46.515 -32.042 -7.314
-23.585 -42.034 -27.169
-36.255 -58.334 0.261
-74.454 -19.745 -0.473
44.434 16.122 18.752
-45.283 48.007 -20.596
-50.254 50.168 -9.957
32.335 48.812 12.565
39.953 0.054 -6.268
50.483 34.651 20.224
-44.393 -41.836 0.127
-65.838 -46.441 16.601
-41.743 -35.524 1.571
-41.049 -35.671 3.567
-66.844 -41.716 1.030
20.571 45.673 10.054
-29.125 -57.967 -12.444
35.654 42.695 -30.410
-41.309 -27.501 8.992
52.279 25.976 -1.298
-84.114 -39.327 17.447
50.187 20.600 19.418
39.731 52.065 16.662
51.217 31.733 22.433
33.263 -31.170 -24.197
-54.634 -2.609 2.007
-48.331 -42.633 2.378
-55.582 -44.569 4.490
-59.080 -30.627 14.002
19.802 -38.806 -11.323
47.456 10.731 14.635
-38.582 -36.282 -3.343
-66.933 -30.455 4.355
-16.324 18.957 4.069
-4.969 -12.489 -9.503
-27.774 -8.617 -18.241
47.427 39.938 20.214
45.714 26.042 3.828
-41.181 -26.698 -10.922
-50.555 45.273 -26.376
47.352 -27.530 2.948
87.470 30.030 18.167
-41.957 -41.915 -3.315
-42.144 -22.907 -13.420
-8.282 -5.290 -8.590
-53.065 -44.375 5.714
-74.049 -28.689 2.539
-74.109 -33.525 8.583
27.430 -1.258 -12.280
44.174 27.008 4.195
44.740 53.335 26.695
39.498 39.622 -31.789
-64.899 -31.663 17.565
50.114 51.046 22.730
26.705 35.606 2.660
57.681 11.189 1.102
40.002 53.281 27.215
-6.502 -16.518 -13.373
-63.193 -21.066 -2.281
52.254 23.352 21.748
30.531 -4.824 -11.458
47.356 31.783 7.243
43.323 4.847 13.070
51.264 47.202 -18.152
-8.898 55.880 27.688
55.878 45.013 -25.152
52.933 22.602 21.526
-34.874 -26.905 2.927
39.399 41.638 19.394
-39.910 -41.374 4.794
-67.197 -31.782 16.183
-67.131 -48.917 15.069
-63.649 -43.336 16.732
58.001 -31.628 -8.364
-63.524 -38.464 -0.469
27.860 46.356 9.253
24.770 29.151 -5.588
-61.386 -52.906 13.846
-46.699 -23.885 16.392
36.473 56.247 7.554
-20.850 -23.968 4.108
-4.018 -4.391 -12.062
-67.983 -31.140 3.267
-65.388 26.547 -2.616
4.288 38.468 14.077
55.577 18.841 22.826
25.248 25.547 -6.037
44.877 43.617 21.229
11.061 -33.270 -12.711
52.640 28.447 22.441
-23.061 45.728 20.055
30.489 54.602 -3.131
-12.452 -25.032 -0.184
-23.670 11.212 -4.327
-14.953 10.568 -6.089
-65.664 -33.668 19.268
24.106 46.839 7.000
54.177 14.910 19.312
-56.811 -44.652 5.928
-22.937 42.604 29.421
-64.200 -42.829 -9.067
-11.790 -56.074 -15.276
-63.274 -39.272 -4.211
-59.620 6.081 -3.421
-9.100 -30.195 -32.432
71.761 33.755 28.405
0.460 -20.981 -11.568
-23.240 -24.234 4.975
48.506 -41.589 -12.372
-34.353 -24.939 -9.724
-26.746 -26.214 9.577
71.159 3.329 -1.581
-34.306 -23.715 -15.587
86.114 31.327 10.223
47.506 1.163 4.161
-62.276 -29.951 3.689
-63.794 -31.198 16.669
-5.538 -9.167 -9.412
-20.987 37.982 30.184
-7.611 -53.609 -32.006
-18.491 -53.688 -0.205
26.938 48.399 7.975
15.644 53.903 26.396
-31.813 -54.917 -26.883
29.919 15.701 -8.205
-20.448 -66.536 -13.998
-33.868 -24.838 -13.658
71.449 6.024 0.118
-27.263 -56.004 0.875
-4.966 23.872 -22.858
60.395 42.536 -16.708
3.476 -18.828 -13.880
22.473 -28.974 0.532
44.409 10.590 16.976
23.173 5.296 -7.426
-15.514 -29.624 -23.447
-24.679 27.183 24.834
47.414 14.404 17.070
37.449 47.230 -19.810
-19.180 39.469 -20.457
-59.502 -46.937 11.863
48.375 32.573 18.505
-66.595 -50.315 11.778
-1.558 -19.605 -10.488
29.377 -4.193 -12.657
-17.001 -29.646 -25.317
23.818 34.335 -5.787
42.387 45.937 21.044
54.473 16.188 19.873
-51.615 -30.446 13.634
-0.115 -38.898 -4.043
-55.350 0.620 -6.118
-18.564 49.700 18.026
-2.986 51.104 13.424
20.383 46.462 14.341
51.469 11.953 16.379
44.031 8.701 14.564
-33.118 -24.727 11.266
-57.574 -41.112 -11.347
-5.874 -59.033 -16.556
42.471 50.836 19.599
-36.478 41.809 -24.419
-40.530 -40.862 -6.035
-42.806 50.214 19.355
-21.574 -4.929 -16.050
-13.892 -59.340 -0.146
-7.522 -8.113 -8.898
59.368 37.489 -17.275
-57.200 10.527 13.180
-36.842 -41.432 -1.707
-8.342 -58.241 -15.303
-42.521 -34.116 10.003
-5.857 -29.317 -2.070
21.150 -32.502 -3.580
-43.972 47.157 -15.242
17.050 54.157 15.260
16.945 21.416 -12.016
45.563 1.456 11.723
42.639 32.123 8.828
-46.466 -53.934 9.268
37.712 16.653 1.015
-63.651 -22.073 7.553
-18.374 0.542 -7.250
-2.745 -60.156 -17.568
70.275 55.540 -12.675
-20.806 -50.380 5.519
32.909 38.347 -25.292
37.888 42.002 -23.964
46.098 42.187 21.227
-24.268 47.359 32.203
24.720 51.789 28.830
47.068 21.417 18.525
17.474 46.964 18.637
39.266 25.662 12.107
-32.450 -37.880 5.689
25.695 45.626 7.301
-40.139 -35.102 9.845
-45.058 -48.436 -16.025
-33.635 26.534 -21.020
27.874 38.350 -26.802
-10.151 -3.350 -7.630
-59.080 -45.703 20.366
18.341 49.363 9.386
-20.108 4.997 -7.666
48.331 37.002 21.037
19.025 50.253 24.727
66.622 42.661 -0.299
20.408 14.006 -7.129
-61.168 23.483 14.451
58.272 24.462 -1.697
-14.031 38.722 -28.481
90.093 -11.695 -5.155
-53.589 -44.150 9.033
28.277 17.979 -8.752
47.188 33.602 18.391
49.078 16.970 19.279
-48.527 -33.665 -0.002
22.203 -24.989 -24.692
34.439 46.808 13.350
36.353 6.143 -7.547
-62.767 -32.526 16.442
51.662 13.393 16.752
-68.906 -34.422 17.235
68.917 7.540 -2.677
18.325 53.165 28.295
37.471 44.292 17.909
52.674 26.505 20.648
-14.257 17.453 -0.052
-24.274 36.152 -19.519
-47.085 -57.795 -2.686
59.532 -28.742 -16.483
-40.576 -35.727 -2.841
-73.544 -44.715 -2.022
-16.909 -28.449 4.374
-69.937 -56.939 17.236
-59.231 -32.077 4.657
EDGES 4198
0 673 111 255 25 255
0 896 107 255 25 255
0 1237 91 255 25 255
0 1394 145 255 25 255
1 38 37 255 25 255
1 621 25 255 53 255
1 943 35 255 25 255
1 1033 25 255 55 255
1 1130 25 255 98 255
1 1162 29 255 25 255
1 1172 25 255 27 255
1 1278 25 255 96 255
1 1288 36 255 25 255
1 1344 25 255 75 255
1 1383 32 255 25 255
2 443 25 153 255 255
2 454 25 142 255 255
2 712 25 184 255 255
2 877 25 170 255 255
2 955 25 255 239 255
2 1045 25 194 255 255
2 1052 25 211 255 255
2 1168 25 171 255 255
2 1357 25 215 255 255
3 178 140 255 25 255
3 179 115 255 25 255
3 571 28 255 25 255
3 919 74 255 25 255
3 950 125 255 25 255
3 1062 54 255 25 255
3 1076 102 255 25 255
3 1119 134 255 25 255
3 1221 127 255 25 255
3 1256 40 255 25 255
4 621 25 255 92 255
4 810 25 255 87 255
4 811 25 255 136 255
4 870 25 255 130 255
4 1130 25 255 137 255
5 252 25 255 151 255
5 266 25 255 206 255
5 375 25 255 228 255
5 451 25 255 129 255
5 702 25 255 198 255
5 809 25 255 156 255
5 849 25 255 171 255
6 16 25 255 230 255
6 156 25 235 255 255
6 275 25 238 255 255
6 327 25 203 255 255
6 346 25 255 238 255
6 569 25 255 221 255
6 575 25 255 234 255
6 676 25 255 251 255
6 839 25 255 214 255
6 843 25 255 228 255
7 27 25 255 222 255
7 111 25 255 79 255
7 176 25 255 86 255
7 281 25 255 90 255
7 733 25 255 205 255
7 758 25 255 143 255
7 890 25 255 127 255
8 128 25 255 60 255
8 196 198 255 25 255
8 217 25 255 27 255
8 354 45 255 25 255
8 757 54 255 25 255
8 828 150 255 25 255
8 945 70 255 25 255
8 1294 127 255 25 255
8 1348 100 255 25 255
9 158 199 255 25 255
9 221 242 255 25 255
9 608 199 255 25 255
9 774 255 235 25 255
9 921 255 225 25 255
9 954 200 255 25 255
10 117 25 182 255 255
10 249 25 254 255 255
10 365 25 209 255 255
10 388 25 231 255 255
10 646 25 218 255 255
10 796 25 204 255 255
10 963 25 249 255 255
10 975 25 224 255 255
10 1313 25 236 255 255
10 1335 25 255 249 255
11 768 25 255 151 255
11 864 25 255 240 255
11 1222 25 255 120 255
11 1345 25 255 185 255
12 53 27 25 255 255
12 85 25 47 255 255
12 368 33 25 255 255
12 523 25 75 255 255
12 529 25 80 255 255
12 724 25 63 255 255
12 767 25 77 255 255
12 829 25 74 255 255
13 198 103 255 25 255
13 376 172 255 25 255
13 510 112 255 25 255
13 698 174 255 25 255
13 760 198 255 25 255
14 255 42 25 255 255
14 357 70 25 255 255
14 911 25 52 255 255
14 1081 25 66 255 255
14 1087 70 25 255 255
15 198 52 255 25 255
15 242 84 255 25 255
15 609 99 255 25 255
15 734 78 255 25 255
15 1001 75 255 25 255
15 1073 32 255 25 255
15 1257 37 255 25 255
16 74 25 255 164 255
16 156 25 255 241 255
16 161 25 255 196 255
16 745 25 255 187 255
16 777 25 255 183 255
16 839 25 255 181 255
17 176 25 255 47 255
17 356 26 255 25 255
17 890 25 255 88 255
17 1121 25 255 74 255
18 28 25 255 25 255
18 108 25 255 48 255
18 281 25 255 59 255
18 483 25 255 77 255
18 923 25 255 60 255
19 107 25 255 125 255
19 252 25 255 103 255
19 452 25 255 38 255
19 453 25 255 51 255
19 630 25 255 37 255
19 1231 25 255 106 255
19 1271 25 255 120 255
19 1273 27 255 25 255
20 741 25 255 176 255
20 1122 25 255 183 255
20 1166 25 255 132 255
20 1292 25 255 136 255
21 336 25 255 150 255
21 533 25 255 163 255
21 741 25 255 187 255
21 872 25 255 173 255
21 894 25 255 218 255
21 1343 25 255 202 255
22 348 255 135 25 255
22 660 255 156 25 255
22 913 255 172 25 255
22 1107 255 158 25 255
22 1181 255 145 25 255
22 1215 255 136 25 255
22 1350 255 179 25 255
23 100 156 255 25 255
23 242 137 255 25 255
23 498 184 255 25 255
23 1001 128 255 25 255
23 1362 200 255 25 255
24 281 25 255 65 255
24 483 25 255 83 255
24 771 25 255 89 255
24 994 25 255 84 255
24 1105 25 255 80 255
25 89 25 255 29 255
25 219 25 255 64 255
25 414 25 255 70 255
25 994 25 255 70 255
26 144 25 255 145 255
26 334 25 255 117 255
26 545 25 255 128 255
26 839 25 255 154 255
26 869 25 255 131 255
26 1094 25 255 158 255
27 457 25 233 255 255
27 668 25 176 255 255
27 733 25 217 255 255
27 744 25 156 255 255
27 890 25 255 214 255
27 1036 25 145 255 255
27 1205 25 191 255 255
28 108 51 255 25 255
28 397 82 255 25 255
28 435 72 255 25 255
28 880 101 255 25 255
28 923 39 255 25 255
28 1025 59 255 25 255
29 53 25 44 255 255
29 54 25 102 255 255
29 277 25 83 255 255
29 390 25 93 255 255
29 678 25 108 255 255
29 724 25 84 255 255
29 1220 25 78 255 255
29 1354 25 67 255 255
30 173 25 148 255 255
30 532 25 168 255 255
30 1014 25 198 255 255
30 1159 25 153 255 255
31 59 244 255 25 255
31 78 255 237 25 255
31 463 183 255 25 255
31 547 255 238 25 255
31 605 255 226 25 255
31 686 255 201 25 255
31 845 201 255 25 255
31 846 230 255 25 255
31 889 211 255 25 255
32 66 25 216 255 255
32 193 25 167 255 255
32 248 25 196 255 255
32 479 25 141 255 255
32 590 25 150 255 255
32 633 25 133 255 255
32 725 25 126 255 255
32 732 25 214 255 255
32 1248 25 197 255 255
33 355 25 55 255 255
33 479 25 99 255 255
33 530 25 54 255 255
33 633 25 90 255 255
33 998 25 145 255 255
33 1106 25 146 255 255
34 35 255 227 25 255
34 840 255 207 25 255
34 1051 255 208 25 255
35 262 255 224 25 255
35 399 255 233 25 255
35 403 243 255 25 255
35 462 236 255 25 255
35 840 255 223 25 255
35 1051 255 223 25 255
36 230 25 255 244 255
36 469 25 255 215 255
36 508 25 255 176 255
36 800 25 255 133 255
37 81 25 255 100 255
37 148 25 255 88 255
37 300 25 255 54 255
37 935 25 255 71 255
37 1134 25 255 90 255
37 1314 25 255 56 255
38 482 148 255 25 255
38 535 152 255 25 255
38 943 72 255 25 255
38 968 149 255 25 255
38 1037 82 255 25 255
38 1162 67 255 25 255
38 1288 74 255 25 255
38 1377 77 255 25 255
38 1383 69 255 25 255
39 455 31 255 25 255
39 473 25 255 73 255
39 620 25 255 70 255
39 1204 25 255 98 255
39 1237 27 255 25 255
40 585 25 255 108 255
40 672 25 255 47 255
40 1116 25 255 63 255
40 1163 25 255 111 255
41 172 25 138 255 255
41 599 25 137 255 255
41 916 25 97 255 255
41 1086 25 114 255 255
41 1200 25 137 255 255
41 1217 25 121 255 255
42 290 25 255 37 255
42 300 25 255 31 255
42 577 32 255 25 255
42 688 25 255 32 255
42 926 25 255 31 255
42 935 25 255 48 255
42 1026 25 255 31 255
42 1134 25 255 67 255
43 84 25 89 255 255
43 85 25 85 255 255
43 119 25 155 255 255
43 164 25 162 255 255
43 459 25 134 255 255
43 574 25 181 255 255
43 1006 25 204 255 255
43 1249 25 124 255 255
43 1319 25 166 255 255
44 116 25 255 244 255
44 702 25 255 221 255
44 718 25 255 202 255
44 736 25 255 195 255
44 787 25 252 255 255
45 594 70 25 255 255
45 852 54 25 255 255
45 911 25 40 255 255
45 1068 25 52 255 255
45 1099 86 25 255 255
46 106 255 227 25 255
46 364 255 201 25 255
46 891 255 232 25 255
46 1056 255 200 25 255
46 1293 255 224 25 255
47 195 133 255 25 255
47 423 183 255 25 255
47 477 133 255 25 255
47 917 84 255 25 255
48 49 255 249 25 255
48 94 255 240 25 255
48 440 205 255 25 255
48 468 223 255 25 255
48 612 230 255 25 255
48 835 255 240 25 255
48 1149 255 250 25 255
49 612 240 255 25 255
49 658 255 226 25 255
49 766 255 244 25 255
49 805 248 255 25 255
49 835 255 229 25 255
49 1088 255 232 25 255
50 278 141 255 25 255
50 306 124 255 25 255
50 363 144 255 25 255
50 455 104 255 25 255
50 690 123 255 25 255
51 387 25 255 96 255
51 538 150 255 25 255
51 691 39 255 25 255
51 873 25 255 78 255
51 1227 116 255 25 255
51 1348 79 255 25 255
52 212 25 255 166 255
52 395 25 255 199 255
52 509 25 255 188 255
52 814 25 255 203 255
52 907 25 255 199 255
52 908 25 255 185 255
53 368 60 25 255 255
53 410 32 25 255 255
53 441 67 25 255 255
53 678 25 59 255 255
53 724 25 35 255 255
54 277 25 92 255 255
54 678 25 118 255 255
54 721 25 164 255 255
54 1159 25 126 255 255
54 1389 25 149 255 255
55 290 25 255 75 255
55 394 25 255 100 255
55 719 25 255 112 255
55 1026 25 255 69 255
55 1129 25 255 122 255
55 1349 25 255 134 255
56 230 25 181 255 255
56 237 25 179 255 255
56 727 25 186 255 255
56 804 25 148 255 255
56 1068 25 124 255 255
56 1327 25 158 255 255
57 69 255 192 25 255
57 213 255 217 25 255
57 229 255 142 25 255
57 398 255 145 25 255
57 572 255 169 25 255
57 684 255 146 25 255
57 695 255 138 25 255
57 1038 255 173 25 255
58 286 255 202 25 255
58 826 255 210 25 255
58 897 248 255 25 255
58 997 255 232 25 255
58 1028 255 192 25 255
59 244 255 222 25 255
59 411 225 255 25 255
59 484 247 255 25 255
59 547 255 228 25 255
59 568 255 240 25 255
59 889 220 255 25 255
59 1118 255 227 25 255
59 1299 255 245 25 255
60 130 125 255 25 255
60 186 72 255 25 255
60 205 80 255 25 255
60 349 162 255 25 255
60 650 91 255 25 255
60 711 97 255 25 255
60 763 42 255 25 255
60 989 112 255 25 255
60 1195 59 255 25 255
60 1333 48 255 25 255
61 765 86 255 25 255
61 996 104 255 25 255
61 1048 169 255 25 255
61 1092 70 255 25 255
61 1140 74 255 25 255
61 1147 177 255 25 255
61 1310 75 255 25 255
62 73 182 255 25 255
62 95 105 255 25 255
62 491 176 255 25 255
62 630 106 255 25 255
62 822 155 255 25 255
62 995 132 255 25 255
62 1002 155 255 25 255
63 255 69 25 255 255
63 357 97 25 255 255
63 378 55 25 255 255
63 647 88 25 255 255
63 1012 85 25 255 255
63 1263 45 25 255 255
63 1353 64 25 255 255
64 72 25 255 199 255
64 113 25 255 102 255
64 860 25 255 60 255
64 941 25 255 164 255
64 1137 25 255 162 255
65 68 25 255 86 255
65 476 59 255 25 255
65 525 25 255 75 255
65 781 25 255 55 255
65 872 25 255 107 255
65 1393 25 255 57 255
66 248 25 255 254 255
66 563 25 255 225 255
66 732 25 255 236 255
66 783 25 255 241 255
67 153 25 153 255 255
67 668 25 127 255 255
67 931 25 113 255 255
67 1036 25 96 255 255
67 1050 25 87 255 255
67 1269 25 74 255 255
68 336 25 255 107 255
68 872 25 255 130 255
68 1393 25 255 79 255
69 213 236 255 25 255
69 423 242 255 25 255
69 512 221 255 25 255
69 572 255 225 25 255
69 1113 233 255 25 255
70 515 100 255 25 255
70 589 81 255 25 255
70 892 84 255 25 255
70 970 99 255 25 255
71 114 25 255 159 255
71 140 25 255 182 255
71 465 25 255 140 255
71 466 25 255 120 255
71 683 25 255 197 255
71 834 25 255 126 255
71 1102 25 255 161 255
72 99 25 218 255 255
72 199 25 240 255 255
72 360 25 234 255 255
72 696 25 255 232 255
72 941 25 255 217 255
72 1137 25 255 216 255
72 1316 25 220 255 255
73 471 220 255 25 255
73 491 209 255 25 255
73 543 231 255 25 255
73 1002 188 255 25 255
73 1199 210 255 25 255
74 161 25 255 162 255
74 519 25 255 129 255
74 763 25 255 103 255
74 777 25 255 149 255
74 1031 25 255 131 255
74 1333 25 255 97 255
74 1358 25 255 146 255
75 212 25 255 111 255
75 448 25 255 42 255
75 481 25 255 87 255
75 685 25 255 67 255
75 908 25 255 130 255
75 944 25 255 75 255
75 1117 25 255 104 255
76 109 255 79 25 255
76 225 255 30 25 255
76 430 255 96 25 255
76 643 255 39 25 255
76 1020 255 55 25 255
77 175 25 119 255 255
77 216 25 166 255 255
77 285 25 167 255 255
77 372 25 177 255 255
77 779 25 124 255 255
77 887 25 115 255 255
77 969 25 109 255 255
78 383 255 153 25 255
78 605 255 190 25 255
78 846 255 242 25 255
78 997 255 227 25 255
78 1074 255 189 25 255
78 1283 255 161 25 255
79 243 255 238 25 255
79 260 228 255 25 255
79 392 255 251 25 255
79 862 255 235 25 255
79 866 231 255 25 255
79 942 255 233 25 255
80 215 243 255 25 255
80 434 213 255 25 255
80 560 255 232 25 255
80 937 196 255 25 255
80 1060 240 255 25 255
80 1104 185 255 25 255
80 1287 255 240 25 255
80 1361 197 255 25 255
81 144 25 255 135 255
81 148 25 255 110 255
81 235 25 255 93 255
81 545 25 255 117 255
81 564 25 255 84 255
81 588 25 255 83 255
81 1314 25 255 78 255
82 152 25 255 59 255
82 592 25 255 54 255
82 629 25 255 86 255
82 1156 25 255 167 255
82 1197 25 255 109 255
82 1391 25 255 82 255
83 86 25 255 102 255
83 233 25 255 90 255
83 953 25 255 149 255
83 1122 25 255 150 255
83 1292 25 255 103 255
83 1329 25 255 97 255
84 85 25 48 255 255
84 164 25 125 255 255
84 272 25 79 255 255
84 368 32 25 255 255
84 458 25 28 255 255
85 270 25 85 255 255
85 368 36 25 255 255
85 523 25 72 255 255
85 948 25 84 255 255
85 985 25 79 255 255
85 1249 25 83 255 255
85 1253 25 85 255 255
86 499 25 255 118 255
86 719 25 255 105 255
86 953 25 255 142 255
86 1329 25 255 90 255
87 220 194 255 25 255
87 470 227 255 25 255
87 516 172 255 25 255
87 562 202 255 25 255
87 596 161 255 25 255
87 607 194 255 25 255
87 645 201 255 25 255
87 792 217 255 25 255
87 865 165 255 25 255
88 145 112 255 25 255
88 356 83 255 25 255
88 542 106 255 25 255
88 880 117 255 25 255
88 982 62 255 25 255
88 1095 91 255 25 255
89 145 83 255 25 255
89 219 25 255 36 255
89 295 34 255 25 255
89 316 42 255 25 255
89 414 25 255 42 255
89 435 60 255 25 255
90 297 151 25 255 255
90 342 128 25 255 255
90 507 148 25 255 255
90 858 142 25 255 255
91 237 25 255 210 255
91 384 25 255 153 255
91 508 25 255 142 255
91 664 25 255 202 255
91 789 25 255 76 255
91 1247 25 255 87 255
92 113 25 255 48 255
92 143 65 255 25 255
92 385 76 255 25 255
92 860 44 255 25 255
92 941 25 255 110 255
92 978 25 255 49 255
93 316 25 255 66 255
93 414 25 255 100 255
93 771 25 255 105 255
93 994 25 255 100 255
94 638 255 221 25 255
94 835 255 219 25 255
94 1115 255 218 25 255
94 1124 255 219 25 255
94 1149 255 230 25 255
95 252 25 255 53 255
95 451 25 255 32 255
95 630 62 255 25 255
95 853 38 255 25 255
95 995 88 255 25 255
96 283 25 255 108 255
96 309 25 255 97 255
96 424 25 255 105 255
96 706 25 255 98 255
96 1178 25 255 89 255
96 1266 25 255 55 255
96 1396 25 255 69 255
97 259 25 156 255 255
97 327 25 158 255 255
97 351 25 183 255 255
97 407 25 148 255 255
97 1241 25 197 255 255
97 1365 25 154 255 255
98 461 25 255 41 255
98 558 25 255 37 255
98 855 25 255 45 255
98 1079 25 255 40 255
98 1116 25 255 36 255
98 1387 25 255 46 255
99 360 25 196 255 255
99 486 25 151 255 255
99 696 25 239 255 255
99 785 25 173 255 255
99 1327 25 174 255 255
100 242 134 255 25 255
100 352 210 255 25 255
100 608 153 255 25 255
100 609 149 255 25 255
100 731 148 255 25 255
100 940 154 255 25 255
100 1362 198 255 25 255
101 117 25 132 255 255
101 122 25 158 255 255
101 267 25 151 255 255
101 365 25 159 255 255
101 381 25 118 255 255
101 659 25 120 255 255
101 1259 25 148 255 255
101 1386 25 161 255 255
102 185 255 199 25 255
102 470 255 225 25 255
102 562 255 251 25 255
102 701 255 204 25 255
102 792 255 235 25 255
102 910 255 224 25 255
103 169 25 255 168 255
103 694 25 255 188 255
103 784 25 255 181 255
103 1244 25 255 159 255
103 1274 25 255 196 255
104 804 25 126 255 255
104 911 25 89 255 255
104 1068 25 102 255 255
105 211 255 229 25 255
105 343 255 217 25 255
105 552 255 176 25 255
105 576 255 189 25 255
105 946 255 220 25 255
105 1080 255 157 25 255
106 364 255 223 25 255
106 697 248 255 25 255
106 698 225 255 25 255
106 760 250 255 25 255
106 1114 255 241 25 255
106 1293 255 247 25 255
107 631 25 255 185 255
107 737 25 255 173 255
107 1017 25 255 168 255
107 1231 25 255 144 255
107 1271 25 255 158 255
108 111 28 255 25 255
108 281 25 255 33 255
108 397 60 255 25 255
108 885 54 255 25 255
109 196 255 153 25 255
109 315 255 129 25 255
109 430 255 139 25 255
109 538 255 179 25 255
109 1020 255 98 25 255
109 1229 255 168 25 255
110 111 45 255 25 255
110 672 57 255 25 255
110 885 71 255 25 255
111 281 25 255 33 255
111 495 35 255 25 255
111 672 40 255 25 255
111 758 25 255 86 255
111 885 54 255 25 255
112 390 25 165 255 255
112 738 25 246 255 255
112 952 25 244 255 255
112 980 25 207 255 255
112 1186 25 220 255 255
112 1214 25 154 255 255
112 1220 25 151 255 255
112 1243 25 255 228 255
113 860 33 255 25 255
113 941 25 255 120 255
114 140 25 255 194 255
114 187 25 255 173 255
114 351 25 255 234 255
114 465 25 255 152 255
115 219 25 255 58 255
115 295 25 255 38 255
115 296 25 255 46 255
115 299 25 255 39 255
115 521 25 255 54 255
115 1143 25 255 25 255
116 197 25 233 255 255
116 629 25 255 175 255
116 736 25 255 209 255
116 787 25 237 255 255
116 842 25 255 159 255
116 1156 25 253 255 255
117 258 25 154 255 255
117 365 25 163 255 255
117 381 25 122 255 255
117 447 25 129 255 255
117 782 25 101 255 255
117 796 25 158 255 255
118 150 25 255 245 255
118 200 25 255 206 255
118 207 25 255 214 255
118 279 25 255 236 255
118 635 25 225 255 255
118 636 25 216 255 255
118 888 25 255 238 255
118 952 25 255 246 255
118 1285 25 255 212 255
119 459 25 163 255 255
119 960 25 190 255 255
119 1153 25 176 255 255
119 1261 25 175 255 255
119 1319 25 195 255 255
119 1385 25 192 255 255
120 284 73 255 25 255
120 426 82 255 25 255
120 473 25 255 33 255
120 672 55 255 25 255
120 824 75 255 25 255
120 885 69 255 25 255
120 886 79 255 25 255
120 896 83 255 25 255
120 1237 67 255 25 255
121 312 25 255 151 255
121 417 25 255 220 255
121 453 25 255 108 255
121 579 25 255 197 255
121 1071 25 255 94 255
121 1182 25 255 203 255
121 1231 25 255 163 255
122 370 25 222 255 255
122 377 25 204 255 255
122 640 25 196 255 255
122 659 25 150 255 255
122 1184 25 190 255 255
122 1386 25 192 255 255
123 264 25 174 255 255
123 387 25 255 225 255
123 651 25 255 233 255
123 1049 25 182 255 255
124 689 25 255 151 255
124 955 25 255 148 255
124 1152 25 255 143 255
124 1342 25 255 182 255
124 1344 25 255 130 255
124 1357 25 255 203 255
125 320 25 111 255 255
125 378 25 49 255 255
125 875 25 103 255 255
125 1228 25 70 255 255
125 1254 25 120 255 255
125 1263 25 58 255 255
125 1316 25 133 255 255
126 716 25 204 255 255
126 748 25 203 255 255
126 778 25 198 255 255
126 861 25 218 255 255
126 1045 25 214 255 255
126 1357 25 236 255 255
127 128 25 255 156 255
127 264 25 227 255 255
127 467 25 255 143 255
127 494 25 255 157 255
127 567 25 255 163 255
127 651 25 255 180 255
127 1205 25 255 250 255
127 1277 25 255 197 255
128 217 25 255 106 255
128 467 25 255 126 255
128 567 25 255 146 255
128 757 25 255 75 255
129 593 25 255 170 255
129 595 25 255 164 255
129 708 25 255 167 255
129 991 25 255 163 255
129 1160 25 255 184 255
130 349 177 255 25 255
130 514 137 255 25 255
130 650 106 255 25 255
131 540 243 255 25 255
131 845 193 255 25 255
131 878 192 255 25 255
131 992 198 255 25 255
131 1010 239 255 25 255
131 1109 195 255 25 255
131 1265 193 255 25 255
131 1323 201 255 25 255
131 1347 208 255 25 255
132 307 25 255 206 255
132 550 25 255 202 255
132 742 25 220 255 255
132 1332 25 251 255 255
132 1372 25 243 255 255
133 208 25 122 255 255
133 272 25 132 255 255
133 549 25 124 255 255
133 641 25 168 255 255
133 669 25 155 255 255
133 899 25 204 255 255
133 1168 25 167 255 255
133 1226 25 204 255 255
134 447 25 98 255 255
134 639 25 82 255 255
134 782 25 71 255 255
135 374 25 255 123 255
135 450 25 255 124 255
135 709 25 255 121 255
135 837 25 255 119 255
135 1151 25 255 81 255
135 1183 25 255 90 255
135 1201 25 255 124 255
135 1219 25 255 106 255
136 203 96 255 25 255
136 503 66 255 25 255
136 734 93 255 25 255
136 775 84 255 25 255
136 1154 78 255 25 255
136 1328 129 255 25 255
137 364 255 224 25 255
137 760 249 255 25 255
137 827 255 225 25 255
137 1303 245 255 25 255
137 1374 255 210 25 255
137 1392 239 255 25 255
138 536 25 255 108 255
138 830 25 255 107 255
138 1055 25 255 94 255
138 1089 25 255 94 255
139 269 25 255 70 255
139 493 25 255 80 255
139 747 25 255 78 255
139 830 25 255 100 255
139 990 25 255 98 255
139 1055 25 255 87 255
139 1082 25 255 72 255
139 1089 25 255 87 255
139 1279 25 255 111 255
140 181 25 255 232 255
140 351 25 252 255 255
140 683 25 255 231 255
141 190 130 255 25 255
141 227 94 255 25 255
141 625 114 255 25 255
141 965 140 255 25 255
142 264 25 92 255 255
142 655 25 51 255 255
142 744 25 89 255 255
142 1036 25 77 255 255
142 1069 25 53 255 255
142 1070 25 56 255 255
142 1269 25 56 255 255
143 294 150 255 25 255
143 385 129 255 25 255
143 978 55 255 25 255
143 1157 107 255 25 255
144 148 25 255 122 255
144 177 25 255 143 255
144 545 25 255 129 255
144 575 25 255 176 255
144 616 25 255 152 255
144 839 25 255 156 255
145 295 68 255 25 255
145 356 88 255 25 255
145 435 94 255 25 255
145 504 97 255 25 255
145 880 122 255 25 255
145 1143 81 255 25 255
145 1375 74 255 25 255
146 184 179 255 25 255
146 227 88 255 25 255
146 625 107 255 25 255
146 788 76 255 25 255
146 878 137 255 25 255
147 155 25 255 161 255
147 496 25 255 170 255
147 505 25 255 156 255
147 1039 25 255 122 255
147 1218 25 255 126 255
147 1239 25 255 170 255
148 177 25 255 118 255
148 1134 25 255 100 255
149 177 25 255 149 255
149 616 25 255 159 255
149 1129 25 255 147 255
149 1349 25 255 159 255
150 207 25 255 226 255
150 618 25 232 255 255
150 635 25 212 255 255
150 759 25 255 232 255
150 893 25 255 250 255
150 1318 25 243 255 255
150 1366 25 255 234 255
151 584 255 222 25 255
151 871 255 215 25 255
151 1048 255 251 25 255
151 1085 255 225 25 255
151 1098 255 220 25 255
151 1115 255 218 25 255
151 1124 255 219 25 255
151 1147 255 242 25 255
151 1155 255 219 25 255
152 422 25 255 27 255
152 517 25 255 32 255
152 592 25 255 35 255
152 856 28 255 25 255
152 1258 27 255 25 255
152 1391 25 255 63 255
153 668 25 179 255 255
153 733 25 220 255 255
153 931 25 165 255 255
153 1041 25 248 255 255
153 1100 25 255 251 255
154 245 117 255 25 255
154 246 116 255 25 255
154 326 59 255 25 255
154 520 93 255 25 255
154 1019 102 255 25 255
155 279 25 255 216 255
155 738 25 255 223 255
155 1039 25 255 152 255
155 1239 25 255 200 255
155 1243 25 255 188 255
155 1255 25 255 118 255
155 1382 25 255 227 255
156 327 25 192 255 255
156 745 25 255 231 255
156 867 25 255 210 255
156 1097 25 213 255 255
156 1209 25 255 223 255
156 1233 25 255 217 255
156 1365 25 189 255 255
156 1376 25 255 245 255
157 167 145 255 25 255
157 234 75 255 25 255
157 433 38 255 25 255
157 468 137 255 25 255
157 685 43 255 25 255
157 770 39 255 25 255
158 413 99 255 25 255
158 608 151 255 25 255
158 947 126 255 25 255
158 954 152 255 25 255
158 1161 117 255 25 255
159 195 32 255 25 255
159 268 25 255 104 255
159 345 25 255 170 255
159 500 25 255 88 255
159 917 25 255 67 255
159 929 25 255 134 255
160 232 25 255 165 255
160 601 25 255 163 255
160 797 25 255 152 255
160 1167 25 255 112 255
161 557 25 255 207 255
161 839 25 255 179 255
161 1094 25 255 183 255
161 1358 25 255 178 255
162 410 25 61 255 255
162 441 25 26 255 255
162 442 25 88 255 255
162 443 25 109 255 255
162 454 25 99 255 255
162 458 25 43 255 255
162 666 25 70 255 255
163 412 33 255 25 255
163 606 83 255 25 255
163 781 40 255 25 255
163 1096 83 255 25 255
163 1322 95 255 25 255
164 257 25 221 255 255
164 272 25 152 255 255
164 393 25 187 255 255
164 1006 25 241 255 255
165 505 25 255 169 255
165 955 25 255 147 255
165 1035 25 255 138 255
165 1052 25 255 206 255
165 1218 25 255 139 255
166 370 25 255 252 255
166 518 25 244 255 255
166 876 25 255 251 255
166 975 25 238 255 255
166 1112 25 249 255 255
166 1127 25 255 226 255
166 1192 25 248 255 255
167 218 255 251 25 255
167 448 136 255 25 255
167 468 205 255 25 255
167 584 248 255 25 255
167 685 111 255 25 255
167 993 215 255 25 255
167 1018 161 255 25 255
167 1115 253 255 25 255
167 1149 241 255 25 255
168 225 255 58 25 255
168 315 255 113 25 255
168 419 255 72 25 255
168 431 255 85 25 255
168 561 255 91 25 255
168 1351 255 160 25 255
169 302 25 255 161 255
169 632 25 255 138 255
169 694 25 255 178 255
169 1244 25 255 149 255
170 284 113 255 25 255
170 397 116 255 25 255
170 522 148 255 25 255
170 542 122 255 25 255
170 586 120 255 25 255
170 637 188 255 25 255
170 805 183 255 25 255
170 824 116 255 25 255
171 529 25 109 255 255
171 700 25 106 255 255
171 790 25 129 255 255
171 829 25 103 255 255
171 1000 25 117 255 255
171 1187 25 117 255 255
171 1368 25 126 255 255
172 554 25 147 255 255
172 599 25 157 255 255
172 663 25 159 255 255
172 980 25 167 255 255
172 1217 25 140 255 255
172 1251 25 150 255 255
173 276 25 97 255 255
173 532 25 149 255 255
173 1142 25 129 255 255
173 1159 25 134 255 255
173 1356 25 152 255 255
173 1369 25 112 255 255
174 444 255 182 25 255
174 488 255 201 25 255
174 773 255 165 25 255
174 798 255 173 25 255
174 825 255 193 25 255
174 946 255 230 25 255
174 1074 255 189 25 255
175 633 25 109 255 255
175 713 25 83 255 255
175 725 25 102 255 255
175 887 25 106 255 255
175 969 25 100 255 255
175 1282 25 67 255 255
176 281 25 255 41 255
176 282 25 255 31 255
176 356 36 255 25 255
176 504 45 255 25 255
176 890 25 255 78 255
177 616 25 255 148 255
177 1129 25 255 137 255
177 1134 25 255 120 255
178 179 141 255 25 255
178 411 181 255 25 255
178 427 167 255 25 255
178 851 178 255 25 255
178 1119 159 255 25 255
179 313 148 255 25 255
179 332 76 255 25 255
179 427 143 255 25 255
179 559 116 255 25 255
179 793 66 255 25 255
179 919 75 255 25 255
180 681 25 255 94 255
180 692 25 255 101 255
180 703 25 255 139 255
180 812 25 255 147 255
180 962 25 255 156 255
180 971 25 255 147 255
181 351 25 236 255 255
181 683 25 255 247 255
181 1241 25 250 255 255
182 207 25 255 194 255
182 496 25 255 200 255
182 1108 25 255 191 255
182 1239 25 255 200 255
182 1260 25 255 186 255
182 1285 25 255 192 255
182 1359 25 255 188 255
183 187 25 255 131 255
183 597 25 255 84 255
183 750 25 255 116 255
183 751 25 255 59 255
183 1396 25 255 74 255
184 540 255 251 25 255
184 788 146 255 25 255
184 878 207 255 25 255
184 992 213 255 25 255
184 1010 254 255 25 255
185 340 255 192 25 255
185 701 255 191 25 255
185 910 255 210 25 255
185 925 255 166 25 255
186 650 52 255 25 255
186 932 25 255 32 255
186 1206 25 255 29 255
186 1326 39 255 25 255
186 1333 25 255 40 255
187 289 25 255 199 255
187 351 25 255 236 255
187 424 25 255 153 255
187 465 25 255 154 255
187 485 25 255 223 255
187 597 25 255 127 255
187 750 25 255 160 255
187 1398 25 255 245 255
188 206 125 255 25 255
188 226 97 255 25 255
188 409 138 255 25 255
188 710 136 255 25 255
188 769 65 255 25 255
188 772 72 255 25 255
188 986 97 255 25 255
189 269 25 255 39 255
189 551 25 255 57 255
189 769 26 255 25 255
189 797 25 255 93 255
189 986 57 255 25 255
189 1210 25 255 74 255
189 1222 25 255 42 255
190 227 101 255 25 255
190 367 90 255 25 255
190 878 151 255 25 255
190 965 146 255 25 255
190 1180 132 255 25 255
190 1289 143 255 25 255
191 243 238 255 25 255
191 260 195 255 25 255
191 462 204 255 25 255
191 1212 164 255 25 255
191 1224 158 255 25 255
191 1308 166 255 25 255
192 228 41 255 25 255
192 371 78 255 25 255
192 391 106 255 25 255
192 526 27 255 25 255
192 622 90 255 25 255
192 623 109 255 25 255
192 704 62 255 25 255
192 1252 109 255 25 255
193 248 25 206 255 255
193 372 25 201 255 255
193 590 25 160 255 255
193 739 25 203 255 255
193 783 25 219 255 255
194 318 25 255 71 255
194 405 25 255 34 255
194 465 25 255 94 255
194 597 25 255 67 255
194 751 25 255 43 255
195 423 172 255 25 255
195 500 52 255 25 255
195 776 96 255 25 255
195 866 159 255 25 255
195 891 186 255 25 255
195 917 73 255 25 255
196 430 255 169 25 255
196 580 255 177 25 255
196 634 255 171 25 255
196 828 255 230 25 255
196 951 255 213 25 255
196 1229 255 198 25 255
196 1294 255 253 25 255
197 293 25 197 255 255
197 779 25 168 255 255
197 787 25 220 255 255
197 1156 25 235 255 255
198 376 119 255 25 255
198 510 59 255 25 255
198 592 35 255 25 255
198 1001 74 255 25 255
198 1073 30 255 25 255
199 439 25 242 255 255
199 573 25 201 255 255
199 875 25 173 255 255
199 1137 25 255 232 255
199 1316 25 204 255 255
200 207 25 255 188 255
200 1285 25 255 186 255
201 795 25 255 85 255
201 909 25 255 83 255
201 1090 25 255 71 255
201 1176 25 255 86 255
201 1195 25 255 54 255
201 1395 25 255 57 255
202 341 241 255 25 255
202 516 190 255 25 255
202 607 212 255 25 255
202 715 222 255 25 255
202 730 199 255 25 255
202 910 246 255 25 255
203 223 134 255 25 255
203 775 98 255 25 255
203 959 115 255 25 255
203 1013 104 255 25 255
203 1328 143 255 25 255
204 365 25 197 255 255
204 518 25 218 255 255
204 934 25 210 255 255
205 449 49 255 25 255
205 711 66 255 25 255
205 807 25 255 29 255
205 844 44 255 25 255
205 1195 28 255 25 255
205 1380 25 255 44 255
205 1395 25 255 25 255
206 226 120 255 25 255
206 710 159 255 25 255
206 1061 143 255 25 255
206 1202 128 255 25 255
206 1207 145 255 25 255
207 675 25 255 188 255
207 759 25 255 201 255
207 1108 25 255 192 255
207 1179 25 255 207 255
207 1285 25 255 193 255
207 1366 25 255 203 255
208 272 25 96 255 255
208 458 25 45 255 255
208 549 25 87 255 255
208 666 25 72 255 255
209 274 25 255 246 255
209 275 25 255 246 255
209 492 25 255 181 255
209 613 25 255 185 255
209 683 25 255 230 255
209 1009 25 255 219 255
209 1102 25 255 194 255
209 1241 25 255 242 255
210 396 169 255 25 255
210 863 135 255 25 255
210 889 174 255 25 255
210 1058 163 255 25 255
211 330 234 255 25 255
211 343 242 255 25 255
211 349 222 255 25 255
211 576 255 238 25 255
211 801 189 255 25 255
211 898 175 255 25 255
212 509 25 255 150 255
212 756 25 255 108 255
212 908 25 255 147 255
212 944 25 255 93 255
212 1370 25 255 105 255
213 294 196 255 25 255
213 512 196 255 25 255
213 1038 255 254 25 255
213 1169 223 255 25 255
214 624 25 255 84 255
214 803 25 255 97 255
214 833 25 255 51 255
214 984 25 255 104 255
214 1191 25 255 132 255
214 1209 25 255 140 255
214 1266 25 255 75 255
215 825 255 214 25 255
215 826 255 226 25 255
215 946 255 251 25 255
215 1060 255 246 25 255
215 1104 209 255 25 255
216 285 25 205 255 255
216 429 25 240 255 255
216 779 25 162 255 255
216 1156 25 230 255 255
217 354 25 255 51 255
217 567 25 255 113 255
217 756 25 255 80 255
218 584 255 216 25 255
218 905 255 207 25 255
218 993 255 250 25 255
218 1155 255 213 25 255
219 295 25 255 50 255
219 296 25 255 58 255
219 994 25 255 77 255
220 562 213 255 25 255
220 645 212 255 25 255
221 222 200 255 25 255
221 339 255 245 25 255
221 715 231 255 25 255
221 921 255 230 25 255
221 954 195 255 25 255
221 1325 255 247 25 255
222 715 195 255 25 255
222 730 171 255 25 255
222 892 124 255 25 255
222 954 158 255 25 255
223 460 141 255 25 255
223 471 190 255 25 255
223 851 173 255 25 255
223 950 146 255 25 255
223 959 138 255 25 255
223 1328 166 255 25 255
224 478 255 204 25 255
224 847 255 207 25 255
224 906 255 189 25 255
224 921 255 192 25 255
224 1325 255 209 25 255
225 419 255 39 25 255
225 431 255 52 25 255
225 643 255 33 25 255
225 1020 255 49 25 255
226 772 67 255 25 255
226 1071 77 255 25 255
226 1202 100 255 25 255
227 367 55 255 25 255
227 625 85 255 25 255
227 788 55 255 25 255
228 347 25 255 88 255
228 526 25 255 69 255
228 527 25 255 90 255
228 704 25 255 34 255
229 684 255 151 25 255
229 972 255 166 25 255
229 1038 255 178 25 255
230 237 25 212 255 255
230 469 25 242 255 255
230 508 25 255 229 255
230 727 25 218 255 255
231 246 155 255 25 255
231 363 168 255 25 255
231 416 150 255 25 255
231 432 204 255 25 255
231 544 154 255 25 255
231 831 206 255 25 255
231 1131 175 255 25 255
231 1272 150 255 25 255
232 377 25 255 237 255
232 601 25 255 183 255
232 797 25 255 172 255
232 1150 25 255 232 255
233 719 25 255 93 255
233 788 25 255 38 255
233 1166 25 255 80 255
233 1284 25 255 77 255
233 1292 25 255 84 255
233 1329 25 255 77 255
234 440 118 255 25 255
234 461 42 255 25 255
234 468 136 255 25 255
234 558 46 255 25 255
234 770 38 255 25 255
234 841 82 255 25 255
235 334 25 255 78 255
235 545 25 255 88 255
235 564 25 255 55 255
235 815 25 255 53 255
235 874 25 255 52 255
236 422 60 255 25 255
236 510 76 255 25 255
236 698 138 255 25 255
236 806 92 255 25 255
236 856 66 255 25 255
236 857 66 255 25 255
236 1016 74 255 25 255
236 1258 65 255 25 255
237 446 25 201 255 255
237 508 25 255 230 255
237 664 25 219 255 255
237 804 25 179 255 255
238 786 25 255 137 255
238 928 25 255 134 255
238 1127 25 255 172 255
238 1128 25 255 149 255
238 1177 25 255 138 255
238 1380 25 255 115 255
239 359 25 255 243 255
239 388 25 248 255 255
239 389 25 253 255 255
239 1321 25 255 241 255
240 287 25 149 255 255
240 554 25 141 255 255
240 663 25 154 255 255
240 717 25 135 255 255
240 980 25 162 255 255
240 1324 25 155 255 255
241 263 207 255 25 255
241 280 150 255 25 255
241 330 212 255 25 255
241 349 201 255 25 255
241 949 222 255 25 255
242 609 130 255 25 255
242 1001 106 255 25 255
243 260 231 255 25 255
243 262 255 221 25 255
243 462 240 255 25 255
243 942 255 229 25 255
243 1043 255 223 25 255
244 547 255 195 25 255
244 552 255 180 25 255
244 671 255 162 25 255
244 1118 255 194 25 255
244 1268 255 153 25 255
245 246 137 255 25 255
245 406 151 255 25 255
245 938 142 255 25 255
245 1019 123 255 25 255
245 1131 158 255 25 255
246 520 114 255 25 255
246 544 136 255 25 255
246 1131 158 255 25 255
247 297 181 25 255 255
247 506 186 25 255 255
247 507 178 25 255 255
247 1087 165 25 255 255
248 783 25 248 255 255
249 359 25 255 235 255
249 388 25 255 252 255
249 557 25 255 225 255
249 694 25 255 214 255
249 963 25 255 234 255
249 1274 25 255 221 255
250 251 152 255 25 255
250 1057 161 255 25 255
250 1109 166 255 25 255
250 1334 164 255 25 255
251 642 132 255 25 255
251 743 110 255 25 255
251 981 142 255 25 255
251 992 159 255 25 255
251 1057 151 255 25 255
251 1144 154 255 25 255
251 1265 154 255 25 255
251 1334 154 255 25 255
252 451 25 255 96 255
252 630 25 255 52 255
252 702 25 255 165 255
252 1271 25 255 135 255
253 346 25 255 216 255
253 676 25 255 229 255
253 894 25 255 229 255
253 973 25 255 192 255
253 1009 25 255 222 255
253 1343 25 255 214 255
254 717 25 63 255 255
254 724 25 39 255 255
254 1214 25 36 255 255
254 1220 25 33 255 255
255 357 92 25 255 255
255 546 25 37 255 255
255 1081 25 44 255 255
255 1263 40 25 255 255
255 1282 45 25 255 255
256 548 25 207 255 255
256 614 25 196 255 255
256 679 25 200 255 255
256 987 25 199 255 255
256 1054 25 197 255 255
256 1342 25 255 246 255
257 393 25 210 255 255
257 524 25 255 250 255
257 1006 25 255 246 255
257 1077 25 255 240 255
258 417 25 221 255 255
258 447 25 146 255 255
258 610 25 169 255 255
258 796 25 176 255 255
258 864 25 193 255 255
258 1242 25 189 255 255
259 327 25 158 255 255
259 1241 25 198 255 255
260 866 192 255 25 255
260 999 152 255 25 255
260 1044 155 255 25 255
260 1212 157 255 25 255
260 1298 125 255 25 255
261 400 25 226 255 255
261 511 25 195 255 255
261 611 25 101 255 255
261 1032 25 244 255 255
261 1049 25 143 255 255
261 1217 25 137 255 255
261 1243 25 238 255 255
262 415 255 207 25 255
262 462 254 255 25 255
262 1043 255 209 25 255
262 1051 255 205 25 255
262 1381 255 213 25 255
263 280 168 255 25 255
263 409 200 255 25 255
263 491 214 255 25 255
263 707 200 255 25 255
263 949 241 255 25 255
264 265 25 106 255 255
264 651 25 220 255 255
264 744 25 115 255 255
264 1049 25 126 255 255
264 1070 25 83 255 255
264 1205 25 151 255 255
265 611 25 71 255 255
265 1049 25 114 255 255
265 1070 25 70 255 255
266 298 25 245 255 255
266 375 25 255 251 255
266 849 25 255 194 255
266 1135 25 255 187 255
266 1189 25 255 171 255
266 1332 25 255 245 255
267 365 25 182 255 255
267 1216 25 183 255 255
267 1259 25 171 255 255
267 1384 25 190 255 255
268 345 25 255 166 255
268 477 36 255 25 255
268 917 25 255 63 255
268 1137 25 255 140 255
269 280 55 255 25 255
269 649 25 255 73 255
269 747 25 255 60 255
269 964 39 255 25 255
269 986 45 255 25 255
269 1027 25 255 28 255
269 1082 25 255 54 255
269 1089 25 255 69 255
269 1210 25 255 86 255
270 705 25 132 255 255
270 948 25 125 255 255
270 985 25 119 255 255
270 1223 25 130 255 255
270 1230 25 132 255 255
271 641 25 182 255 255
271 1136 25 198 255 255
271 1168 25 181 255 255
271 1301 25 192 255 255
272 393 25 141 255 255
272 458 25 55 255 255
272 899 25 178 255 255
273 687 25 144 255 255
273 699 25 139 255 255
273 790 25 149 255 255
273 838 25 163 255 255
273 1253 25 138 255 255
273 1390 25 150 255 255
274 275 25 231 255 255
274 327 25 196 255 255
274 1241 25 236 255 255
275 327 25 195 255 255
275 676 25 251 255 255
275 1009 25 255 251 255
276 277 25 69 255 255
276 670 25 43 255 255
276 903 25 61 255 255
276 1159 25 102 255 255
276 1286 25 70 255 255
276 1369 25 81 255 255
276 1388 25 57 255 255
277 670 25 47 255 255
277 1159 25 106 255 255
277 1354 25 57 255 255
278 363 160 255 25 255
278 432 196 255 25 255
278 570 204 255 25 255
278 582 137 255 25 255
278 673 136 255 25 255
278 690 140 255 25 255
278 1394 170 255 25 255
279 888 25 255 242 255
279 1171 25 255 247 255
279 1239 25 255 225 255
279 1285 25 255 216 255
279 1382 25 255 252 255
280 349 162 255 25 255
280 409 142 255 25 255
280 964 95 255 25 255
280 986 101 255 25 255
280 989 112 255 25 255
281 282 25 255 34 255
281 296 25 255 45 255
281 483 25 255 62 255
281 994 25 255 63 255
282 296 25 255 35 255
282 504 52 255 25 255
282 884 25 255 28 255
283 309 25 255 126 255
283 344 25 255 160 255
283 424 25 255 134 255
283 602 25 255 140 255
284 397 88 255 25 255
284 824 89 255 25 255
284 885 83 255 25 255
285 372 25 216 255 255
285 429 25 241 255 255
285 603 25 255 249 255
285 739 25 218 255 255
285 783 25 233 255 255
285 1138 25 229 255 255
286 434 255 247 25 255
286 560 255 184 25 255
286 897 255 252 25 255
286 1028 255 182 25 255
287 404 25 165 255 255
287 717 25 137 255 255
287 1214 25 110 255 255
287 1324 25 157 255 255
288 344 25 255 191 255
288 379 25 255 213 255
288 602 25 255 171 255
288 924 25 255 183 255
288 984 25 255 144 255
288 1024 25 255 204 255
288 1191 25 255 172 255
288 1306 25 255 220 255
289 344 25 255 203 255
289 379 25 255 226 255
289 424 25 255 177 255
289 485 25 255 247 255
290 394 25 255 67 255
290 926 25 255 36 255
290 1026 25 255 36 255
291 292 95 255 25 255
291 534 86 255 25 255
291 810 42 255 25 255
292 403 166 255 25 255
292 462 159 255 25 255
292 534 103 255 25 255
292 692 47 255 25 255
292 810 58 255 25 255
292 1224 114 255 25 255
293 298 25 194 255 255
293 779 25 149 255 255
293 787 25 201 255 255
293 900 25 144 255 255
293 1072 25 167 255 255
294 385 161 255 25 255
294 512 181 255 25 255
294 1157 139 255 25 255
294 1169 209 255 25 255
294 1338 174 255 25 255
295 1143 32 255 25 255
296 521 25 255 54 255
296 884 25 255 39 255
296 994 25 255 65 255
296 1375 25 255 32 255
297 342 130 25 255 255
297 357 137 25 255 255
297 507 151 25 255 255
297 647 128 25 255 255
297 1087 137 25 255 255
298 375 25 224 255 255
298 742 25 199 255 255
298 787 25 217 255 255
298 1072 25 184 255 255
298 1332 25 230 255 255
299 521 25 255 48 255
299 1143 31 255 25 255
299 1375 25 255 26 255
300 577 33 255 25 255
300 588 25 255 37 255
300 935 25 255 47 255
300 1314 25 255 31 255
301 509 25 255 170 255
301 567 25 255 161 255
301 907 25 255 181 255
301 1111 25 255 155 255
302 632 25 255 141 255
302 694 25 255 181 255
302 1094 25 255 168 255
302 1397 25 255 154 255
303 304 25 205 255 255
303 361 25 197 255 255
303 1021 25 184 255 255
303 1097 25 196 255 255
303 1236 25 196 255 255
303 1365 25 172 255 255
304 361 25 213 255 255
304 1175 25 212 255 255
304 1236 25 211 255 255
304 1304 25 243 255 255
305 729 25 255 47 255
305 776 77 255 25 255
305 866 139 255 25 255
305 912 99 255 25 255
305 1059 34 255 25 255
305 1132 67 255 25 255
305 1340 103 255 25 255
306 363 143 255 25 255
306 455 103 255 25 255
306 520 107 255 25 255
306 1272 125 255 25 255
307 384 25 255 170 255
307 413 25 255 80 255
307 550 25 255 153 255
307 1093 25 255 106 255
307 1247 25 255 104 255
307 1372 25 255 217 255
308 337 25 255 67 255
308 764 25 255 72 255
308 836 25 255 99 255
308 1035 25 255 104 255
308 1039 25 255 101 255
308 1218 25 255 105 255
309 602 25 255 130 255
309 706 25 255 117 255
310 622 113 255 25 255
310 746 145 255 25 255
310 818 132 255 25 255
310 1252 131 255 25 255
311 420 255 124 25 255
311 605 255 161 25 255
311 773 255 137 25 255
311 798 255 144 25 255
312 417 25 255 170 255
312 768 25 255 109 255
312 772 25 255 54 255
312 1071 25 255 44 255
312 1182 25 255 153 255
313 411 188 255 25 255
313 425 177 255 25 255
313 427 174 255 25 255
313 559 148 255 25 255
314 754 255 232 25 255
314 755 255 220 25 255
314 862 255 221 25 255
314 942 255 219 25 255
314 1043 255 212 25 255
314 1103 255 223 25 255
315 419 255 94 25 255
315 538 255 185 25 255
315 1020 255 104 25 255
315 1351 255 182 25 255
316 414 25 255 48 255
316 435 53 255 25 255
316 771 25 255 53 255
316 1105 25 255 45 255
317 398 255 164 25 255
317 478 255 193 25 255
317 604 255 172 25 255
317 906 255 178 25 255
317 1303 255 225 25 255
317 1374 255 172 25 255
318 405 25 255 51 255
318 412 25 255 74 255
318 465 25 255 111 255
318 466 25 255 90 255
318 1264 25 255 27 255
319 320 25 84 255 255
319 378 28 25 255 255
319 539 55 25 255 255
319 854 47 25 255 255
319 1005 25 51 255 255
319 1353 37 25 255 255
320 360 25 176 255 255
320 378 25 77 255 255
320 785 25 152 255 255
320 1005 25 106 255 255
320 1254 25 149 255 255
321 729 25 255 160 255
321 732 25 255 216 255
321 929 25 255 176 255
321 967 25 255 191 255
321 1003 25 255 210 255
322 791 25 190 255 255
322 901 25 196 255 255
322 1355 25 186 255 255
323 329 42 255 25 255
323 373 146 255 25 255
323 428 32 255 25 255
323 591 133 255 25 255
323 691 80 255 25 255
323 1032 25 255 57 255
323 1255 57 255 25 255
324 325 25 120 255 255
324 717 25 123 255 255
324 1029 25 136 255 255
324 1251 25 133 255 255
324 1311 25 134 255 255
325 529 25 113 255 255
325 717 25 120 255 255
325 767 25 111 255 255
325 1029 25 133 255 255
326 350 61 255 25 255
326 445 25 255 51 255
326 520 57 255 25 255
326 1019 65 255 25 255
326 1296 25 255 60 255
326 1337 25 255 33 255
327 1241 25 200 255 255
327 1365 25 157 255 255
328 550 25 255 142 255
328 1093 25 255 95 255
328 1135 25 255 140 255
328 1267 25 255 88 255
328 1332 25 255 198 255
329 400 25 255 143 255
329 428 25 255 86 255
329 1243 25 255 131 255
329 1255 25 255 60 255
330 349 225 255 25 255
330 576 255 235 25 255
330 949 246 255 25 255
330 983 252 255 25 255
331 786 25 255 117 255
331 807 25 255 80 255
331 1090 25 255 89 255
331 1380 25 255 95 255
332 528 25 255 33 255
332 559 76 255 25 255
332 564 25 255 30 255
332 577 41 255 25 255
332 588 25 255 29 255
332 793 26 255 25 255
332 815 25 255 28 255
332 874 25 255 27 255
333 334 25 255 81 255
333 358 25 255 60 255
333 869 25 255 95 255
333 1062 25 255 63 255
333 1336 25 255 64 255
334 545 25 255 102 255
334 815 25 255 67 255
334 869 25 255 105 255
334 1336 25 255 75 255
335 436 25 156 255 255
335 687 25 141 255 255
335 882 25 163 255 255
335 948 25 134 255 255
335 1223 25 140 255 255
336 533 25 255 118 255
336 872 25 255 128 255
336 1166 25 255 97 255
336 1393 25 255 78 255
337 764 25 255 50 255
337 996 51 255 25 255
337 1039 25 255 79 255
337 1092 25 255 33 255
338 553 25 167 255 255
338 791 25 183 255 255
338 821 25 163 255 255
338 1153 25 174 255 255
338 1185 25 173 255 255
338 1261 25 173 255 255
338 1312 25 170 255 255
339 340 255 209 25 255
339 684 255 187 25 255
339 715 255 251 25 255
339 972 255 202 25 255
339 1169 255 246 25 255
339 1203 255 208 25 255
339 1325 255 220 25 255
340 341 255 222 25 255
340 715 255 241 25 255
340 910 255 217 25 255
340 925 255 173 25 255
340 1203 255 198 25 255
341 715 244 255 25 255
341 910 255 240 25 255
342 647 105 25 255 255
342 740 117 25 255 255
342 854 90 25 255 255
342 858 121 25 255 255
342 1012 101 25 255 255
343 801 200 255 25 255
343 946 251 255 25 255
343 1104 202 255 25 255
344 379 25 255 206 255
344 424 25 255 158 255
344 602 25 255 164 255
344 924 25 255 176 255
345 353 25 255 250 255
345 439 25 255 240 255
345 929 25 255 195 255
345 1003 25 255 229 255
345 1106 25 249 255 255
345 1137 25 255 205 255
346 569 25 255 196 255
346 676 25 255 226 255
346 894 25 255 227 255
346 1122 25 255 202 255
347 502 25 255 138 255
347 527 25 255 122 255
347 704 25 255 67 255
347 761 25 255 131 255
347 971 25 255 141 255
347 1030 25 255 55 255
348 660 255 143 25 255
348 850 255 135 25 255
348 1215 255 123 25 255
349 514 174 255 25 255
349 898 167 255 25 255
349 989 164 255 25 255
350 487 117 255 25 255
350 497 112 255 25 255
350 622 96 255 25 255
350 1019 103 255 25 255
350 1193 106 255 25 255
350 1337 55 255 25 255
351 407 25 176 255 255
351 1241 25 226 255 255
351 1398 25 203 255 255
352 608 209 255 25 255
352 774 255 226 25 255
352 847 255 231 25 255
352 921 255 216 25 255
352 1362 254 255 25 255
353 439 25 251 255 255
353 998 25 230 255 255
353 1106 25 231 255 255
353 1145 25 240 255 255
353 1317 25 243 255 255
354 756 25 255 58 255
354 945 46 255 25 255
354 1370 25 255 56 255
355 530 25 37 255 255
355 633 25 73 255 255
355 713 25 46 255 255
355 848 25 36 255 255
356 504 69 255 25 255
356 982 38 255 25 255
356 1121 25 255 41 255
357 647 111 25 255 255
357 1087 120 25 255 255
358 652 25 255 55 255
358 793 25 255 42 255
358 919 25 255 33 255
358 1062 25 255 53 255
358 1336 25 255 54 255
359 388 25 252 255 255
359 631 25 255 223 255
359 1274 25 255 226 255
359 1321 25 255 238 255
360 785 25 188 255 255
360 1254 25 185 255 255
360 1316 25 198 255 255
361 799 25 232 255 255
361 1097 25 204 255 255
361 1304 25 235 255 255
362 618 25 210 255 255
362 726 25 205 255 255
362 1339 25 214 255 255
362 1356 25 192 255 255
363 432 200 255 25 255
363 1272 145 255 25 255
364 760 255 233 25 255
364 827 255 197 25 255
364 1056 255 196 25 255
365 518 25 210 255 255
365 780 25 200 255 255
365 934 25 203 255 255
365 975 25 205 255 255
365 1192 25 214 255 255
365 1384 25 198 255 255
366 790 25 175 255 255
366 838 25 188 255 255
366 918 25 176 255 255
366 979 25 194 255 255
366 1011 25 189 255 255
366 1047 25 205 255 255
366 1305 25 189 255 255
367 788 44 255 25 255
367 879 60 255 25 255
367 1166 25 255 48 255
367 1180 86 255 25 255
368 441 72 25 255 255
368 458 56 25 255 255
369 374 25 255 119 255
369 1117 25 255 108 255
369 1183 25 255 86 255
369 1225 25 255 143 255
370 386 25 244 255 255
370 661 25 255 228 255
370 974 25 255 243 255
370 1112 25 248 255 255
370 1127 25 255 226 255
370 1139 25 235 255 255
370 1184 25 224 255 255
370 1234 25 233 255 255
370 1386 25 226 255 255
370 1399 25 255 200 255
371 391 97 255 25 255
371 704 53 255 25 255
371 859 88 255 25 255
371 1030 66 255 25 255
371 1123 96 255 25 255
371 1270 93 255 25 255
371 1307 86 255 25 255
372 590 25 184 255 255
372 739 25 228 255 255
372 887 25 164 255 255
373 591 169 255 25 255
373 996 140 255 25 255
373 1048 204 255 25 255
373 1255 93 255 25 255
373 1302 204 255 25 255
374 1183 25 255 102 255
374 1201 25 255 136 255
374 1213 25 255 139 255
374 1225 25 255 159 255
375 702 25 255 242 255
375 787 25 230 255 255
376 498 199 255 25 255
376 760 214 255 25 255
376 1001 143 255 25 255
376 1392 205 255 25 255
377 640 25 212 255 255
377 659 25 166 255 255
377 794 25 252 255 255
377 797 25 255 224 255
377 1150 25 225 255 255
378 1263 26 25 255 255
378 1353 44 25 255 255
379 485 25 255 250 255
379 1306 25 255 235 255
380 394 25 255 78 255
380 688 25 255 48 255
380 926 25 255 47 255
380 1129 25 255 100 255
380 1134 25 255 83 255
381 659 25 110 255 255
381 782 25 87 255 255
382 409 169 255 25 255
382 644 149 255 25 255
382 707 169 255 25 255
382 710 167 255 25 255
382 1061 151 255 25 255
382 1207 153 255 25 255
382 1276 167 255 25 255
383 798 255 126 25 255
383 1015 255 112 25 255
383 1074 255 142 25 255
383 1283 255 114 25 255
384 664 25 255 233 255
384 1247 25 255 118 255
384 1372 25 255 231 255
385 477 131 255 25 255
385 512 160 255 25 255
385 860 107 255 25 255
385 1137 25 255 45 255
386 780 25 220 255 255
386 1112 25 236 255 255
386 1139 25 223 255 255
386 1192 25 234 255 255
386 1280 25 217 255 255
387 511 25 255 221 255
387 651 25 255 178 255
387 691 25 255 85 255
387 873 25 255 152 255
387 1049 25 237 255 255
388 389 25 239 255 255
388 646 25 221 255 255
389 417 25 255 253 255
389 646 25 226 255 255
389 1242 25 225 255 255
389 1321 25 255 251 255
390 636 25 124 255 255
390 952 25 171 255 255
390 1220 25 78 255 255
390 1354 25 67 255 255
391 623 128 255 25 255
391 746 141 255 25 255
391 1123 123 255 25 255
391 1295 136 255 25 255
392 862 255 244 25 255
392 866 222 255 25 255
392 891 249 255 25 255
392 1114 255 247 25 255
393 524 25 225 255 255
393 899 25 212 255 255
394 926 25 255 61 255
394 1129 25 255 114 255
395 814 25 255 198 255
395 908 25 255 180 255
395 931 25 220 255 255
395 1086 25 213 255 255
396 425 176 255 25 255
396 559 147 255 25 255
396 863 144 255 25 255
396 889 182 255 25 255
397 586 95 255 25 255
397 880 109 255 25 255
397 885 85 255 25 255
398 572 255 177 25 255
398 604 255 161 25 255
398 684 255 154 25 255
398 695 255 146 25 255
398 827 255 175 25 255
398 1374 255 161 25 255
399 403 252 255 25 255
399 535 255 252 25 255
399 615 255 220 25 255
399 638 255 224 25 255
399 658 255 219 25 255
399 840 255 214 25 255
400 428 25 255 153 255
400 1032 25 255 192 255
400 1243 25 255 198 255
401 566 25 255 150 255
401 593 25 255 161 255
401 708 25 255 158 255
401 895 25 255 144 255
401 1196 25 255 151 255
402 536 25 255 121 255
402 566 25 255 135 255
402 895 25 255 130 255
402 1065 25 255 132 255
402 1158 25 255 121 255
402 1196 25 255 136 255
403 462 213 255 25 255
403 534 156 255 25 255
403 535 224 255 25 255
404 1186 25 191 255 255
404 1214 25 125 255 255
404 1324 25 172 255 255
405 751 28 255 25 255
405 1264 60 255 25 255
406 487 150 255 25 255
406 752 216 255 25 255
406 938 155 255 25 255
406 1126 164 255 25 255
406 1131 172 255 25 255
407 485 25 189 255 255
407 1021 25 159 255 255
407 1365 25 147 255 255
407 1398 25 168 255 255
408 474 134 255 25 255
408 879 102 255 25 255
408 937 152 255 25 255
408 1042 93 255 25 255
408 1091 150 255 25 255
409 707 174 255 25 255
409 710 171 255 25 255
409 986 132 255 25 255
410 441 44 25 255 255
410 442 25 68 255 255
410 678 25 82 255 255
411 425 185 255 25 255
411 427 182 255 25 255
411 484 218 255 25 255
411 851 193 255 25 255
411 889 191 255 25 255
412 466 25 255 76 255
412 781 25 255 53 255
412 834 25 255 82 255
412 1264 37 255 25 255
412 1322 52 255 25 255
413 947 74 255 25 255
413 1093 25 255 29 255
413 1161 65 255 25 255
413 1247 25 255 27 255
414 994 25 255 83 255
415 489 255 236 25 255
415 693 255 232 25 255
415 1043 255 209 25 255
415 1103 255 219 25 255
415 1381 255 213 25 255
416 520 109 255 25 255
416 544 131 255 25 255
416 1272 128 255 25 255
417 579 25 255 216 255
417 768 25 255 179 255
417 864 25 242 255 255
417 1066 25 255 229 255
417 1182 25 255 222 255
417 1242 25 238 255 255
417 1321 25 255 237 255
418 682 34 255 25 255
418 734 71 255 25 255
418 842 25 255 36 255
418 1083 44 255 25 255
418 1367 52 255 25 255
419 1020 255 63 25 255
420 421 255 98 25 255
420 605 255 141 25 255
420 686 255 116 25 255
420 735 255 132 25 255
420 773 255 117 25 255
420 1080 255 119 25 255
421 686 255 110 25 255
421 749 255 114 25 255
421 1080 255 114 25 255
422 510 51 255 25 255
422 592 28 255 25 255
422 1258 40 255 25 255
423 477 172 255 25 255
423 572 255 244 25 255
423 891 236 255 25 255
423 1113 214 255 25 255
424 750 25 255 138 255
424 1396 25 255 95 255
425 559 145 255 25 255
425 889 181 255 25 255
426 522 130 255 25 255
426 886 101 255 25 255
426 896 106 255 25 255
426 1394 143 255 25 255
428 1032 25 255 134 255
429 603 25 255 215 255
429 1156 25 255 244 255
429 1197 25 255 187 255
430 431 255 117 25 255
430 634 255 158 25 255
430 643 255 98 25 255
431 561 255 85 25 255
431 626 255 69 25 255
431 634 255 119 25 255
431 643 255 60 25 255
431 1084 255 73 25 255
432 472 255 249 25 255
432 570 243 255 25 255
432 831 237 255 25 255
433 685 25 255 45 255
433 770 25 255 49 255
433 1151 25 255 51 255
433 1373 25 255 57 255
434 560 255 238 25 255
434 879 141 255 25 255
434 897 203 255 25 255
434 937 190 255 25 255
434 1091 189 255 25 255
434 1180 168 255 25 255
435 880 99 255 25 255
435 1025 57 255 25 255
435 1105 25 255 27 255
436 687 25 153 255 255
436 778 25 178 255 255
436 838 25 172 255 255
436 882 25 176 255 255
436 979 25 177 255 255
436 1305 25 173 255 255
437 438 25 255 116 255
437 598 25 255 116 255
437 680 25 255 122 255
437 958 25 255 93 255
437 982 25 255 69 255
437 1079 25 255 72 255
437 1291 25 255 97 255
438 598 25 255 126 255
438 680 25 255 132 255
438 723 25 255 140 255
438 1100 25 255 162 255
439 573 25 220 255 255
439 998 25 239 255 255
439 1137 25 255 214 255
439 1145 25 250 255 255
440 468 179 255 25 255
440 612 186 255 25 255
440 841 125 255 25 255
441 458 62 25 255 255
442 443 25 116 255 255
442 678 25 109 255 255
442 1232 25 131 255 255
443 454 25 126 255 255
443 1040 25 180 255 255
443 1052 25 195 255 255
443 1232 25 152 255 255
444 773 255 147 25 255
444 946 255 212 25 255
444 1165 255 175 25 255
445 520 33 255 25 255
445 620 25 255 72 255
445 816 25 255 104 255
445 1046 25 255 100 255
445 1296 25 255 84 255
446 537 25 165 255 255
446 664 25 209 255 255
446 742 25 189 255 255
446 804 25 169 255 255
446 1372 25 212 255 255
447 610 25 143 255 255
447 639 25 105 255 255
447 782 25 94 255 255
448 685 34 255 25 255
448 944 26 255 25 255
448 945 64 255 25 255
448 1018 84 255 25 255
449 711 66 255 25 255
449 817 63 255 25 255
449 844 44 255 25 255
450 832 25 255 143 255
450 837 25 255 133 255
450 1163 25 255 132 255
450 1219 25 255 120 255
450 1278 25 255 140 255
451 809 25 255 101 255
451 853 25 255 55 255
452 453 49 255 25 255
452 501 80 255 25 255
452 936 63 255 25 255
452 976 60 255 25 255
452 1125 90 255 25 255
452 1273 77 255 25 255
453 936 50 255 25 255
453 976 47 255 25 255
453 1071 50 255 25 255
453 1231 25 255 69 255
454 549 25 102 255 255
454 666 25 87 255 255
454 669 25 133 255 255
454 1168 25 145 255 255
455 520 87 255 25 255
455 582 100 255 25 255
455 620 32 255 25 255
455 690 103 255 25 255
455 1237 79 255 25 255
456 610 25 164 255 255
456 619 25 246 255 255
456 639 25 126 255 255
456 1150 25 196 255 255
457 667 25 255 201 255
457 890 25 255 180 255
457 1121 25 255 166 255
457 1205 25 225 255 255
458 666 25 31 255 255
459 821 25 144 255 255
459 1249 25 131 255 255
459 1261 25 155 255 255
459 1312 25 151 255 255
460 950 131 255 25 255
460 959 122 255 25 255
460 1076 108 255 25 255
461 558 25 255 36 255
461 770 25 255 44 255
461 855 25 255 43 255
462 1224 160 255 25 255
463 642 127 255 25 255
463 743 104 255 25 255
463 845 149 255 25 255
463 863 120 255 25 255
463 889 159 255 25 255
463 1026 75 255 25 255
463 1058 148 255 25 255
464 561 255 97 25 255
464 753 255 111 25 255
464 1084 255 86 25 255
465 466 25 255 113 255
465 597 25 255 107 255
466 834 25 255 99 255
467 651 25 255 149 255
467 757 25 255 61 255
467 873 25 255 123 255
467 1348 35 255 25 255
468 1149 234 255 25 255
469 696 25 255 224 255
469 727 25 247 255 255
469 728 25 255 163 255
469 800 25 255 157 255
470 541 255 200 25 255
470 596 205 255 25 255
470 701 255 217 25 255
470 792 255 248 25 255
471 543 236 255 25 255
471 851 207 255 25 255
471 883 238 255 25 255
471 1199 215 255 25 255
471 1328 200 255 25 255
472 570 255 241 25 255
472 615 255 220 25 255
472 831 255 247 25 255
472 840 255 214 25 255
473 585 25 255 98 255
473 672 25 255 37 255
473 1204 25 255 101 255
473 1237 25 255 26 255
474 476 135 255 25 255
474 937 156 255 25 255
474 1042 97 255 25 255
475 517 33 255 25 255
475 762 25 255 75 255
475 927 25 255 69 255
475 1030 51 255 25 255
475 1208 59 255 25 255
475 1330 61 255 25 255
475 1364 53 255 25 255
476 781 68 255 25 255
476 937 152 255 25 255
476 1042 93 255 25 255
476 1096 111 255 25 255
476 1361 153 255 25 255
476 1393 65 255 25 255
477 512 151 255 25 255
477 917 73 255 25 255
477 1113 163 255 25 255
477 1137 25 255 54 255
478 498 254 255 25 255
478 847 255 215 25 255
478 906 255 196 25 255
478 1303 255 243 25 255
478 1362 255 239 25 255
478 1392 255 249 25 255
479 633 25 117 255 255
479 1106 25 173 255 255
479 1148 25 172 255 255
479 1248 25 181 255 255
480 678 25 160 255 255
480 721 25 206 255 255
480 957 25 205 255 255
480 1034 25 228 255 255
480 1040 25 209 255 255
480 1232 25 181 255 255
480 1389 25 191 255 255
481 685 25 255 60 255
481 1117 25 255 97 255
481 1151 25 255 66 255
481 1183 25 255 75 255
481 1373 25 255 72 255
482 765 140 255 25 255
482 902 146 255 25 255
482 968 221 255 25 255
482 1124 255 253 25 255
482 1147 232 255 25 255
482 1377 150 255 25 255
483 923 25 255 63 255
483 1025 25 255 43 255
483 1105 25 255 77 255
484 851 215 255 25 255
484 883 246 255 25 255
484 1299 255 252 25 255
485 1021 25 208 255 255
485 1235 25 231 255 255
485 1306 25 253 255 255
485 1398 25 217 255 255
486 785 25 143 255 255
486 852 25 54 255 255
486 961 25 104 255 255
486 1005 25 97 255 255
486 1327 25 145 255 255
487 497 130 255 25 255
487 818 134 255 25 255
487 938 141 255 25 255
487 1126 149 255 25 255
487 1193 125 255 25 255
488 798 255 173 25 255
488 1074 255 189 25 255
489 693 247 255 25 255
489 746 201 255 25 255
489 752 255 254 25 255
489 1126 203 255 25 255
489 1381 255 242 25 255
490 495 25 255 29 255
490 758 25 255 100 255
490 1063 25 255 39 255
490 1275 25 255 58 255
490 1291 25 255 69 255
491 543 225 255 25 255
491 707 189 255 25 255
491 822 183 255 25 255
491 949 230 255 25 255
491 1276 187 255 25 255
492 525 25 255 118 255
492 613 25 255 152 255
492 834 25 255 127 255
492 1102 25 255 162 255
493 830 25 255 93 255
493 1055 25 255 80 255
494 567 25 255 147 255
494 667 25 255 151 255
494 1111 25 255 142 255
494 1121 25 255 116 255
494 1277 25 255 181 255
495 672 46 255 25 255
495 758 25 255 79 255
495 930 39 255 25 255
495 1063 31 255 25 255
496 505 25 255 195 255
496 1034 25 255 229 255
496 1239 25 255 209 255
496 1359 25 255 196 255
497 938 135 255 25 255
497 1019 116 255 25 255
498 1001 154 255 25 255
498 1362 226 255 25 255
498 1392 216 255 25 255
499 569 25 255 161 255
499 662 25 255 147 255
499 719 25 255 129 255
499 953 25 255 166 255
500 776 26 255 25 255
500 929 25 255 114 255
500 956 25 255 78 255
501 644 115 255 25 255
501 936 81 255 25 255
501 1125 107 255 25 255
501 1202 103 255 25 255
502 714 25 255 175 255
502 761 25 255 149 255
502 962 25 255 167 255
502 971 25 255 158 255
503 571 25 255 54 255
503 736 25 255 80 255
503 775 68 255 25 255
503 1013 74 255 25 255
503 1076 70 255 25 255
503 1154 62 255 25 255
503 1346 55 255 25 255
504 884 49 255 25 255
504 1375 55 255 25 255
505 1034 25 255 215 255
505 1040 25 255 234 255
505 1052 25 255 219 255
505 1218 25 255 151 255
506 507 156 25 255 255
506 594 129 25 255 255
506 1087 142 25 255 255
507 594 121 25 255 255
507 852 106 25 255 255
507 858 142 25 255 255
507 1099 137 25 255 255
508 789 25 255 97 255
508 800 25 255 118 255
509 567 25 255 163 255
509 756 25 255 130 255
509 907 25 255 184 255
510 592 44 255 25 255
510 698 129 255 25 255
511 691 25 255 136 255
511 1032 25 255 223 255
511 1049 25 186 255 255
512 1113 193 255 25 255
513 723 25 255 167 255
513 814 25 255 191 255
513 907 25 255 187 255
513 1100 25 255 188 255
514 617 115 255 25 255
514 650 103 255 25 255
514 823 129 255 25 255
514 898 127 255 25 255
514 1023 109 255 25 255
515 516 138 255 25 255
515 589 96 255 25 255
515 596 127 255 25 255
515 808 115 255 25 255
515 865 131 255 25 255
515 970 114 255 25 255
516 607 183 255 25 255
516 730 170 255 25 255
516 808 138 255 25 255
516 865 155 255 25 255
516 970 138 255 25 255
517 656 25 255 64 255
517 856 36 255 25 255
517 857 36 255 25 255
517 927 25 255 77 255
517 1016 45 255 25 255
517 1364 45 255 25 255
517 1391 25 255 55 255
518 934 25 223 255 255
518 975 25 225 255 255
518 1192 25 234 255 255
519 745 25 255 152 255
519 777 25 255 148 255
519 1233 25 255 138 255
519 1333 25 255 95 255
520 544 113 255 25 255
520 620 35 255 25 255
520 1272 109 255 25 255
521 1375 25 255 40 255
522 637 195 255 25 255
522 824 124 255 25 255
522 886 127 255 25 255
522 1394 169 255 25 255
523 700 25 101 255 255
523 829 25 98 255 255
523 1253 25 113 255 255
524 881 25 255 237 255
524 899 25 255 248 255
524 1006 25 255 231 255
524 1077 25 255 225 255
525 613 25 255 121 255
525 781 25 255 67 255
525 834 25 255 96 255
525 872 25 255 119 255
526 527 25 255 103 255
526 622 31 255 25 255
526 1075 25 255 110 255
526 1296 25 255 88 255
526 1337 25 255 61 255
527 971 25 255 142 255
527 1075 25 255 131 255
528 652 25 255 56 255
528 793 25 255 43 255
528 815 25 255 47 255
528 1336 25 255 55 255
529 767 25 107 255 255
529 829 25 103 255 255
529 1029 25 129 255 255
529 1368 25 127 255 255
530 848 25 35 255 255
530 998 25 127 255 255
530 1228 25 46 255 255
531 656 25 255 102 255
531 1197 25 255 121 255
531 1391 25 255 94 255
532 1014 25 199 255 255
532 1318 25 201 255 255
532 1356 25 173 255 255
533 741 25 255 154 255
533 1166 25 255 110 255
534 535 161 255 25 255
534 621 44 255 25 255
534 810 49 255 25 255
534 1037 91 255 25 255
535 638 255 251 25 255
535 968 226 255 25 255
535 1037 159 255 25 255
536 830 25 255 113 255
536 1065 25 255 124 255
536 1089 25 255 99 255
536 1158 25 255 113 255
537 742 25 163 255 255
537 804 25 143 255 255
537 911 25 106 255 255
537 1072 25 148 255 255
537 1081 25 120 255 255
538 828 252 255 25 255
538 1227 238 255 25 255
538 1229 255 224 25 255
538 1348 202 255 25 255
538 1351 255 232 25 255
539 740 107 25 255 255
539 854 81 25 255 255
539 1353 71 25 255 255
540 878 216 255 25 255
540 1010 255 247 25 255
541 596 243 255 25 255
541 701 255 179 25 255
541 925 255 155 25 255
541 1169 255 218 25 255
541 1170 221 255 25 255
541 1203 255 179 25 255
541 1338 255 253 25 255
542 586 101 255 25 255
542 612 157 255 25 255
542 805 164 255 25 255
542 841 97 255 25 255
542 880 116 255 25 255
542 1095 89 255 25 255
543 883 250 255 25 255
543 949 252 255 25 255
543 983 255 252 25 255
546 900 25 99 255 255
546 969 25 89 255 255
546 1081 25 95 255 255
546 1282 25 56 255 255
546 1300 25 91 255 255
547 552 255 187 25 255
547 686 255 165 25 255
547 749 255 168 25 255
547 1080 255 168 25 255
548 614 25 183 255 255
548 908 25 255 241 255
548 1086 25 152 255 255
548 1117 25 255 215 255
548 1200 25 175 255 255
548 1225 25 255 249 255
548 1342 25 250 255 255
549 666 25 73 255 255
549 669 25 120 255 255
550 1093 25 255 102 255
550 1332 25 255 205 255
551 619 25 255 134 255
551 797 25 255 123 255
551 1167 25 255 84 255
551 1222 25 255 72 255
552 576 255 185 25 255
552 1080 255 153 25 255
552 1268 255 144 25 255
552 1309 255 191 25 255
553 821 25 151 255 255
553 1185 25 160 255 255
553 1223 25 145 255 255
553 1230 25 146 255 255
554 663 25 148 255 255
554 717 25 130 255 255
554 1251 25 139 255 255
554 1311 25 140 255 255
555 565 25 255 183 255
555 933 25 255 178 255
555 1031 25 255 148 255
555 1067 25 255 155 255
555 1358 25 255 163 255
556 869 25 255 120 255
556 1062 25 255 89 255
556 1094 25 255 146 255
556 1256 25 255 102 255
556 1397 25 255 132 255
557 694 25 255 209 255
557 963 25 255 230 255
557 1094 25 255 196 255
557 1358 25 255 191 255
558 841 54 255 25 255
558 1079 25 255 35 255
559 577 81 255 25 255
559 863 113 255 25 255
560 1028 255 173 25 255
560 1287 255 182 25 255
561 753 255 104 25 255
561 1084 255 79 25 255
561 1181 255 117 25 255
561 1351 255 159 25 255
562 607 213 255 25 255
562 645 219 255 25 255
562 792 235 255 25 255
562 910 247 255 25 255
563 714 25 255 205 255
563 732 25 255 228 255
563 783 25 255 232 255
563 868 25 255 208 255
563 967 25 255 202 255
564 588 25 255 45 255
564 874 25 255 42 255
565 933 25 255 196 255
565 1358 25 255 181 255
565 1360 25 255 209 255
566 895 25 255 136 255
566 1196 25 255 143 255
567 756 25 255 120 255
567 1111 25 255 148 255
568 600 255 218 25 255
568 813 255 224 25 255
568 1110 255 227 25 255
568 1118 255 212 25 255
568 1299 255 230 25 255
569 662 25 255 166 255
569 843 25 255 186 255
569 953 25 255 184 255
569 1122 25 255 185 255
570 615 255 237 25 255
570 637 243 255 25 255
570 766 255 254 25 255
570 1088 255 242 25 255
570 1394 216 255 25 255
571 632 25 255 112 255
571 718 25 255 141 255
571 736 25 255 134 255
571 914 25 255 133 255
571 1076 25 255 34 255
571 1256 25 255 96 255
572 695 255 171 25 255
572 827 255 200 25 255
572 891 255 231 25 255
572 1056 255 198 25 255
573 875 25 151 255 255
573 998 25 199 255 255
573 1228 25 118 255 255
574 628 25 254 255 255
574 657 25 247 255 255
574 966 25 225 255 255
574 1006 25 255 250 255
574 1008 25 240 255 255
574 1136 25 223 255 255
574 1194 25 233 255 255
574 1319 25 221 255 255
575 616 25 255 181 255
575 839 25 255 184 255
575 843 25 255 198 255
576 983 255 220 25 255
576 1146 255 191 25 255
576 1309 255 204 25 255
577 588 26 255 25 255
577 863 78 255 25 255
577 1026 33 255 25 255
578 609 159 255 25 255
578 940 164 255 25 255
578 1002 168 255 25 255
578 1199 189 255 25 255
578 1328 175 255 25 255
579 737 25 255 188 255
579 1066 25 255 206 255
579 1231 25 255 159 255
580 626 255 115 25 255
580 634 255 165 25 255
580 665 255 185 25 255
580 850 255 159 25 255
580 951 255 207 25 255
580 1215 255 148 25 255
581 712 25 185 255 255
581 791 25 177 255 255
581 877 25 170 255 255
581 901 25 183 255 255
581 904 25 179 255 255
581 1379 25 168 255 255
582 673 115 255 25 255
582 690 119 255 25 255
582 1237 95 255 25 255
583 705 25 131 255 255
583 821 25 134 255 255
583 985 25 118 255 255
583 1249 25 122 255 255
584 1115 255 221 25 255
584 1155 255 223 25 255
585 672 25 255 59 255
585 811 25 255 132 255
585 832 25 255 134 255
585 1130 25 255 133 255
585 1163 25 255 123 255
585 1204 25 255 123 255
586 880 113 255 25 255
587 627 25 255 123 255
587 649 25 255 103 255
587 1078 25 255 119 255
587 1210 25 255 115 255
587 1246 25 255 120 255
588 1314 25 255 39 255
589 596 108 255 25 255
589 728 25 255 30 255
589 800 26 255 25 255
589 892 80 255 25 255
589 978 34 255 25 255
589 1157 86 255 25 255
589 1170 86 255 25 255
590 725 25 119 255 255
590 887 25 123 255 255
591 691 103 255 25 255
591 1227 180 255 25 255
591 1302 191 255 25 255
592 629 25 255 61 255
592 1073 25 255 35 255
593 627 25 255 150 255
593 708 25 255 162 255
593 991 25 255 157 255
593 1196 25 255 154 255
593 1246 25 255 147 255
594 911 36 25 255 255
594 1087 108 25 255 255
594 1099 111 25 255 255
595 922 25 255 159 255
595 939 25 255 154 255
595 991 25 255 151 255
595 1078 25 255 140 255
595 1160 25 255 173 255
596 865 144 255 25 255
596 1170 118 255 25 255
597 751 25 255 55 255
598 723 25 255 139 255
598 907 25 255 160 255
598 982 25 255 79 255
598 1111 25 255 134 255
599 1200 25 156 255 255
599 1251 25 149 255 255
599 1352 25 149 255 255
600 1110 255 219 25 255
600 1118 255 205 25 255
601 619 25 255 181 255
601 1150 25 255 231 255
601 1167 25 255 131 255
602 706 25 255 131 255
602 924 25 255 156 255
602 984 25 255 117 255
602 1178 25 255 122 255
603 656 25 255 149 255
603 783 25 255 222 255
603 868 25 255 197 255
603 927 25 255 162 255
603 1138 25 255 226 255
603 1197 25 255 168 255
604 684 255 162 25 255
604 906 255 175 25 255
605 686 255 153 25 255
605 798 255 162 25 255
605 1015 255 148 25 255
605 1283 255 150 25 255
606 1096 91 255 25 255
606 1104 121 255 25 255
606 1322 102 255 25 255
606 1361 133 255 25 255
607 910 240 255 25 255
608 731 147 255 25 255
608 774 226 255 25 255
608 995 134 255 25 255
608 1161 117 255 25 255
609 734 124 255 25 255
609 940 149 255 25 255
609 1328 160 255 25 255
610 619 25 247 255 255
610 639 25 127 255 255
610 864 25 190 255 255
610 1345 25 244 255 255
611 653 25 60 255 255
611 655 25 44 255 255
611 916 25 62 255 255
611 1049 25 92 255 255
611 1070 25 48 255 255
611 1217 25 86 255 255
612 805 218 255 25 255
612 841 150 255 25 255
613 872 25 255 153 255
613 973 25 255 160 255
613 1009 25 255 190 255
614 674 25 178 255 255
614 679 25 177 255 255
614 918 25 161 255 255
614 1200 25 164 255 255
615 658 255 215 25 255
615 840 255 209 25 255
615 1088 255 221 25 255
616 843 25 255 175 255
616 1349 25 255 159 255
617 823 110 255 25 255
617 833 82 255 25 255
617 898 108 255 25 255
617 1023 90 255 25 255
617 1266 58 255 25 255
618 635 25 193 255 255
618 1318 25 223 255 255
618 1339 25 217 255 255
618 1356 25 194 255 255
619 1150 25 255 230 255
619 1167 25 255 130 255
619 1222 25 255 118 255
619 1345 25 255 183 255
620 1046 25 255 98 255
620 1204 25 255 98 255
621 810 25 255 50 255
621 1037 42 255 25 255
621 1130 25 255 100 255
621 1172 25 255 29 255
622 818 113 255 25 255
622 1193 104 255 25 255
622 1252 113 255 25 255
622 1337 53 255 25 255
623 746 145 255 25 255
623 1252 132 255 25 255
624 984 25 255 70 255
624 1238 25 255 65 255
624 1266 25 255 40 255
625 878 135 255 25 255
625 965 131 255 25 255
625 1289 127 255 25 255
626 634 255 109 25 255
626 1084 255 63 25 255
626 1215 255 92 25 255
627 991 25 255 143 255
627 1078 25 255 132 255
627 1246 25 255 133 255
628 657 25 255 244 255
628 1006 25 255 231 255
628 1022 25 255 244 255
628 1226 25 255 248 255
628 1341 25 255 239 255
629 842 25 255 77 255
629 1073 25 255 66 255
629 1156 25 255 174 255
630 822 113 255 25 255
630 1273 78 255 25 255
631 737 25 255 195 255
631 1017 25 255 190 255
631 1274 25 255 210 255
631 1321 25 255 221 255
632 914 25 255 138 255
632 1244 25 255 129 255
632 1256 25 255 100 255
632 1397 25 255 131 255
633 713 25 82 255 255
633 725 25 101 255 255
635 636 25 164 255 255
635 726 25 188 255 255
635 1141 25 138 255 255
635 1142 25 151 255 255
635 1339 25 197 255 255
635 1356 25 174 255 255
636 952 25 203 255 255
636 1141 25 130 255 255
636 1354 25 99 255 255
637 766 247 255 25 255
637 805 230 255 25 255
637 1394 208 255 25 255
638 658 255 218 25 255
638 835 255 221 25 255
638 968 254 255 25 255
638 1124 255 221 25 255
639 659 25 101 255 255
639 782 25 78 255 255
639 1150 25 159 255 255
640 794 25 244 255 255
640 974 25 240 255 255
640 1184 25 198 255 255
641 1136 25 194 255 255
641 1168 25 177 255 255
641 1226 25 214 255 255
641 1297 25 188 255 255
642 743 100 255 25 255
642 845 145 255 25 255
642 981 133 255 25 255
644 1125 124 255 25 255
644 1202 120 255 25 255
644 1207 137 255 25 255
644 1276 151 255 25 255
644 1290 138 255 25 255
645 792 235 255 25 255
646 796 25 194 255 255
646 1242 25 207 255 255
647 1012 99 25 255 255
648 697 207 255 25 255
648 754 217 255 25 255
648 806 138 255 25 255
648 1245 150 255 25 255
649 1089 25 255 90 255
649 1158 25 255 104 255
649 1210 25 255 107 255
649 1246 25 255 112 255
650 1023 78 255 25 255
650 1326 58 255 25 255
651 873 25 255 160 255
652 793 25 255 48 255
652 1336 25 255 60 255
653 655 25 54 255 255
653 916 25 73 255 255
653 931 25 98 255 255
653 1050 25 72 255 255
653 1086 25 90 255 255
654 849 25 255 96 255
654 853 25 255 34 255
654 995 67 255 25 255
654 1189 25 255 73 255
654 1315 31 255 25 255
655 1050 25 56 255 255
655 1069 25 40 255 255
655 1070 25 42 255 255
655 1269 25 43 255 255
656 927 25 255 116 255
656 1197 25 255 121 255
656 1391 25 255 94 255
657 1008 25 251 255 255
657 1022 25 255 252 255
657 1226 25 254 255 255
657 1320 25 244 255 255
658 835 255 216 25 255
658 1088 255 220 25 255
659 782 25 89 255 255
659 1150 25 171 255 255
660 850 255 156 25 255
660 915 255 178 25 255
660 1053 255 176 25 255
660 1107 255 166 25 255
661 708 25 255 181 255
661 974 25 255 219 255
661 1160 25 255 198 255
661 1399 25 255 176 255
662 719 25 255 134 255
662 843 25 255 172 255
662 1349 25 255 156 255
663 980 25 169 255 255
664 1372 25 229 255 255
665 850 255 174 25 255
665 871 255 205 25 255
665 915 255 196 25 255
665 951 255 222 25 255
667 1121 25 255 126 255
667 1205 25 255 244 255
667 1277 25 255 191 255
668 733 25 194 255 255
668 1036 25 121 255 255
669 1168 25 163 255 255
670 1354 25 31 255 255
670 1388 25 35 255 255
671 1118 255 166 25 255
671 1268 255 126 25 255
672 885 65 255 25 255
672 930 44 255 25 255
672 1116 36 255 25 255
673 1237 94 255 25 255
673 1394 148 255 25 255
674 679 25 183 255 255
674 918 25 167 255 255
674 1047 25 196 255 255
674 1054 25 179 255 255
674 1120 25 175 255 255
674 1378 25 182 255 255
675 759 25 255 193 255
675 1366 25 255 195 255
676 1009 25 255 232 255
677 984 25 255 95 255
677 1178 25 255 100 255
677 1238 25 255 90 255
677 1266 25 255 65 255
678 1232 25 145 255 255
678 1389 25 155 255 255
679 987 25 180 255 255
679 1054 25 177 255 255
680 758 25 255 144 255
680 1041 25 255 178 255
680 1100 25 255 167 255
680 1291 25 255 113 255
681 692 25 255 60 255
681 812 25 255 107 255
681 999 56 255 25 255
681 1059 25 255 60 255
681 1224 56 255 25 255
681 1298 29 255 25 255
682 734 67 255 25 255
682 842 25 255 41 255
682 1257 25 255 25 255
683 1102 25 255 211 255
683 1241 25 251 255 255
684 906 255 168 25 255
684 972 255 170 25 255
684 1325 255 189 25 255
685 1373 25 255 52 255
686 749 255 131 25 255
687 722 25 139 255 255
687 838 25 157 255 255
687 948 25 131 255 255
687 1253 25 132 255 255
687 1390 25 144 255 255
688 926 25 255 31 255
688 1134 25 255 67 255
689 709 25 255 136 255
689 837 25 255 135 255
689 1201 25 255 139 255
689 1213 25 255 141 255
689 1225 25 255 162 255
689 1342 25 255 172 255
689 1344 25 255 120 255
691 1032 25 255 86 255
691 1227 127 255 25 255
692 703 25 255 106 255
692 810 25 255 56 255
692 1004 25 255 96 255
692 1224 49 255 25 255
693 746 205 255 25 255
693 920 239 255 25 255
693 1103 255 245 25 255
693 1295 199 255 25 255
694 1094 25 255 185 255
694 1274 25 255 205 255
696 727 25 255 248 255
696 728 25 255 149 255
696 941 25 255 196 255
696 978 25 255 135 255
696 1327 25 233 255 255
697 698 214 255 25 255
697 754 248 255 25 255
697 755 255 248 25 255
697 806 168 255 25 255
697 1114 255 252 25 255
698 760 216 255 25 255
698 806 145 255 25 255
699 790 25 138 255 255
699 1187 25 127 255 255
699 1253 25 127 255 255
700 829 25 100 255 255
700 1000 25 115 255 255
700 1187 25 115 255 255
700 1253 25 115 255 255
701 925 255 172 25 255
702 718 25 255 193 255
702 787 25 255 249 255
702 914 25 255 186 255
702 1271 25 255 182 255
703 816 25 255 139 255
703 971 25 255 152 255
703 1004 25 255 134 255
703 1075 25 255 141 255
704 1030 49 255 25 255
705 821 25 143 255 255
705 985 25 126 255 255
705 1230 25 139 255 255
706 1178 25 255 109 255
707 1276 172 255 25 255
708 895 25 255 145 255
708 1065 25 255 147 255
708 1082 25 255 108 255
708 1160 25 255 176 255
708 1279 25 255 147 255
708 1399 25 255 154 255
709 837 25 255 130 255
709 1201 25 255 134 255
710 1061 153 255 25 255
711 817 80 255 25 255
711 989 99 255 25 255
712 748 25 198 255 255
712 877 25 186 255 255
712 901 25 200 255 255
712 1045 25 210 255 255
713 848 25 44 255 255
713 1263 25 44 255 255
713 1282 25 39 255 255
714 761 25 255 167 255
714 762 25 255 168 255
714 812 25 255 176 255
714 868 25 255 196 255
714 962 25 255 186 255
714 967 25 255 191 255
715 730 202 255 25 255
716 748 25 197 255 255
716 778 25 193 255 255
716 1133 25 196 255 255
717 724 25 99 255 255
717 767 25 114 255 255
717 1214 25 97 255 255
717 1311 25 134 255 255
718 736 25 255 167 255
718 914 25 255 167 255
719 1026 25 255 73 255
719 1284 25 255 100 255
719 1329 25 255 100 255
719 1349 25 255 138 255
720 765 54 255 25 255
720 1140 42 255 25 255
720 1240 42 255 25 255
720 1250 45 255 25 255
721 957 25 215 255 255
721 1034 25 238 255 255
721 1159 25 178 255 255
721 1389 25 201 255 255
722 1253 25 133 255 255
722 1390 25 145 255 255
723 907 25 255 174 255
723 1100 25 255 175 255
724 767 25 90 255 255
724 1220 25 69 255 255
725 887 25 98 255 255
726 1339 25 212 255 255
726 1356 25 190 255 255
727 1327 25 195 255 255
728 800 25 255 81 255
728 978 25 255 73 255
729 776 25 255 53 255
729 929 25 255 143 255
729 956 25 255 107 255
729 967 25 255 157 255
729 1059 25 255 96 255
730 892 131 255 25 255
730 970 146 255 25 255
731 940 148 255 25 255
731 995 129 255 25 255
732 967 25 255 213 255
732 1003 25 255 233 255
732 1248 25 254 255 255
733 758 25 255 212 255
733 1041 25 255 246 255
734 1083 76 255 25 255
734 1154 89 255 25 255
734 1257 62 255 25 255
734 1328 140 255 25 255
734 1346 82 255 25 255
734 1367 84 255 25 255
735 773 255 145 25 255
735 1080 255 148 25 255
735 1165 255 173 25 255
736 842 25 255 110 255
736 1346 25 255 75 255
737 1066 25 255 201 255
737 1231 25 255 154 255
737 1321 25 255 209 255
738 819 25 252 255 255
738 820 25 250 255 255
738 952 25 252 255 255
738 1243 25 255 221 255
738 1382 25 250 255 255
739 783 25 245 255 255
740 854 100 25 255 255
740 1012 111 25 255 255
740 1353 90 25 255 255
741 894 25 255 209 255
741 1122 25 255 185 255
741 1166 25 255 134 255
742 1072 25 172 255 255
742 1332 25 218 255 255
742 1372 25 209 255 255
743 788 61 255 25 255
743 992 127 255 25 255
743 1026 49 255 25 255
744 1036 25 101 255 255
744 1205 25 147 255 255
745 777 25 255 173 255
745 1233 25 255 163 255
746 818 145 255 25 255
746 1126 161 255 25 255
746 1252 145 255 25 255
746 1295 153 255 25 255
747 1082 25 255 63 255
748 882 25 190 255 255
748 901 25 197 255 255
748 1045 25 208 255 255
748 1133 25 195 255 255
748 1355 25 187 255 255
749 1080 255 135 25 255
750 1396 25 255 102 255
751 1264 52 255 25 255
751 1266 25 255 30 255
751 1396 25 255 45 255
752 1051 255 223 25 255
752 1126 215 255 25 255
752 1131 223 255 25 255
752 1188 255 234 25 255
752 1381 255 230 25 255
753 1084 255 93 25 255
753 1181 255 130 25 255
753 1215 255 121 25 255
754 755 255 238 25 255
754 920 243 255 25 255
754 1103 255 241 25 255
754 1245 191 255 25 255
755 862 255 227 25 255
755 1114 255 229 25 255
756 1370 25 255 85 255
757 1348 85 255 25 255
758 1041 25 255 184 255
758 1291 25 255 119 255
759 1366 25 255 208 255
760 1392 231 255 25 255
761 762 25 255 142 255
761 1030 25 255 65 255
762 868 25 255 171 255
762 927 25 255 136 255
762 1030 25 255 65 255
763 795 25 255 90 255
763 1031 25 255 104 255
763 1195 25 255 59 255
763 1333 25 255 70 255
764 836 25 255 81 255
764 1092 25 255 37 255
764 1140 25 255 33 255
764 1240 25 255 33 255
764 1250 25 255 30 255
764 1310 25 255 32 255
765 902 66 255 25 255
765 1140 49 255 25 255
765 1147 152 255 25 255
765 1250 52 255 25 255
766 805 242 255 25 255
766 1088 255 237 25 255
768 772 25 255 63 255
768 864 25 255 206 255
768 1222 25 255 87 255
769 772 35 255 25 255
769 986 60 255 25 255
769 1222 25 255 39 255
770 855 25 255 48 255
770 1151 25 255 50 255
771 994 25 255 87 255
771 1105 25 255 83 255
772 1071 52 255 25 255
772 1222 25 255 32 255
773 798 255 138 25 255
773 1165 255 158 25 255
774 921 255 198 25 255
775 1013 91 255 25 255
776 866 133 255 25 255
776 956 25 255 34 255
778 861 25 207 255 255
778 882 25 185 255 255
778 1133 25 190 255 255
778 1305 25 183 255 255
779 900 25 115 255 255
779 969 25 105 255 255
779 1156 25 187 255 255
779 1300 25 107 255 255
780 1192 25 223 255 255
780 1280 25 206 255 255
780 1384 25 207 255 255
781 834 25 255 75 255
781 1096 47 255 25 255
783 868 25 255 224 255
783 1138 25 255 252 255
784 1017 25 255 179 255
784 1244 25 255 162 255
784 1271 25 255 168 255
784 1274 25 255 198 255
785 1005 25 119 255 255
786 1090 25 255 104 255
786 1176 25 255 119 255
786 1177 25 255 132 255
786 1380 25 255 109 255
788 992 110 255 25 255
788 1026 32 255 25 255
788 1166 25 255 48 255
788 1284 25 255 45 255
789 800 25 255 53 255
789 892 51 255 25 255
789 947 60 255 25 255
789 954 86 255 25 255
789 1247 25 255 41 255
790 838 25 162 255 255
790 1011 25 163 255 255
790 1173 25 152 255 255
790 1187 25 137 255 255
790 1368 25 147 255 255
791 901 25 192 255 255
791 1153 25 178 255 255
791 1185 25 176 255 255
791 1355 25 182 255 255
791 1379 25 177 255 255
793 919 25 255 25 255
794 797 25 255 193 255
794 939 25 255 190 255
794 974 25 255 230 255
794 1211 25 255 213 255
795 909 25 255 102 255
795 1031 25 255 118 255
795 1177 25 255 119 255
795 1195 25 255 73 255
796 1242 25 193 255 255
797 939 25 255 157 255
797 1167 25 255 120 255
797 1210 25 255 139 255
798 1015 255 132 25 255
798 1074 255 161 25 255
799 1097 25 231 255 255
799 1209 25 255 206 255
799 1262 25 255 208 255
799 1304 25 255 247 255
799 1376 25 255 228 255
800 892 29 255 25 255
801 898 133 255 25 255
801 1104 149 255 25 255
801 1264 115 255 25 255
801 1266 83 255 25 255
801 1322 130 255 25 255
802 803 25 255 86 255
802 867 25 255 116 255
802 932 25 255 72 255
802 988 25 255 104 255
802 1174 25 255 92 255
802 1206 25 255 70 255
802 1233 25 255 123 255
802 1333 25 255 80 255
803 833 25 255 29 255
803 988 25 255 93 255
803 1101 25 255 107 255
803 1174 25 255 81 255
803 1190 25 255 96 255
803 1206 25 255 58 255
803 1209 25 255 118 255
804 911 25 111 255 255
804 1068 25 123 255 255
806 1016 81 255 25 255
806 1208 88 255 25 255
806 1245 111 255 25 255
806 1330 90 255 25 255
806 1364 82 255 25 255
807 1090 25 255 66 255
807 1380 25 255 71 255
807 1395 25 255 53 255
808 865 132 255 25 255
809 849 25 255 143 255
809 853 25 255 82 255
810 870 25 255 88 255
810 1004 25 255 85 255
811 870 25 255 137 255
811 1130 25 255 144 255
811 1204 25 255 134 255
812 962 25 255 169 255
812 967 25 255 174 255
812 1059 25 255 113 255
813 1110 255 225 25 255
813 1118 255 210 25 255
813 1299 255 229 25 255
814 907 25 255 198 255
814 931 25 216 255 255
814 1100 25 255 199 255
815 874 25 255 41 255
815 1336 25 255 51 255
816 1004 25 255 130 255
816 1046 25 255 130 255
816 1075 25 255 136 255
816 1296 25 255 114 255
817 844 58 255 25 255
817 964 78 255 25 255
817 989 96 255 25 255
817 1164 69 255 25 255
818 1126 148 255 25 255
818 1193 123 255 25 255
819 820 25 248 255 255
819 952 25 250 255 255
819 1171 25 254 255 255
819 1382 25 249 255 255
820 1382 25 246 255 255
821 1230 25 142 255 255
821 1249 25 134 255 255
821 1312 25 153 255 255
822 1273 127 255 25 255
822 1276 166 255 25 255
822 1290 153 255 25 255
823 898 122 255 25 255
824 886 95 255 25 255
825 826 255 197 25 255
825 946 255 222 25 255
825 1074 255 181 25 255
826 997 255 231 25 255
826 1028 255 190 25 255
826 1060 255 229 25 255
826 1074 255 193 25 255
827 1056 255 196 25 255
827 1374 255 183 25 255
828 1229 255 245 25 255
828 1348 181 255 25 255
830 990 25 255 111 255
830 1055 25 255 99 255
830 1065 25 255 123 255
830 1279 25 255 124 255
831 840 255 236 25 255
831 1131 209 255 25 255
831 1188 255 248 25 255
832 1130 25 255 147 255
832 1163 25 255 137 255
832 1278 25 255 145 255
833 1023 75 255 25 255
833 1206 37 255 25 255
833 1266 43 255 25 255
833 1326 55 255 25 255
834 1102 25 255 140 255
836 955 25 255 122 255
836 1035 25 255 114 255
836 1152 25 255 117 255
836 1250 25 255 57 255
837 1278 25 255 135 255
837 1344 25 255 114 255
838 979 25 181 255 255
839 1094 25 255 168 255
840 1051 255 203 25 255
840 1188 255 214 25 255
841 1079 51 255 25 255
841 1095 82 255 25 255
842 1073 25 255 50 255
842 1083 25 255 31 255
842 1257 25 255 45 255
842 1346 25 255 25 255
843 1349 25 255 176 255
844 1027 43 255 25 255
844 1082 25 255 34 255
844 1164 50 255 25 255
844 1380 25 255 49 255
844 1399 25 255 79 255
845 846 197 255 25 255
845 878 166 255 25 255
845 981 155 255 25 255
845 1180 148 255 25 255
845 1265 167 255 25 255
846 897 212 255 25 255
846 997 241 255 25 255
846 1180 177 255 25 255
847 921 255 203 25 255
847 1362 255 243 25 255
848 1228 25 45 255 255
848 1263 25 34 255 255
849 853 25 255 97 255
849 1189 25 255 136 255
850 915 255 170 25 255
850 1215 255 136 25 255
851 883 221 255 25 255
851 950 163 255 25 255
851 1119 172 255 25 255
851 1221 165 255 25 255
852 854 69 25 255 255
852 858 100 25 255 255
852 961 25 36 255 255
852 1005 25 29 255 255
852 1068 25 42 255 255
852 1099 95 25 255 255
853 995 65 255 25 255
854 858 104 25 255 255
854 1005 25 25 255 255
855 1116 25 255 39 255
855 1151 25 255 49 255
855 1163 25 255 87 255
855 1219 25 255 74 255
856 857 46 255 25 255
856 1258 45 255 25 255
857 1016 55 255 25 255
859 1007 103 255 25 255
859 1030 83 255 25 255
859 1198 97 255 25 255
859 1245 114 255 25 255
859 1270 111 255 25 255
859 1295 126 255 25 255
859 1307 104 255 25 255
860 1137 25 255 77 255
861 1305 25 202 255 255
861 1342 25 255 243 255
861 1357 25 245 255 255
862 942 255 226 25 255
862 1114 255 230 25 255
863 1026 65 255 25 255
863 1058 138 255 25 255
864 1345 25 255 240 255
866 891 223 255 25 255
866 977 162 255 25 255
866 1044 158 255 25 255
866 1340 159 255 25 255
867 988 25 255 123 255
867 1101 25 255 137 255
867 1209 25 255 149 255
867 1233 25 255 142 255
868 927 25 255 164 255
869 1062 25 255 88 255
869 1094 25 255 146 255
870 1004 25 255 128 255
870 1046 25 255 128 255
870 1204 25 255 128 255
871 915 255 201 25 255
871 951 255 227 25 255
871 1098 255 216 25 255
871 1155 255 215 25 255
872 973 25 255 157 255
872 1343 25 255 180 255
873 1348 25 255 26 255
875 1228 25 90 255 255
875 1316 25 154 255 255
876 933 25 255 221 255
876 975 25 239 255 255
876 1067 25 255 197 255
876 1127 25 255 225 255
876 1313 25 251 255 255
876 1335 25 255 234 255
877 904 25 181 255 255
877 1168 25 173 255 255
878 1180 147 255 25 255
878 1289 157 255 25 255
879 1042 65 255 25 255
879 1091 123 255 25 255
879 1166 25 255 32 255
879 1180 102 255 25 255
879 1393 37 255 25 255
881 899 25 255 249 255
881 1006 25 255 232 255
881 1341 25 255 240 255
882 1133 25 188 255 255
882 1223 25 159 255 255
882 1355 25 180 255 255
883 983 255 249 25 255
883 1146 255 220 25 255
883 1299 255 246 25 255
883 1309 255 234 25 255
884 1375 25 255 25 255
888 952 25 255 252 255
888 1171 25 255 248 255
889 1058 176 255 25 255
890 1121 25 255 105 255
891 1056 255 227 25 255
891 1114 255 246 25 255
891 1293 255 251 25 255
892 954 118 255 25 255
892 970 99 255 25 255
893 1179 25 255 231 255
893 1318 25 249 255 255
893 1366 25 255 227 255
894 1122 25 255 216 255
894 1343 25 255 224 255
895 1065 25 255 132 255
896 1237 91 255 25 255
896 1394 144 255 25 255
897 997 227 255 25 255
897 1180 163 255 25 255
898 1266 70 255 25 255
899 1226 25 249 255 255
899 1341 25 255 251 255
900 1072 25 134 255 255
900 1081 25 106 255 255
900 1300 25 102 255 255
901 1355 25 188 255 255
902 1033 32 255 25 255
902 1250 58 255 25 255
902 1377 76 255 25 255
903 1286 25 65 255 255
903 1388 25 53 255 255
904 960 25 193 255 255
904 1168 25 182 255 255
904 1301 25 193 255 255
904 1379 25 179 255 255
905 951 255 226 25 255
905 993 255 250 25 255
905 1155 255 213 25 255
905 1331 247 255 25 255
906 1325 255 202 25 255
907 1111 25 255 169 255
908 1086 25 226 255 255
908 1117 25 255 140 255
909 1176 25 255 103 255
909 1177 25 255 116 255
911 1068 25 86 255 255
911 1081 25 88 255 255
911 1087 48 25 255 255
912 977 121 255 25 255
912 1044 118 255 25 255
912 1132 82 255 25 255
912 1340 119 255 25 255
913 1064 255 205 25 255
913 1107 255 183 25 255
913 1350 255 204 25 255
913 1363 255 194 25 255
914 1244 25 255 150 255
914 1271 25 255 156 255
915 1053 255 189 25 255
915 1098 255 207 25 255
916 1086 25 92 255 255
916 1217 25 98 255 255
918 1011 25 164 255 255
918 1029 25 149 255 255
918 1047 25 180 255 255
918 1173 25 153 255 255
918 1200 25 153 255 255
918 1352 25 146 255 255
918 1368 25 147 255 255
919 1062 25 255 36 255
920 1103 252 255 25 255
920 1245 175 255 25 255
920 1295 187 255 25 255
921 1325 255 205 25 255
922 939 25 255 160 255
922 1160 25 255 179 255
922 1211 25 255 182 255
923 1025 25 255 26 255
925 1203 255 172 25 255
928 1127 25 255 162 255
928 1128 25 255 139 255
928 1380 25 255 105 255
928 1399 25 255 136 255
929 956 25 255 123 255
929 1003 25 255 193 255
930 1063 29 255 25 255
930 1116 28 255 25 255
931 1050 25 99 255 255
931 1086 25 118 255 255
931 1100 25 219 255 255
932 1206 25 255 45 255
932 1333 25 255 56 255
933 1067 25 255 168 255
933 1335 25 255 205 255
933 1360 25 255 204 255
934 975 25 217 255 255
935 1134 25 255 83 255
936 976 61 255 25 255
936 1071 63 255 25 255
936 1202 86 255 25 255
937 1091 172 255 25 255
937 1361 174 255 25 255
938 1019 127 255 25 255
939 1078 25 255 141 255
939 1210 25 255 137 255
939 1211 25 255 177 255
940 995 135 255 25 255
940 1002 158 255 25 255
941 978 25 255 121 255
942 1043 255 218 25 255
943 1288 71 255 25 255
944 945 31 255 25 255
944 1370 25 255 70 255
945 1018 90 255 25 255
945 1294 127 255 25 255
945 1331 131 255 25 255
945 1370 25 255 31 255
946 1080 255 197 25 255
946 1104 200 255 25 255
946 1165 255 223 25 255
947 954 127 255 25 255
947 1247 50 255 25 255
948 1223 25 130 255 255
948 1253 25 125 255 255
949 983 255 247 25 255
950 1076 113 255 25 255
950 1221 138 255 25 255
951 1155 255 232 25 255
951 1294 225 255 25 255
951 1331 229 255 25 255
952 1171 25 253 255 255
953 1122 25 255 190 255
955 1035 25 255 128 255
955 1052 25 255 196 255
955 1152 25 255 132 255
955 1357 25 255 192 255
958 1079 25 255 59 255
958 1275 25 255 73 255
958 1291 25 255 84 255
958 1387 25 255 66 255
959 1013 108 255 25 255
959 1076 105 255 25 255
960 1153 25 183 255 255
960 1301 25 197 255 255
960 1379 25 182 255 255
960 1385 25 199 255 255
961 1068 25 93 255 255
961 1327 25 127 255 255
962 971 25 255 170 255
963 1335 25 255 229 255
963 1358 25 255 200 255
963 1360 25 255 228 255
964 989 96 255 25 255
964 1027 63 255 25 255
964 1164 70 255 25 255
965 1289 152 255 25 255
966 1136 25 211 255 255
966 1319 25 210 255 255
967 1059 25 255 127 255
968 1124 255 252 25 255
969 1282 25 57 255 255
969 1300 25 92 255 255
971 1075 25 255 149 255
972 1038 255 198 25 255
972 1169 255 229 25 255
973 1009 25 255 194 255
973 1343 25 255 186 255
974 1160 25 255 214 255
974 1184 25 234 255 255
974 1211 25 255 217 255
975 1313 25 231 255 255
977 1044 125 255 25 255
977 1340 125 255 25 255
978 1157 43 255 25 255
979 1305 25 182 255 255
980 1186 25 189 255 255
980 1217 25 149 255 255
980 1243 25 249 255 255
980 1324 25 170 255 255
981 1265 154 255 25 255
982 1079 25 255 35 255
982 1095 46 255 25 255
982 1111 25 255 88 255
982 1121 25 255 62 255
983 1146 255 212 25 255
984 1178 25 255 95 255
984 1191 25 255 118 255
984 1238 25 255 85 255
985 1249 25 117 255 255
987 1054 25 176 255 255
988 1101 25 255 125 255
988 1190 25 255 115 255
990 1279 25 255 122 255
991 1078 25 255 139 255
992 1010 217 255 25 255
992 1144 172 255 25 255
992 1347 186 255 25 255
993 1018 163 255 25 255
993 1331 204 255 25 255
995 1002 139 255 25 255
995 1161 99 255 25 255
995 1315 80 255 25 255
996 1039 25 255 33 255
996 1048 162 255 25 255
996 1092 64 255 25 255
996 1255 51 255 25 255
997 1074 255 215 25 255
998 1106 25 220 255 255
998 1145 25 229 255 255
998 1228 25 138 255 255
999 1212 121 255 25 255
999 1224 115 255 25 255
999 1298 89 255 25 255
1000 1187 25 126 255 255
1002 1199 183 255 25 255
1003 1106 25 251 255 255
1003 1148 25 250 255 255
1003 1248 25 255 249 255
1004 1046 25 255 125 255
1006 1077 25 255 220 255
1006 1341 25 255 234 255
1007 1198 95 255 25 255
1007 1245 112 255 25 255
1007 1281 95 255 25 255
1008 1136 25 227 255 255
1008 1194 25 237 255 255
1008 1320 25 238 255 255
1011 1173 25 167 255 255
1012 1353 74 25 255 255
1013 1076 94 255 25 255
1014 1034 25 245 255 255
1014 1159 25 184 255 255
1014 1179 25 255 249 255
1014 1318 25 231 255 255
1015 1283 255 120 25 255
1016 1364 64 255 25 255
1017 1271 25 255 163 255
1017 1274 25 255 193 255
1018 1331 151 255 25 255
1021 1175 25 191 255 255
1021 1235 25 201 255 255
1021 1236 25 190 255 255
1021 1365 25 166 255 255
1022 1226 25 254 255 255
1023 1326 64 255 25 255
1024 1191 25 255 178 255
1024 1262 25 255 187 255
1024 1304 25 255 226 255
1024 1306 25 255 226 255
1025 1105 25 255 41 255
1026 1284 25 255 57 255
1027 1082 25 255 30 255
1027 1164 53 255 25 255
1028 1060 255 210 25 255
1028 1287 255 181 25 255
1029 1251 25 145 255 255
1029 1352 25 145 255 255
1029 1368 25 146 255 255
1030 1198 75 255 25 255
1030 1281 75 255 25 255
1030 1330 71 255 25 255
1031 1067 25 255 138 255
1031 1177 25 255 133 255
1031 1358 25 255 147 255
1033 1152 25 255 93 255
1033 1250 25 255 33 255
1033 1288 32 255 25 255
1033 1344 25 255 79 255
1033 1377 35 255 25 255
1034 1040 25 241 255 255
1034 1108 25 255 219 255
1034 1159 25 200 255 255
1034 1179 25 255 234 255
1034 1359 25 255 216 255
1035 1218 25 255 120 255
1036 1269 25 68 255 255
1037 1172 68 255 25 255
1037 1383 76 255 25 255
1038 1169 255 242 25 255
1039 1218 25 255 117 255
1039 1255 25 255 79 255
1040 1052 25 238 255 255
1040 1232 25 194 255 255
1041 1100 25 255 207 255
1042 1393 27 255 25 255
1043 1103 255 221 25 255
1044 1132 86 255 25 255
1044 1298 92 255 25 255
1044 1371 90 255 25 255
1045 1357 25 241 255 255
1046 1204 25 255 125 255
1047 1120 25 188 255 255
1047 1305 25 193 255 255
1048 1085 253 255 25 255
1048 1147 235 255 25 255
1048 1302 226 255 25 255
1048 1351 254 255 25 255
1050 1269 25 60 255 255
1051 1188 255 214 25 255
1051 1381 255 211 25 255
1053 1064 255 200 25 255
1053 1085 255 209 25 255
1053 1098 255 204 25 255
1053 1107 255 178 25 255
1053 1363 255 189 25 255
1054 1342 25 240 255 255
1054 1378 25 176 255 255
1055 1089 25 255 86 255
1057 1109 165 255 25 255
1057 1265 163 255 25 255
1059 1132 25 255 33 255
1059 1298 25 255 27 255
1059 1371 25 255 29 255
1060 1287 255 219 25 255
1061 1207 139 255 25 255
1062 1256 25 255 70 255
1063 1116 25 255 29 255
1063 1275 25 255 47 255
1064 1085 255 222 25 255
1064 1350 255 212 25 255
1064 1363 255 202 25 255
1065 1279 25 255 135 255
1066 1321 25 255 227 255
1067 1127 25 255 172 255
1067 1177 25 255 139 255
1068 1327 25 133 255 255
1069 1070 25 44 255 255
1071 1202 85 255 25 255
1072 1081 25 130 255 255
1073 1257 25 255 34 255
1075 1296 25 255 116 255
1078 1210 25 255 124 255
1079 1095 44 255 25 255
1079 1387 25 255 44 255
1080 1165 255 160 25 255
1082 1279 25 255 96 255
1082 1399 25 255 102 255
1083 1346 54 255 25 255
1083 1367 57 255 25 255
1084 1215 255 96 25 255
1085 1098 255 226 25 255
1085 1350 255 221 25 255
1085 1351 255 230 25 255
1086 1200 25 133 255 255
1089 1158 25 255 100 255
1090 1176 25 255 92 255
1090 1395 25 255 62 255
1092 1310 35 255 25 255
1093 1161 39 255 25 255
1093 1267 25 255 48 255
1094 1397 25 255 158 255
1096 1361 133 255 25 255
1097 1365 25 178 255 255
1097 1376 25 253 255 255
1101 1190 25 255 128 255
1101 1209 25 255 150 255
1104 1322 132 255 25 255
1104 1361 163 255 25 255
1106 1148 25 219 255 255
1107 1363 255 180 25 255
1108 1179 25 255 204 255
1108 1260 25 255 184 255
1108 1359 25 255 186 255
1109 1265 168 255 25 255
1109 1323 176 255 25 255
1109 1334 168 255 25 255
1110 1118 255 213 25 255
1111 1121 25 255 117 255
1112 1192 25 239 255 255
1114 1293 255 238 25 255
1115 1124 255 217 25 255
1115 1149 255 228 25 255
1116 1163 25 255 78 255
1116 1275 25 255 48 255
1116 1387 25 255 40 255
1117 1183 25 255 91 255
1117 1225 25 255 148 255
1118 1268 255 157 25 255
1118 1299 255 217 25 255
1119 1221 147 255 25 255
1120 1305 25 172 255 255
1120 1378 25 173 255 255
1122 1292 25 255 145 255
1123 1270 119 255 25 255
1123 1295 134 255 25 255
1124 1147 255 242 25 255
1125 1273 104 255 25 255
1125 1290 130 255 25 255
1127 1128 25 255 177 255
1127 1177 25 255 167 255
1127 1399 25 255 174 255
1129 1134 25 255 119 255
1129 1349 25 255 147 255
1130 1278 25 255 143 255
1131 1188 231 255 25 255
1132 1371 54 255 25 255
1135 1189 25 255 129 255
1135 1267 25 255 93 255
1135 1315 25 255 75 255
1135 1332 25 255 203 255
1136 1194 25 219 255 255
1136 1297 25 204 255 255
1136 1301 25 203 255 255
1136 1319 25 208 255 255
1136 1320 25 220 255 255
1139 1216 25 202 255 255
1139 1234 25 211 255 255
1139 1280 25 208 255 255
1140 1240 38 255 25 255
1140 1310 39 255 25 255
1141 1142 25 117 255 255
1141 1286 25 88 255 255
1141 1354 25 72 255 255
1141 1369 25 99 255 255
1142 1356 25 153 255 255
1142 1369 25 113 255 255
1143 1375 38 255 25 255
1144 1323 175 255 25 255
1144 1334 167 255 25 255
1144 1347 182 255 25 255
1145 1317 25 242 255 255
1146 1309 255 197 25 255
1148 1248 25 227 255 255
1151 1183 25 255 60 255
1151 1219 25 255 76 255
1151 1373 25 255 58 255
1152 1250 25 255 67 255
1152 1344 25 255 113 255
1153 1261 25 168 255 255
1153 1379 25 168 255 255
1154 1346 67 255 25 255
1156 1197 25 255 197 255
1157 1170 95 255 25 255
1157 1338 130 255 25 255
1158 1196 25 255 129 255
1158 1246 25 255 122 255
1160 1211 25 255 197 255
1161 1267 46 255 25 255
1161 1315 64 255 25 255
1162 1383 61 255 25 255
1163 1219 25 255 113 255
1166 1292 25 255 94 255
1166 1393 25 255 70 255
1168 1301 25 186 255 255
1169 1203 255 235 25 255
1169 1338 201 255 25 255
1170 1338 130 255 25 255
1171 1382 25 251 255 255
1172 1383 55 255 25 255
1173 1368 25 150 255 255
1174 1206 25 255 65 255
1175 1235 25 213 255 255
1175 1236 25 202 255 255
1175 1304 25 235 255 255
1176 1177 25 255 120 255
1178 1266 25 255 65 255
1179 1318 25 255 248 255
1179 1366 25 255 215 255
1181 1215 255 134 25 255
1181 1350 255 177 25 255
1181 1351 255 186 25 255
1185 1223 25 151 255 255
1185 1355 25 172 255 255
1186 1214 25 136 255 255
1186 1324 25 183 255 255
1187 1253 25 126 255 255
1189 1315 25 255 59 255
1191 1209 25 255 154 255
1191 1262 25 255 155 255
1195 1395 25 255 45 255
1196 1246 25 255 137 255
1197 1391 25 255 113 255
1198 1281 89 255 25 255
1199 1328 190 255 25 255
1200 1352 25 149 255 255
1201 1213 25 255 139 255
1202 1207 125 255 25 255
1205 1277 25 235 255 255
1206 1326 26 255 25 255
1208 1330 79 255 25 255
1208 1364 71 255 25 255
1209 1262 25 255 163 255
1209 1376 25 255 184 255
1212 1224 121 255 25 255
1212 1308 129 255 25 255
1213 1225 25 255 162 255
1214 1220 25 66 255 255
1216 1234 25 200 255 255
1216 1259 25 179 255 255
1216 1280 25 196 255 255
1216 1384 25 198 255 255
1217 1243 25 223 255 255
1222 1345 25 255 121 255
1223 1230 25 137 255 255
1223 1355 25 157 255 255
1224 1308 123 255 25 255
1225 1342 25 255 192 255
1226 1297 25 224 255 255
1226 1320 25 240 255 255
1226 1341 25 255 250 255
1227 1302 215 255 25 255
1227 1351 242 255 25 255
1228 1263 25 45 255 255
1233 1333 25 255 107 255
1234 1259 25 188 255 255
1234 1386 25 202 255 255
1235 1304 25 245 255 255
1235 1306 25 245 255 255
1238 1266 25 255 55 255
1239 1285 25 255 200 255
1240 1250 41 255 25 255
1243 1255 25 255 115 255
1244 1271 25 255 146 255
1245 1281 106 255 25 255
1245 1295 135 255 25 255
1245 1330 102 255 25 255
1251 1311 25 143 255 255
1251 1352 25 142 255 255
1253 1390 25 138 255 255
1254 1316 25 171 255 255
1256 1397 25 255 114 255
1259 1386 25 181 255 255
1260 1359 25 255 181 255
1261 1312 25 164 255 255
1262 1304 25 255 204 255
1263 1282 25 29 255 255
1264 1266 52 255 25 255
1264 1322 99 255 25 255
1266 1396 25 255 45 255
1267 1315 27 255 25 255
1268 1299 255 176 25 255
1268 1309 255 164 25 255
1270 1295 132 255 25 255
1270 1307 110 255 25 255
1273 1290 118 255 25 255
1275 1291 25 255 77 255
1275 1387 25 255 58 255
1276 1290 157 255 25 255
1278 1344 25 255 120 255
1280 1384 25 204 255 255
1281 1330 85 255 25 255
1286 1354 25 58 255 255
1286 1369 25 85 255 255
1286 1388 25 61 255 255
1288 1377 76 255 25 255
1294 1331 188 255 25 255
1296 1337 25 255 66 255
1297 1320 25 214 255 255
1298 1371 60 255 25 255
1299 1309 255 223 25 255
1301 1319 25 202 255 255
1301 1385 25 199 255 255
1302 1351 253 255 25 255
1303 1374 255 222 25 255
1303 1392 228 255 25 255
1304 1306 25 255 243 255
1305 1342 25 242 255 255
1305 1378 25 179 255 255
1313 1335 25 255 243 255
1318 1356 25 205 255 255
1319 1385 25 204 255 255
1323 1334 174 255 25 255
1323 1347 189 255 25 255
1335 1360 25 255 217 255
1342 1357 25 255 225 255
1342 1378 25 243 255 255
1350 1351 255 220 25 255
1354 1388 25 45 255 255
1358 1360 25 255 189 255
1380 1399 25 255 117 255
TRANSFORM
0 0 0
0 0 0
5 5 5